Время доставки,Дата доставки,Магазин,Id заявки,Id клиента,Сумма скидки,Тип оплаты,Сумма заказа,Итоговая сумма,Пол клиента,Дата рождения клиента,Продукт категория,Наименование продукта,проверка суммы,Координаты
09:04:00,2024-01-01 00:00:00,"Гагаринская ул., 12",1532,10,"172,602",Карта,"575,34","402,738",Женский,27-04-1998,Путеводители,Мексика,TRUE,"[59.946153, 30.342916]"
11:00:07,2024-01-01 00:00:00,"Ул. Декабристов, 15",2108,421,"155,145",Карта,"517,15","362,005",Женский,04-03-1986,Учебники,Химия 9 класс,TRUE,"[59.928154, 30.302429]"
14:00:00,2024-01-01 00:00:00,"Гагаринская ул., 12",2435,226,"153,042",Наличные,"510,14","357,098",Женский,18-06-1964,Комиксы,Доктор Стрэндж,TRUE,"[59.946153, 30.342916]"
22:06:40,2024-01-01 00:00:00,"Невский пр., 30",4240,138,"184,773",Карта,"615,91","431,137",Мужской,11-09-1999,Путеводители,Швейцария,TRUE,"[59.935543, 30.327349]"
15:43:31,2024-01-01 00:00:00,"Гагаринская ул., 12",6442,455,"206,934",Наличные,"689,78","482,846",Мужской,01-02-1982,Научная литература,Философия науки,TRUE,"[59.946153, 30.342916]"
15:38:00,2024-01-02 00:00:00,"Невский пр., 30",2588,463,"283,53",Онлайн,"945,1","661,57",Женский,23-06-1964,Комиксы,Человек-Паук,TRUE,"[59.935543, 30.327349]"
06:32:43,2024-01-02 00:00:00,"Невский пр., 30",2776,312,"157,113",Карта,"523,71","366,597",Женский,12-04-1999,Учебники,География 6 класс,TRUE,"[59.935543, 30.327349]"
05:16:20,2024-01-02 00:00:00,"Ул. Декабристов, 15",4538,40,"240,984",Онлайн,"803,28","562,296",Мужской,08-07-1979,Комиксы,Бэтмен,TRUE,"[59.928154, 30.302429]"
01:00:37,2024-01-02 00:00:00,"Ул. Декабристов, 15",6622,387,"180,177",Карта,"600,59","420,413",Женский,21-10-1994,Комиксы,Бэтмен,TRUE,"[59.928154, 30.302429]"
14:07:21,2024-01-02 00:00:00,"Невский пр., 30",7344,72,"186,4",Карта,"786,89","600,49",Мужской,04-10-1977,Художественная литература,Отцы и дети,TRUE,"[59.935543, 30.327349]"
05:22:25,2024-01-02 00:00:00,"Ул. Рубинштейна, 24",8700,482,"111,53",Онлайн,"583,61","472,08",Женский,29-08-1974,Комиксы,Супермен,TRUE,"[59.929700, 30.344695]"
23:08:53,2024-01-02 00:00:00,"Гагаринская ул., 12",9394,246,"346,479",Онлайн,"1154,93","808,451",Мужской,27-12-1971,Художественная литература,Мастер и Маргарита,TRUE,"[59.946153, 30.342916]"
12:07:25,2024-01-03 00:00:00,"Гагаринская ул., 12",1435,5,"186,015",Онлайн,"620,05","434,035",Мужской,30-03-1955,Научная литература,Микробиология,TRUE,"[59.946153, 30.342916]"
20:08:05,2024-01-03 00:00:00,"Гагаринская ул., 12",1949,400,"161,148",Карта,"537,16","376,012",Мужской,02-12-1977,Научная литература,Палеонтология,TRUE,"[59.946153, 30.342916]"
15:16:55,2024-01-03 00:00:00,"Невский пр., 30",2958,377,"199,74",Онлайн,"665,8","466,06",Мужской,28-11-1966,Путеводители,Турция,TRUE,"[59.935543, 30.327349]"
16:00:04,2024-01-03 00:00:00,"Ул. Рубинштейна, 24",3607,225,"51,25",Наличные,"512,5","461,25",Женский,25-01-1991,Научная литература,Микробиология,TRUE,"[59.929700, 30.344695]"
06:49:55,2024-01-03 00:00:00,"Гагаринская ул., 12",5422,99,"353,358",Наличные,"1177,86","824,502",Женский,17-03-1976,Научная литература,Экономика труда,TRUE,"[59.946153, 30.342916]"
23:05:34,2024-01-03 00:00:00,"Невский пр., 30",6707,321,"60,89",Онлайн,"576,5","515,61",Мужской,11-08-1982,Научная литература,Микробиология,TRUE,"[59.935543, 30.327349]"
13:04:14,2024-01-03 00:00:00,"Гагаринская ул., 12",6851,109,"142,22",Наличные,"518,09","375,87",Мужской,25-04-1969,Научная литература,Микробиология,TRUE,"[59.946153, 30.342916]"
02:24:26,2024-01-03 00:00:00,"Гагаринская ул., 12",6871,344,"182,676",Карта,"608,92","426,244",Женский,08-01-1996,Учебники,География 6 класс,TRUE,"[59.946153, 30.342916]"
12:30:57,2024-01-03 00:00:00,"Ул. Декабристов, 15",9195,206,"189,468",Наличные,"631,56","442,092",Женский,16-04-1994,Путеводители,Индонезия,TRUE,"[59.928154, 30.302429]"
06:04:22,2024-01-03 00:00:00,"Гагаринская ул., 12",9881,112,"129,9",Наличные,"758,37","628,47",Мужской,04-06-1985,Научная литература,Палеонтология,TRUE,"[59.946153, 30.342916]"
10:17:22,2024-01-04 00:00:00,"Ул. Декабристов, 15",1520,340,"96,75",Карта,"1518,53","1421,78",Женский,02-03-1971,Путеводители,Швейцария,TRUE,"[59.928154, 30.302429]"
11:12:48,2024-01-04 00:00:00,"Гагаринская ул., 12",3320,1,"151,26",Карта,"504,2","352,94",Женский,12-02-2003,Учебники,Химия 9 класс,TRUE,"[59.946153, 30.342916]"
01:29:00,2024-01-04 00:00:00,"Московский пр., 90",5134,294,"61,85",Наличные,"592,13","530,28",Женский,09-04-2002,Комиксы,Доктор Стрэндж,TRUE,"[59.924032, 30.317189]"
10:04:50,2024-01-04 00:00:00,"Ул. Рубинштейна, 24",5189,491,"189,309",Наличные,"631,03","441,721",Мужской,01-12-1990,Путеводители,Турция,TRUE,"[59.929700, 30.344695]"
15:38:56,2024-01-04 00:00:00,"Московский пр., 90",6043,153,"191,502",Онлайн,"638,34","446,838",Мужской,21-12-1999,Комиксы,Бэтмен,TRUE,"[59.924032, 30.317189]"
00:50:44,2024-01-04 00:00:00,"Невский пр., 30",7104,348,"81,27",Наличные,"647,16","565,89",Мужской,05-04-1987,Учебники,История России 10 класс,TRUE,"[59.935543, 30.327349]"
02:31:53,2024-01-04 00:00:00,"Московский пр., 90",7476,192,"194,484",Карта,"648,28","453,796",Мужской,03-03-1973,Научная литература,Микробиология,TRUE,"[59.924032, 30.317189]"
17:54:48,2024-01-05 00:00:00,"Ул. Декабристов, 15",1579,491,"224,514",Наличные,"748,38","523,866",Мужской,01-12-1990,Комиксы,Человек-Паук,TRUE,"[59.928154, 30.302429]"
00:16:44,2024-01-05 00:00:00,"Невский пр., 30",1639,491,"209,991",Наличные,"699,97","489,979",Мужской,01-12-1990,Научная литература,Квантовая физика,TRUE,"[59.935543, 30.327349]"
12:31:25,2024-01-05 00:00:00,"Ул. Рубинштейна, 24",2367,346,"42,27",Карта,"578,34","536,07",Женский,11-06-2000,Путеводители,Мексика,TRUE,"[59.929700, 30.344695]"
12:07:49,2024-01-05 00:00:00,"Гагаринская ул., 12",7370,407,"185,079",Онлайн,"616,93","431,851",Женский,11-05-1984,Художественная литература,Обломов,TRUE,"[59.946153, 30.342916]"
17:38:48,2024-01-05 00:00:00,"Ул. Декабристов, 15",8838,304,"260,925",Карта,"869,75","608,825",Женский,25-08-2006,Путеводители,Швейцария,TRUE,"[59.928154, 30.302429]"
18:26:32,2024-01-05 00:00:00,"Невский пр., 30",9383,338,"240,129",Наличные,"800,43","560,301",Мужской,21-08-1983,Путеводители,Мексика,TRUE,"[59.935543, 30.327349]"
16:28:23,2024-01-05 00:00:00,"Невский пр., 30",9788,259,"73,81",Онлайн,"510,33","436,52",Мужской,10-10-1974,Художественная литература,Мастер и Маргарита,TRUE,"[59.935543, 30.327349]"
21:17:28,2024-01-06 00:00:00,"Гагаринская ул., 12",2630,40,"211,812",Карта,"706,04","494,228",Мужской,08-07-1979,Научная литература,Квантовая физика,TRUE,"[59.946153, 30.342916]"
05:11:00,2024-01-06 00:00:00,"Ул. Рубинштейна, 24",2790,306,"155,427",Онлайн,"518,09","362,663",Мужской,05-01-1961,Научная литература,Микробиология,TRUE,"[59.929700, 30.344695]"
05:43:18,2024-01-06 00:00:00,"Московский пр., 90",3131,76,"64,8",Карта,"647,95","583,15",Женский,19-01-1958,Научная литература,Философия науки,TRUE,"[59.924032, 30.317189]"
14:41:07,2024-01-06 00:00:00,"Ул. Рубинштейна, 24",7050,148,"346,479",Наличные,"1154,93","808,451",Мужской,29-06-1967,Художественная литература,Мастер и Маргарита,TRUE,"[59.929700, 30.344695]"
20:14:55,2024-01-06 00:00:00,"Московский пр., 90",7122,430,"38,88",Карта,"570,64","531,76",Мужской,07-07-1980,Учебники,Алгебра 7 класс,TRUE,"[59.924032, 30.317189]"
17:41:21,2024-01-06 00:00:00,"Ул. Декабристов, 15",7201,352,"101,37",Карта,"549,07","447,7",Женский,19-08-1980,Путеводители,Мексика,TRUE,"[59.928154, 30.302429]"
00:00:40,2024-01-06 00:00:00,"Ул. Декабристов, 15",8197,79,"80,92",Карта,"606,44","525,52",Женский,21-03-2005,Путеводители,Италия,TRUE,"[59.928154, 30.302429]"
07:37:46,2024-01-07 00:00:00,"Невский пр., 30",2398,237,"218,64",Онлайн,"856,72","638,08",Женский,25-01-1974,Комиксы,Супермен,TRUE,"[59.935543, 30.327349]"
07:24:42,2024-01-07 00:00:00,"Московский пр., 90",3334,354,"158,41",Наличные,"600,59","442,18",Мужской,04-10-1989,Комиксы,Бэтмен,TRUE,"[59.924032, 30.317189]"
23:07:48,2024-01-07 00:00:00,"Невский пр., 30",4618,112,"101,54",Карта,"1060,35","958,81",Мужской,04-06-1985,Учебники,История России 10 класс,TRUE,"[59.935543, 30.327349]"
10:46:26,2024-01-07 00:00:00,"Ул. Декабристов, 15",6884,374,"87,46",Наличные,729,"641,54",Мужской,28-06-1975,Учебники,География 6 класс,TRUE,"[59.928154, 30.302429]"
16:21:09,2024-01-07 00:00:00,"Ул. Декабристов, 15",8395,139,"240,195",Карта,"800,65","560,455",Мужской,22-08-1989,Учебники,История России 10 класс,TRUE,"[59.928154, 30.302429]"
04:03:56,2024-01-07 00:00:00,"Гагаринская ул., 12",9566,33,115,Онлайн,"731,94","616,94",Мужской,27-11-1995,Художественная литература,Лолита,TRUE,"[59.946153, 30.342916]"
06:51:27,2024-01-07 00:00:00,"Невский пр., 30",9693,18,"167,571",Карта,"558,57","390,999",Женский,27-04-1959,Учебники,География 6 класс,TRUE,"[59.935543, 30.327349]"
06:04:06,2024-01-08 00:00:00,"Ул. Декабристов, 15",1024,491,"115,19",Наличные,"788,75","673,56",Мужской,01-12-1990,Художественная литература,Отцы и дети,TRUE,"[59.928154, 30.302429]"
20:26:20,2024-01-08 00:00:00,"Московский пр., 90",2765,408,"131,55",Наличные,"1177,86","1046,31",Мужской,07-02-1961,Научная литература,Экономика труда,TRUE,"[59.924032, 30.317189]"
08:03:24,2024-01-08 00:00:00,"Ул. Рубинштейна, 24",4179,326,"257,016",Наличные,"856,72","599,704",Мужской,31-10-1962,Комиксы,Супермен,TRUE,"[59.929700, 30.344695]"
10:11:02,2024-01-08 00:00:00,"Невский пр., 30",4226,487,"62,04",Онлайн,"555,51","493,47",Женский,20-07-1997,Учебники,Алгебра 7 класс,TRUE,"[59.935543, 30.327349]"
04:26:12,2024-01-08 00:00:00,"Гагаринская ул., 12",6314,413,"102,69",Карта,"684,58","581,89",Женский,17-05-1994,Научная литература,Палеонтология,TRUE,"[59.946153, 30.342916]"
12:07:35,2024-01-08 00:00:00,"Московский пр., 90",6440,171,"220,488",Наличные,"734,96","514,472",Мужской,24-04-1985,Комиксы,Человек-Паук,TRUE,"[59.924032, 30.317189]"
03:51:59,2024-01-08 00:00:00,"Ул. Декабристов, 15",8023,129,"171,192",Онлайн,"570,64","399,448",Мужской,25-08-2006,Учебники,Алгебра 7 класс,TRUE,"[59.928154, 30.302429]"
14:00:41,2024-01-08 00:00:00,"Ул. Декабристов, 15",8300,244,"162,063",Наличные,"540,21","378,147",Женский,18-05-1970,Учебники,Физика 8 класс,TRUE,"[59.928154, 30.302429]"
12:21:31,2024-01-08 00:00:00,"Московский пр., 90",8377,350,"182,325",Онлайн,"607,75","425,425",Мужской,16-05-1983,Комиксы,Человек-Паук,TRUE,"[59.924032, 30.317189]"
18:17:31,2024-01-08 00:00:00,"Московский пр., 90",8979,483,"41,33",Наличные,"540,71","499,38",Женский,28-03-1957,Научная литература,Экономика труда,TRUE,"[59.924032, 30.317189]"
03:43:19,2024-01-08 00:00:00,"Ул. Декабристов, 15",9105,153,"107,21",Наличные,"714,73","607,52",Мужской,21-12-1999,Учебники,История России 10 класс,TRUE,"[59.928154, 30.302429]"
11:37:36,2024-01-09 00:00:00,"Ул. Рубинштейна, 24",2387,430,"204,54",Онлайн,"705,01","500,47",Мужской,07-07-1980,Учебники,География 6 класс,TRUE,"[59.929700, 30.344695]"
19:09:59,2024-01-09 00:00:00,"Ул. Декабристов, 15",2416,295,"162,213",Карта,"540,71","378,497",Женский,24-05-2000,Научная литература,Экономика труда,TRUE,"[59.928154, 30.302429]"
06:30:08,2024-01-09 00:00:00,"Ул. Рубинштейна, 24",3566,456,"152,274",Наличные,"507,58","355,306",Женский,13-05-1991,Комиксы,Человек-Паук,TRUE,"[59.929700, 30.344695]"
00:12:44,2024-01-09 00:00:00,"Ул. Рубинштейна, 24",3851,254,"30,44",Карта,"567,18","536,74",Мужской,09-05-1975,Учебники,Алгебра 7 класс,TRUE,"[59.929700, 30.344695]"
02:47:27,2024-01-09 00:00:00,"Невский пр., 30",5568,473,"119,18",Наличные,"528,88","409,7",Мужской,23-09-1954,Комиксы,Человек-Паук,TRUE,"[59.935543, 30.327349]"
03:46:05,2024-01-09 00:00:00,"Невский пр., 30",6193,389,"25,12",Карта,"502,45","477,33",Мужской,13-02-1984,Учебники,Физика 8 класс,TRUE,"[59.935543, 30.327349]"
02:50:43,2024-01-09 00:00:00,"Московский пр., 90",6253,460,"210,048",Наличные,"700,16","490,112",Мужской,23-11-1981,Комиксы,Доктор Стрэндж,TRUE,"[59.924032, 30.317189]"
14:40:12,2024-01-09 00:00:00,"Ул. Рубинштейна, 24",6768,5,"248,25",Карта,"827,5","579,25",Мужской,30-03-1955,Художественная литература,Мастер и Маргарита,TRUE,"[59.929700, 30.344695]"
01:15:54,2024-01-09 00:00:00,"Ул. Декабристов, 15",7487,439,"186,015",Карта,"620,05","434,035",Мужской,19-08-1959,Научная литература,Микробиология,TRUE,"[59.928154, 30.302429]"
21:38:52,2024-01-09 00:00:00,"Московский пр., 90",7535,410,"211,812",Наличные,"706,04","494,228",Женский,11-11-1988,Научная литература,Квантовая физика,TRUE,"[59.924032, 30.317189]"
11:56:13,2024-01-09 00:00:00,"Ул. Рубинштейна, 24",7600,350,"152,976",Онлайн,"509,92","356,944",Мужской,16-05-1983,Художественная литература,Преступление и наказание,TRUE,"[59.929700, 30.344695]"
23:44:49,2024-01-09 00:00:00,"Невский пр., 30",9810,154,"102,82",Наличные,"500,55","397,73",Женский,20-12-1971,Путеводители,Швейцария,TRUE,"[59.935543, 30.327349]"
06:13:57,2024-01-10 00:00:00,"Московский пр., 90",1826,76,"153,75",Наличные,"512,5","358,75",Женский,19-01-1958,Научная литература,Микробиология,TRUE,"[59.924032, 30.317189]"
08:16:03,2024-01-10 00:00:00,"Ул. Декабристов, 15",2178,405,"96,26",Карта,"844,3","748,04",Женский,07-09-1982,Путеводители,Турция,TRUE,"[59.928154, 30.302429]"
21:55:23,2024-01-10 00:00:00,"Невский пр., 30",3393,102,"280,071",Карта,"933,57","653,499",Женский,17-07-1978,Комиксы,Супермен,TRUE,"[59.935543, 30.327349]"
16:44:19,2024-01-10 00:00:00,"Ул. Рубинштейна, 24",3739,66,"170,649",Наличные,"568,83","398,181",Женский,28-03-1961,Художественная литература,Отцы и дети,TRUE,"[59.929700, 30.344695]"
06:24:25,2024-01-10 00:00:00,"Гагаринская ул., 12",5088,331,"203,289",Онлайн,"677,63","474,341",Мужской,12-08-1966,Научная литература,Квантовая физика,TRUE,"[59.946153, 30.342916]"
16:11:31,2024-01-10 00:00:00,"Невский пр., 30",5142,494,"153,903",Наличные,"513,01","359,107",Женский,03-10-1977,Художественная литература,Мастер и Маргарита,TRUE,"[59.935543, 30.327349]"
07:37:51,2024-01-10 00:00:00,"Гагаринская ул., 12",6631,492,"200,589",Карта,"668,63","468,041",Женский,17-06-1997,Художественная литература,Обломов,TRUE,"[59.946153, 30.342916]"
10:14:20,2024-01-10 00:00:00,"Ул. Рубинштейна, 24",7244,334,"287,16",Наличные,"957,2","670,04",Мужской,08-06-1961,Комиксы,Доктор Стрэндж,TRUE,"[59.929700, 30.344695]"
12:04:31,2024-01-10 00:00:00,"Московский пр., 90",8666,454,"215,5",Онлайн,"735,82","520,32",Женский,30-01-1961,Художественная литература,Преступление и наказание,TRUE,"[59.924032, 30.317189]"
13:31:40,2024-01-10 00:00:00,"Ул. Рубинштейна, 24",9980,222,"113,21",Наличные,"669,63","556,42",Женский,29-03-1990,Учебники,География 6 класс,TRUE,"[59.929700, 30.344695]"
02:00:25,2024-01-11 00:00:00,"Московский пр., 90",2084,30,"165,414",Наличные,"551,38","385,966",Мужской,08-10-1984,Комиксы,Доктор Стрэндж,TRUE,"[59.924032, 30.317189]"
00:12:14,2024-01-11 00:00:00,"Невский пр., 30",5748,10,"160,24",Карта,"1154,93","994,69",Женский,27-04-1998,Художественная литература,Мастер и Маргарита,TRUE,"[59.935543, 30.327349]"
14:03:33,2024-01-11 00:00:00,"Московский пр., 90",5760,277,"64,12",Онлайн,"557,93","493,81",Мужской,07-04-1972,Комиксы,Бэтмен,TRUE,"[59.924032, 30.317189]"
10:35:46,2024-01-11 00:00:00,"Невский пр., 30",6776,101,"79,78",Онлайн,"678,51","598,73",Мужской,24-08-1958,Комиксы,Флэш,TRUE,"[59.935543, 30.327349]"
16:37:31,2024-01-11 00:00:00,"Ул. Рубинштейна, 24",7062,157,"95,72",Наличные,"957,2","861,48",Мужской,11-04-1956,Комиксы,Доктор Стрэндж,TRUE,"[59.929700, 30.344695]"
12:50:08,2024-01-12 00:00:00,"Невский пр., 30",2417,295,"121,49",Наличные,"512,1","390,61",Женский,24-05-2000,Учебники,Алгебра 7 класс,TRUE,"[59.935543, 30.327349]"
10:26:07,2024-01-12 00:00:00,"Ул. Рубинштейна, 24",5632,212,"170,295",Карта,"567,65","397,355",Женский,19-05-1995,Путеводители,Турция,TRUE,"[59.929700, 30.344695]"
11:28:53,2024-01-12 00:00:00,"Ул. Декабристов, 15",7474,103,"73,19",Наличные,"731,94","658,75",Женский,09-04-1964,Художественная литература,Лолита,TRUE,"[59.928154, 30.302429]"
21:37:10,2024-01-12 00:00:00,"Невский пр., 30",8381,153,"211,812",Карта,"706,04","494,228",Мужской,21-12-1999,Научная литература,Квантовая физика,TRUE,"[59.935543, 30.327349]"
22:55:18,2024-01-12 00:00:00,"Гагаринская ул., 12",8940,333,"188,553",Карта,"628,51","439,957",Женский,18-04-1988,Путеводители,Индонезия,TRUE,"[59.946153, 30.342916]"
10:35:27,2024-01-13 00:00:00,"Невский пр., 30",1910,312,"28,39",Онлайн,"540,71","512,32",Женский,12-04-1999,Научная литература,Экономика труда,TRUE,"[59.935543, 30.327349]"
18:30:17,2024-01-13 00:00:00,"Ул. Рубинштейна, 24",1933,336,"350,883",Онлайн,"1169,61","818,727",Женский,27-06-1979,Учебники,История России 10 класс,TRUE,"[59.929700, 30.344695]"
03:54:59,2024-01-13 00:00:00,"Ул. Декабристов, 15",7079,200,"51,08",Карта,"741,58","690,5",Женский,25-06-1977,Путеводители,Италия,TRUE,"[59.928154, 30.302429]"
12:16:13,2024-01-13 00:00:00,"Ул. Декабристов, 15",8929,360,"25,86",Наличные,"517,15","491,29",Женский,21-08-1995,Учебники,Химия 9 класс,TRUE,"[59.928154, 30.302429]"
10:34:23,2024-01-13 00:00:00,"Ул. Рубинштейна, 24",9966,41,"240,195",Карта,"800,65","560,455",Мужской,11-11-1981,Учебники,История России 10 класс,TRUE,"[59.929700, 30.344695]"
01:13:35,2024-01-14 00:00:00,"Гагаринская ул., 12",1966,8,"346,479",Наличные,"1154,93","808,451",Женский,30-08-1982,Художественная литература,Мастер и Маргарита,TRUE,"[59.946153, 30.342916]"
06:44:06,2024-01-14 00:00:00,"Невский пр., 30",3787,215,"66,96",Наличные,"688,65","621,69",Мужской,07-10-1974,Художественная литература,Мастер и Маргарита,TRUE,"[59.935543, 30.327349]"
23:30:41,2024-01-14 00:00:00,"Гагаринская ул., 12",4262,399,"98,53",Онлайн,"631,56","533,03",Женский,29-04-1991,Путеводители,Индонезия,TRUE,"[59.946153, 30.342916]"
15:53:20,2024-01-14 00:00:00,"Невский пр., 30",5571,484,"200,472",Наличные,"668,24","467,768",Мужской,28-05-1964,Путеводители,Италия,TRUE,"[59.935543, 30.327349]"
10:18:51,2024-01-14 00:00:00,"Московский пр., 90",5874,322,"195,396",Карта,"651,32","455,924",Женский,02-11-1963,Художественная литература,Лолита,TRUE,"[59.924032, 30.317189]"
12:21:21,2024-01-14 00:00:00,"Ул. Рубинштейна, 24",5950,135,"120,06",Карта,"800,43","680,37",Женский,08-09-2004,Путеводители,Мексика,TRUE,"[59.929700, 30.344695]"
19:19:28,2024-01-14 00:00:00,"Невский пр., 30",7906,70,"220,746",Онлайн,"735,82","515,074",Женский,03-09-1971,Художественная литература,Преступление и наказание,TRUE,"[59.935543, 30.327349]"
04:46:00,2024-01-14 00:00:00,"Ул. Декабристов, 15",8000,66,"173,637",Онлайн,"578,79","405,153",Женский,28-03-1961,Научная литература,Квантовая физика,TRUE,"[59.928154, 30.302429]"
05:11:35,2024-01-14 00:00:00,"Ул. Рубинштейна, 24",8614,320,"105,99",Онлайн,"1017,66","911,67",Мужской,12-12-1977,Комиксы,Флэш,TRUE,"[59.929700, 30.344695]"
17:26:18,2024-01-15 00:00:00,"Невский пр., 30",3696,301,"164,226",Наличные,"547,42","383,194",Мужской,03-11-1981,Путеводители,Турция,TRUE,"[59.935543, 30.327349]"
18:47:46,2024-01-15 00:00:00,"Ул. Декабристов, 15",3697,62,"104,34",Карта,"695,59","591,25",Мужской,01-06-1981,Художественная литература,Обломов,TRUE,"[59.928154, 30.302429]"
12:32:13,2024-01-15 00:00:00,"Ул. Рубинштейна, 24",5243,349,"40,73",Карта,"549,43","508,7",Женский,07-05-1983,Учебники,История России 10 класс,TRUE,"[59.929700, 30.344695]"
05:15:27,2024-01-15 00:00:00,"Ул. Декабристов, 15",5294,25,"170,55",Карта,"568,5","397,95",Женский,02-05-1955,Путеводители,Индонезия,TRUE,"[59.928154, 30.302429]"
20:01:38,2024-01-15 00:00:00,"Невский пр., 30",5863,368,"153,042",Наличные,"510,14","357,098",Мужской,03-07-1967,Комиксы,Доктор Стрэндж,TRUE,"[59.935543, 30.327349]"
16:30:24,2024-01-15 00:00:00,"Гагаринская ул., 12",6087,142,"115,56",Наличные,"638,34","522,78",Мужской,09-11-1980,Комиксы,Бэтмен,TRUE,"[59.946153, 30.342916]"
12:21:45,2024-01-15 00:00:00,"Невский пр., 30",6199,140,"56,35",Наличные,"637,73","581,38",Мужской,16-04-1995,Учебники,Физика 8 класс,TRUE,"[59.935543, 30.327349]"
04:13:30,2024-01-15 00:00:00,"Невский пр., 30",6648,123,"29,29",Наличные,"585,86","556,57",Женский,17-07-1992,Художественная литература,Лолита,TRUE,"[59.935543, 30.327349]"
11:20:25,2024-01-15 00:00:00,"Московский пр., 90",7921,222,"153,903",Онлайн,"513,01","359,107",Женский,29-03-1990,Художественная литература,Мастер и Маргарита,TRUE,"[59.924032, 30.317189]"
17:26:04,2024-01-15 00:00:00,"Ул. Рубинштейна, 24",8798,468,"110,7",Онлайн,"542,63","431,93",Женский,24-04-1974,Художественная литература,Отцы и дети,TRUE,"[59.929700, 30.344695]"
02:39:21,2024-01-15 00:00:00,"Московский пр., 90",9396,8,"181,03",Наличные,"750,64","569,61",Женский,30-08-1982,Художественная литература,Лолита,TRUE,"[59.924032, 30.317189]"
17:30:10,2024-01-16 00:00:00,"Ул. Рубинштейна, 24",1446,190,"156,26",Наличные,"520,87","364,61",Женский,04-11-2001,Научная литература,Экономика труда,TRUE,"[59.929700, 30.344695]"
11:53:55,2024-01-16 00:00:00,"Ул. Рубинштейна, 24",1540,241,"200,889",Наличные,"669,63","468,741",Женский,28-09-1979,Учебники,География 6 класс,TRUE,"[59.929700, 30.344695]"
05:19:17,2024-01-16 00:00:00,"Невский пр., 30",2166,102,"66,18",Карта,"549,43","483,25",Женский,17-07-1978,Учебники,История России 10 класс,TRUE,"[59.935543, 30.327349]"
01:17:38,2024-01-16 00:00:00,"Ул. Рубинштейна, 24",2513,224,"199,857",Наличные,"666,19","466,333",Женский,20-08-1979,Научная литература,Экономика труда,TRUE,"[59.929700, 30.344695]"
00:24:19,2024-01-16 00:00:00,"Ул. Рубинштейна, 24",3428,199,"25,71",Онлайн,"504,2","478,49",Мужской,09-06-1971,Учебники,Химия 9 класс,TRUE,"[59.929700, 30.344695]"
18:26:16,2024-01-16 00:00:00,"Невский пр., 30",5656,308,"126,42",Онлайн,"1043,61","917,19",Мужской,01-04-1972,Комиксы,Флэш,TRUE,"[59.935543, 30.327349]"
04:17:18,2024-01-16 00:00:00,"Гагаринская ул., 12",5868,214,"159,87",Онлайн,"532,9","373,03",Мужской,08-06-1978,Художественная литература,Преступление и наказание,TRUE,"[59.946153, 30.342916]"
12:37:50,2024-01-16 00:00:00,"Невский пр., 30",7134,492,"126,33",Онлайн,"616,93","490,6",Женский,17-06-1997,Художественная литература,Обломов,TRUE,"[59.935543, 30.327349]"
14:00:40,2024-01-16 00:00:00,"Гагаринская ул., 12",7414,487,"170,154",Онлайн,"567,18","397,026",Женский,20-07-1997,Учебники,Алгебра 7 класс,TRUE,"[59.946153, 30.342916]"
10:08:00,2024-01-16 00:00:00,"Ул. Рубинштейна, 24",8331,412,"199,857",Онлайн,"666,19","466,333",Мужской,10-03-1987,Научная литература,Экономика труда,TRUE,"[59.929700, 30.344695]"
16:23:42,2024-01-16 00:00:00,"Невский пр., 30",9179,315,"86,75",Наличные,"578,34","491,59",Мужской,30-04-1966,Путеводители,Мексика,TRUE,"[59.935543, 30.327349]"
10:10:37,2024-01-16 00:00:00,"Ул. Рубинштейна, 24",9438,274,"112,5",Наличные,"562,48","449,98",Мужской,22-10-1958,Путеводители,Италия,TRUE,"[59.929700, 30.344695]"
01:00:03,2024-01-17 00:00:00,"Невский пр., 30",3421,148,"172,92",Карта,"576,4","403,48",Мужской,29-06-1967,Учебники,История России 10 класс,TRUE,"[59.935543, 30.327349]"
02:54:00,2024-01-17 00:00:00,"Ул. Рубинштейна, 24",3708,420,"140,21",Карта,"678,51","538,3",Мужской,03-05-1966,Комиксы,Флэш,TRUE,"[59.929700, 30.344695]"
07:37:25,2024-01-17 00:00:00,"Гагаринская ул., 12",3903,52,"172,95",Наличные,"576,5","403,55",Мужской,12-01-2000,Научная литература,Микробиология,TRUE,"[59.946153, 30.342916]"
13:55:30,2024-01-17 00:00:00,"Ул. Декабристов, 15",4516,410,"211,503",Наличные,"705,01","493,507",Женский,11-11-1988,Учебники,География 6 класс,TRUE,"[59.928154, 30.302429]"
09:14:25,2024-01-17 00:00:00,"Ул. Рубинштейна, 24",5776,492,"154,476",Онлайн,"514,92","360,444",Женский,17-06-1997,Комиксы,Супермен,TRUE,"[59.929700, 30.344695]"
00:09:47,2024-01-17 00:00:00,"Московский пр., 90",7768,283,"224,514",Наличные,"748,38","523,866",Мужской,22-05-1987,Комиксы,Человек-Паук,TRUE,"[59.924032, 30.317189]"
10:47:26,2024-01-17 00:00:00,"Ул. Рубинштейна, 24",8988,499,"62,74",Онлайн,"789,88","727,14",Женский,13-01-1961,Художественная литература,Обломов,TRUE,"[59.929700, 30.344695]"
20:22:23,2024-01-17 00:00:00,"Ул. Рубинштейна, 24",9334,488,"186,522",Онлайн,"621,74","435,218",Женский,14-01-1997,Научная литература,Экономика труда,TRUE,"[59.929700, 30.344695]"
23:43:37,2024-01-17 00:00:00,"Гагаринская ул., 12",9923,28,"155,145",Онлайн,"517,15","362,005",Женский,30-11-1963,Учебники,Химия 9 класс,TRUE,"[59.946153, 30.342916]"
23:12:44,2024-01-18 00:00:00,"Московский пр., 90",1099,46,"220,488",Онлайн,"734,96","514,472",Женский,22-08-2000,Комиксы,Человек-Паук,TRUE,"[59.924032, 30.317189]"
07:33:49,2024-01-18 00:00:00,"Гагаринская ул., 12",1424,173,"155,457",Онлайн,"518,19","362,733",Мужской,11-10-1966,Путеводители,Италия,TRUE,"[59.946153, 30.342916]"
04:00:26,2024-01-18 00:00:00,"Ул. Рубинштейна, 24",1717,235,"183,087",Онлайн,"610,29","427,203",Мужской,23-02-2004,Художественная литература,Отцы и дети,TRUE,"[59.929700, 30.344695]"
11:04:16,2024-01-18 00:00:00,"Гагаринская ул., 12",1869,416,"158,031",Карта,"526,77","368,739",Мужской,09-12-1965,Научная литература,Философия науки,TRUE,"[59.946153, 30.342916]"
20:02:00,2024-01-18 00:00:00,"Московский пр., 90",2248,282,"188,78",Карта,"857,86","669,08",Женский,14-07-1957,Научная литература,Микробиология,TRUE,"[59.924032, 30.317189]"
22:54:16,2024-01-18 00:00:00,"Гагаринская ул., 12",2602,44,"101,64",Наличные,"677,63","575,99",Женский,13-04-1970,Научная литература,Квантовая физика,TRUE,"[59.946153, 30.342916]"
14:22:01,2024-01-18 00:00:00,"Ул. Декабристов, 15",2674,167,"140,38",Карта,"585,86","445,48",Женский,13-02-1978,Художественная литература,Лолита,TRUE,"[59.928154, 30.302429]"
23:36:01,2024-01-18 00:00:00,"Ул. Декабристов, 15",3389,74,"199,857",Наличные,"666,19","466,333",Мужской,09-01-1956,Научная литература,Экономика труда,TRUE,"[59.928154, 30.302429]"
12:29:06,2024-01-18 00:00:00,"Ул. Рубинштейна, 24",3862,241,"150,735",Наличные,"502,45","351,715",Женский,28-09-1979,Учебники,Физика 8 класс,TRUE,"[59.929700, 30.344695]"
11:56:36,2024-01-18 00:00:00,"Невский пр., 30",4115,254,"153,65",Карта,"768,26","614,61",Мужской,09-05-1975,Научная литература,Квантовая физика,TRUE,"[59.935543, 30.327349]"
02:16:26,2024-01-18 00:00:00,"Ул. Декабристов, 15",4210,28,"154,64",Наличные,"786,89","632,25",Женский,30-11-1963,Художественная литература,Отцы и дети,TRUE,"[59.928154, 30.302429]"
08:54:46,2024-01-18 00:00:00,"Московский пр., 90",4277,493,"78,88",Карта,"788,8","709,92",Мужской,23-12-1977,Путеводители,Турция,TRUE,"[59.924032, 30.317189]"
09:39:28,2024-01-18 00:00:00,"Московский пр., 90",4796,484,"199,74",Наличные,"665,8","466,06",Мужской,28-05-1964,Путеводители,Турция,TRUE,"[59.924032, 30.317189]"
12:24:22,2024-01-18 00:00:00,"Московский пр., 90",6542,307,"204,714",Наличные,"682,38","477,666",Женский,15-10-1966,Комиксы,Человек-Паук,TRUE,"[59.924032, 30.317189]"
04:18:11,2024-01-18 00:00:00,"Московский пр., 90",6819,125,"166,671",Карта,"555,57","388,899",Женский,03-03-1994,Путеводители,Мексика,TRUE,"[59.924032, 30.317189]"
22:32:01,2024-01-18 00:00:00,"Гагаринская ул., 12",7367,171,"158,03",Карта,"992,29","834,26",Мужской,24-04-1985,Художественная литература,Обломов,TRUE,"[59.946153, 30.342916]"
03:44:12,2024-01-18 00:00:00,"Гагаринская ул., 12",7482,379,"149,39",Наличные,"576,5","427,11",Мужской,24-03-1958,Научная литература,Микробиология,TRUE,"[59.946153, 30.342916]"
02:00:08,2024-01-18 00:00:00,"Ул. Декабристов, 15",8694,399,"67,63",Карта,"568,67","501,04",Женский,29-04-1991,Художественная литература,Преступление и наказание,TRUE,"[59.928154, 30.302429]"
09:35:57,2024-01-19 00:00:00,"Московский пр., 90",1062,288,"235,78",Онлайн,"1066,2","830,42",Мужской,18-04-1969,Комиксы,Бэтмен,TRUE,"[59.924032, 30.317189]"
21:20:43,2024-01-19 00:00:00,"Ул. Декабристов, 15",1510,252,"28,36",Карта,"567,18","538,82",Женский,22-01-1979,Учебники,Алгебра 7 класс,TRUE,"[59.928154, 30.302429]"
12:11:21,2024-01-19 00:00:00,"Московский пр., 90",2489,329,"283,53",Онлайн,"945,1","661,57",Женский,12-11-1975,Комиксы,Человек-Паук,TRUE,"[59.924032, 30.317189]"
17:53:32,2024-01-19 00:00:00,"Московский пр., 90",2515,116,"271,647",Наличные,"905,49","633,843",Мужской,01-09-1955,Комиксы,Супермен,TRUE,"[59.924032, 30.317189]"
08:11:47,2024-01-19 00:00:00,"Невский пр., 30",5311,350,"191,319",Наличные,"637,73","446,411",Мужской,16-05-1983,Учебники,Физика 8 класс,TRUE,"[59.935543, 30.327349]"
01:53:41,2024-01-19 00:00:00,"Московский пр., 90",5394,281,"113,3",Онлайн,"578,82","465,52",Мужской,26-01-1982,Научная литература,Экономика труда,TRUE,"[59.924032, 30.317189]"
19:56:12,2024-01-19 00:00:00,"Невский пр., 30",5445,254,"183,237",Наличные,"610,79","427,553",Мужской,09-05-1975,Художественная литература,Лолита,TRUE,"[59.935543, 30.327349]"
22:53:16,2024-01-19 00:00:00,"Гагаринская ул., 12",8292,101,"27,96",Наличные,"559,14","531,18",Мужской,24-08-1958,Художественная литература,Обломов,TRUE,"[59.946153, 30.342916]"
12:19:57,2024-01-19 00:00:00,"Московский пр., 90",8344,76,"240,195",Карта,"800,65","560,455",Женский,19-01-1958,Учебники,История России 10 класс,TRUE,"[59.924032, 30.317189]"
01:19:14,2024-01-20 00:00:00,"Невский пр., 30",2136,148,"177,618",Карта,"592,06","414,442",Мужской,29-06-1967,Путеводители,Италия,TRUE,"[59.935543, 30.327349]"
18:06:55,2024-01-20 00:00:00,"Гагаринская ул., 12",2579,458,"170,601",Карта,"568,67","398,069",Женский,01-10-1977,Художественная литература,Преступление и наказание,TRUE,"[59.946153, 30.342916]"
22:33:11,2024-01-20 00:00:00,"Ул. Декабристов, 15",5346,404,"152,016",Наличные,"506,72","354,704",Женский,21-12-1993,Художественная литература,Преступление и наказание,TRUE,"[59.928154, 30.302429]"
05:38:32,2024-01-20 00:00:00,"Невский пр., 30",6431,369,"185,079",Карта,"616,93","431,851",Женский,21-03-2001,Художественная литература,Обломов,TRUE,"[59.935543, 30.327349]"
12:08:13,2024-01-20 00:00:00,"Московский пр., 90",6984,92,"158,061",Наличные,"526,87","368,809",Женский,27-01-2000,Путеводители,Швейцария,TRUE,"[59.924032, 30.317189]"
19:34:24,2024-01-20 00:00:00,"Ул. Декабристов, 15",8125,470,"162,213",Наличные,"540,71","378,497",Мужской,24-12-2004,Научная литература,Экономика труда,TRUE,"[59.928154, 30.302429]"
04:35:02,2024-01-20 00:00:00,"Московский пр., 90",8836,354,"212,03",Наличные,"836,87","624,84",Мужской,04-10-1989,Научная литература,Экономика труда,TRUE,"[59.924032, 30.317189]"
01:21:54,2024-01-20 00:00:00,"Гагаринская ул., 12",9125,424,"101,23",Наличные,"510,33","409,1",Мужской,10-12-1979,Художественная литература,Мастер и Маргарита,TRUE,"[59.946153, 30.342916]"
00:32:53,2024-01-20 00:00:00,"Гагаринская ул., 12",9997,99,"210,97",Карта,"1017,66","806,69",Женский,17-03-1976,Комиксы,Флэш,TRUE,"[59.946153, 30.342916]"
03:06:09,2024-01-21 00:00:00,"Ул. Рубинштейна, 24",2582,41,"151,33",Наличные,"606,44","455,11",Мужской,11-11-1981,Путеводители,Италия,TRUE,"[59.929700, 30.344695]"
04:14:05,2024-01-21 00:00:00,"Гагаринская ул., 12",5068,319,"63,28",Наличные,"583,34","520,06",Мужской,29-06-1986,Учебники,Химия 9 класс,TRUE,"[59.946153, 30.342916]"
20:10:49,2024-01-22 00:00:00,"Московский пр., 90",2486,167,"101,36",Карта,"788,8","687,44",Женский,13-02-1978,Путеводители,Турция,TRUE,"[59.924032, 30.317189]"
02:18:34,2024-01-22 00:00:00,"Ул. Рубинштейна, 24",2767,222,"164,829",Наличные,"549,43","384,601",Женский,29-03-1990,Учебники,История России 10 класс,TRUE,"[59.929700, 30.344695]"
21:24:12,2024-01-22 00:00:00,"Московский пр., 90",5337,123,"188,26",Онлайн,"668,24","479,98",Женский,17-07-1992,Путеводители,Италия,TRUE,"[59.924032, 30.317189]"
06:30:05,2024-01-22 00:00:00,"Гагаринская ул., 12",6588,139,"27,9",Наличные,"557,93","530,03",Мужской,22-08-1989,Комиксы,Бэтмен,TRUE,"[59.946153, 30.342916]"
19:16:38,2024-01-22 00:00:00,"Гагаринская ул., 12",6821,154,"113,82",Наличные,"758,83","645,01",Женский,20-12-1971,Научная литература,Философия науки,TRUE,"[59.946153, 30.342916]"
13:19:40,2024-01-22 00:00:00,"Московский пр., 90",7359,21,"251,619",Онлайн,"838,73","587,111",Мужской,23-12-1958,Путеводители,Индонезия,TRUE,"[59.924032, 30.317189]"
00:46:08,2024-01-22 00:00:00,"Ул. Декабристов, 15",8343,282,"305,298",Наличные,"1017,66","712,362",Женский,14-07-1957,Комиксы,Флэш,TRUE,"[59.928154, 30.302429]"
04:50:02,2024-01-23 00:00:00,"Московский пр., 90",1162,447,"141,26",Карта,"546,03","404,77",Мужской,21-01-1992,Художественная литература,Лолита,TRUE,"[59.924032, 30.317189]"
20:36:00,2024-01-23 00:00:00,"Гагаринская ул., 12",2253,153,"257,016",Карта,"856,72","599,704",Мужской,21-12-1999,Комиксы,Супермен,TRUE,"[59.946153, 30.342916]"
15:54:40,2024-01-23 00:00:00,"Московский пр., 90",2577,301,"211,284",Онлайн,"704,28","492,996",Мужской,03-11-1981,Художественная литература,Мастер и Маргарита,TRUE,"[59.924032, 30.317189]"
13:39:07,2024-01-23 00:00:00,"Ул. Декабристов, 15",3402,84,"224,982",Онлайн,"749,94","524,958",Женский,09-10-1969,Учебники,Химия 9 класс,TRUE,"[59.928154, 30.302429]"
04:03:29,2024-01-23 00:00:00,"Ул. Декабристов, 15",4064,62,"88,53",Онлайн,"695,59","607,06",Мужской,01-06-1981,Художественная литература,Обломов,TRUE,"[59.928154, 30.302429]"
23:30:03,2024-01-23 00:00:00,"Невский пр., 30",4416,379,"56,77",Онлайн,"556,6","499,83",Мужской,24-03-1958,Путеводители,Мексика,TRUE,"[59.935543, 30.327349]"
02:53:50,2024-01-23 00:00:00,"Московский пр., 90",4934,282,"167,571",Карта,"558,57","390,999",Женский,14-07-1957,Учебники,География 6 класс,TRUE,"[59.924032, 30.317189]"
03:56:46,2024-01-23 00:00:00,"Невский пр., 30",6446,254,"178,806",Онлайн,"596,02","417,214",Мужской,09-05-1975,Учебники,Алгебра 7 класс,TRUE,"[59.935543, 30.327349]"
06:42:46,2024-01-23 00:00:00,"Гагаринская ул., 12",7047,28,"162,588",Карта,"541,96","379,372",Женский,30-11-1963,Комиксы,Бэтмен,TRUE,"[59.946153, 30.342916]"
17:18:04,2024-01-23 00:00:00,"Гагаринская ул., 12",7090,418,"174,39",Наличные,"616,93","442,54",Мужской,04-02-1965,Художественная литература,Обломов,TRUE,"[59.946153, 30.342916]"
06:17:54,2024-01-23 00:00:00,"Московский пр., 90",7944,220,"62,63",Онлайн,"596,47","533,84",Мужской,11-09-1984,Научная литература,Квантовая физика,TRUE,"[59.924032, 30.317189]"
15:28:47,2024-01-23 00:00:00,"Ул. Декабристов, 15",8156,412,"113,18",Наличные,"642,55","529,37",Мужской,10-03-1987,Художественная литература,Лолита,TRUE,"[59.928154, 30.302429]"
00:12:24,2024-01-23 00:00:00,"Ул. Декабристов, 15",8663,343,"56,73",Онлайн,"664,06","607,33",Женский,15-05-1962,Учебники,Алгебра 7 класс,TRUE,"[59.928154, 30.302429]"
05:52:42,2024-01-23 00:00:00,"Московский пр., 90",9842,85,"175,758",Карта,"585,86","410,102",Женский,01-09-1961,Художественная литература,Лолита,TRUE,"[59.924032, 30.317189]"
20:27:02,2024-01-24 00:00:00,"Ул. Декабристов, 15",1594,140,"252,36",Карта,"897,95","645,59",Мужской,16-04-1995,Комиксы,Супермен,TRUE,"[59.928154, 30.302429]"
10:17:20,2024-01-24 00:00:00,"Невский пр., 30",1974,87,"211,812",Наличные,"706,04","494,228",Женский,29-06-1994,Научная литература,Квантовая физика,TRUE,"[59.935543, 30.327349]"
18:00:19,2024-01-24 00:00:00,"Московский пр., 90",2287,269,"206,934",Наличные,"689,78","482,846",Женский,21-10-1968,Научная литература,Философия науки,TRUE,"[59.924032, 30.317189]"
08:14:10,2024-01-24 00:00:00,"Гагаринская ул., 12",2676,108,"259,857",Наличные,"866,19","606,333",Мужской,25-09-1999,Научная литература,Палеонтология,TRUE,"[59.946153, 30.342916]"
11:59:26,2024-01-24 00:00:00,"Гагаринская ул., 12",3620,398,"120,26",Наличные,"549,43","429,17",Женский,20-04-1996,Учебники,История России 10 класс,TRUE,"[59.946153, 30.342916]"
12:32:00,2024-01-24 00:00:00,"Ул. Декабристов, 15",3709,434,"184,674",Онлайн,"615,58","430,906",Женский,03-08-1978,Художественная литература,Мастер и Маргарита,TRUE,"[59.928154, 30.302429]"
07:31:00,2024-01-24 00:00:00,"Ул. Рубинштейна, 24",4109,197,"223,485",Онлайн,"744,95","521,465",Мужской,09-03-1957,Путеводители,Италия,TRUE,"[59.929700, 30.344695]"
01:30:20,2024-01-24 00:00:00,"Ул. Декабристов, 15",6905,482,"233,679",Наличные,"778,93","545,251",Женский,29-08-1974,Путеводители,Турция,TRUE,"[59.928154, 30.302429]"
15:22:48,2024-01-24 00:00:00,"Ул. Рубинштейна, 24",6998,28,"153,042",Наличные,"510,14","357,098",Женский,30-11-1963,Комиксы,Доктор Стрэндж,TRUE,"[59.929700, 30.344695]"
10:44:43,2024-01-24 00:00:00,"Ул. Рубинштейна, 24",9819,297,"206,166",Карта,"687,22","481,054",Женский,06-11-1962,Художественная литература,Лолита,TRUE,"[59.929700, 30.344695]"
17:30:34,2024-01-25 00:00:00,"Невский пр., 30",3995,166,"211,284",Онлайн,"704,28","492,996",Женский,31-10-1993,Художественная литература,Мастер и Маргарита,TRUE,"[59.935543, 30.327349]"
05:12:01,2024-01-25 00:00:00,"Невский пр., 30",4038,185,"152,976",Онлайн,"509,92","356,944",Женский,01-01-2006,Художественная литература,Преступление и наказание,TRUE,"[59.935543, 30.327349]"
01:29:28,2024-01-25 00:00:00,"Ул. Рубинштейна, 24",4411,171,"194,148",Карта,"647,16","453,012",Мужской,24-04-1985,Учебники,История России 10 класс,TRUE,"[59.929700, 30.344695]"
01:02:36,2024-01-25 00:00:00,"Гагаринская ул., 12",4450,404,"150,735",Онлайн,"502,45","351,715",Женский,21-12-1993,Учебники,Физика 8 класс,TRUE,"[59.946153, 30.342916]"
18:42:43,2024-01-25 00:00:00,"Невский пр., 30",4636,23,"259,38",Наличные,"864,6","605,22",Женский,17-11-1986,Учебники,География 6 класс,TRUE,"[59.935543, 30.327349]"
19:53:29,2024-01-25 00:00:00,"Гагаринская ул., 12",5769,62,"211,68",Наличные,"994,5","782,82",Мужской,01-06-1981,Художественная литература,Обломов,TRUE,"[59.946153, 30.342916]"
09:38:36,2024-01-25 00:00:00,"Гагаринская ул., 12",8548,318,"200,889",Онлайн,"669,63","468,741",Женский,03-08-1995,Учебники,География 6 класс,TRUE,"[59.946153, 30.342916]"
05:24:26,2024-01-25 00:00:00,"Гагаринская ул., 12",8558,218,"116,47",Наличные,"543,27","426,8",Женский,06-05-1969,Путеводители,Индонезия,TRUE,"[59.946153, 30.342916]"
07:04:02,2024-01-25 00:00:00,"Ул. Рубинштейна, 24",9021,261,"116,48",Онлайн,"872,18","755,7",Женский,19-12-1991,Учебники,География 6 класс,TRUE,"[59.929700, 30.344695]"
02:15:17,2024-01-25 00:00:00,"Гагаринская ул., 12",9787,215,"196,137",Онлайн,"653,79","457,653",Мужской,07-10-1974,Комиксы,Флэш,TRUE,"[59.946153, 30.342916]"
04:34:50,2024-01-26 00:00:00,"Московский пр., 90",1657,73,"91,43",Онлайн,"536,87","445,44",Женский,08-04-2002,Путеводители,Турция,TRUE,"[59.924032, 30.317189]"
17:20:30,2024-01-26 00:00:00,"Ул. Декабристов, 15",2299,172,53,Наличные,"530,04","477,04",Мужской,14-06-1975,Комиксы,Доктор Стрэндж,TRUE,"[59.928154, 30.302429]"
15:50:48,2024-01-26 00:00:00,"Невский пр., 30",2777,290,"125,21",Наличные,"594,21",469,Мужской,19-03-1998,Учебники,Алгебра 7 класс,TRUE,"[59.935543, 30.327349]"
13:07:03,2024-01-26 00:00:00,"Невский пр., 30",4939,79,"172,92",Наличные,"576,4","403,48",Женский,21-03-2005,Учебники,История России 10 класс,TRUE,"[59.935543, 30.327349]"
02:27:25,2024-01-26 00:00:00,"Невский пр., 30",5221,494,"248,073",Онлайн,"826,91","578,837",Женский,03-10-1977,Учебники,Физика 8 класс,TRUE,"[59.935543, 30.327349]"
08:05:14,2024-01-26 00:00:00,"Московский пр., 90",6540,108,"164,268",Онлайн,"547,56","383,292",Мужской,25-09-1999,Комиксы,Доктор Стрэндж,TRUE,"[59.924032, 30.317189]"
22:34:47,2024-01-26 00:00:00,"Гагаринская ул., 12",6585,290,"202,36",Наличные,"1349,07","1146,71",Мужской,19-03-1998,Научная литература,Философия науки,TRUE,"[59.946153, 30.342916]"
10:09:27,2024-01-26 00:00:00,"Ул. Рубинштейна, 24",7957,123,"88,33",Карта,"706,04","617,71",Женский,17-07-1992,Научная литература,Квантовая физика,TRUE,"[59.929700, 30.344695]"
22:50:00,2024-01-26 00:00:00,"Ул. Рубинштейна, 24",9145,348,"145,87",Наличные,"549,43","403,56",Мужской,05-04-1987,Учебники,История России 10 класс,TRUE,"[59.929700, 30.344695]"
02:54:50,2024-01-26 00:00:00,"Невский пр., 30",9175,244,"230,286",Карта,"767,62","537,334",Женский,18-05-1970,Учебники,Химия 9 класс,TRUE,"[59.935543, 30.327349]"
22:57:25,2024-01-26 00:00:00,"Ул. Рубинштейна, 24",9315,57,"99,68",Онлайн,"504,2","404,52",Женский,17-04-1980,Учебники,Химия 9 класс,TRUE,"[59.929700, 30.344695]"
08:00:21,2024-01-27 00:00:00,"Московский пр., 90",1363,369,"215,685",Онлайн,"718,95","503,265",Женский,21-03-2001,Путеводители,Индонезия,TRUE,"[59.924032, 30.317189]"
05:55:28,2024-01-27 00:00:00,"Гагаринская ул., 12",1983,295,"54,18",Онлайн,"1017,66","963,48",Женский,24-05-2000,Комиксы,Флэш,TRUE,"[59.946153, 30.342916]"
16:25:21,2024-01-27 00:00:00,"Московский пр., 90",3706,370,"152,304",Карта,"507,68","355,376",Мужской,30-08-1995,Комиксы,Человек-Паук,TRUE,"[59.924032, 30.317189]"
05:13:47,2024-01-27 00:00:00,"Ул. Рубинштейна, 24",4335,168,"167,32",Наличные,"628,51","461,19",Женский,21-05-1960,Путеводители,Индонезия,TRUE,"[59.929700, 30.344695]"
09:40:19,2024-01-27 00:00:00,"Невский пр., 30",4366,181,"176,11",Карта,"610,29","434,18",Женский,24-06-1976,Художественная литература,Отцы и дети,TRUE,"[59.935543, 30.327349]"
04:21:35,2024-01-27 00:00:00,"Невский пр., 30",5054,4,"159,92",Карта,"884,41","724,49",Женский,19-01-1956,Художественная литература,Отцы и дети,TRUE,"[59.935543, 30.327349]"
21:04:53,2024-01-27 00:00:00,"Ул. Рубинштейна, 24",5938,27,"35,88",Карта,"547,56","511,68",Мужской,01-10-1954,Комиксы,Доктор Стрэндж,TRUE,"[59.929700, 30.344695]"
01:50:48,2024-01-27 00:00:00,"Московский пр., 90",5999,490,"63,35",Наличные,"633,54","570,19",Мужской,31-07-1993,Учебники,Алгебра 7 класс,TRUE,"[59.924032, 30.317189]"
07:34:25,2024-01-27 00:00:00,"Невский пр., 30",6386,341,"179,778",Карта,"599,26","419,482",Мужской,03-05-1959,Путеводители,Индонезия,TRUE,"[59.935543, 30.327349]"
16:37:12,2024-01-27 00:00:00,"Московский пр., 90",7058,218,"52,39",Наличные,"684,58","632,19",Женский,06-05-1969,Научная литература,Палеонтология,TRUE,"[59.924032, 30.317189]"
11:15:33,2024-01-27 00:00:00,"Московский пр., 90",7594,292,"182,676",Онлайн,"608,92","426,244",Мужской,17-01-1964,Учебники,География 6 класс,TRUE,"[59.924032, 30.317189]"
02:36:31,2024-01-27 00:00:00,"Невский пр., 30",9336,250,"108,82",Онлайн,"518,19","409,37",Женский,15-05-1955,Путеводители,Италия,TRUE,"[59.935543, 30.327349]"
04:56:06,2024-01-28 00:00:00,"Невский пр., 30",3949,233,"42,51",Наличные,"826,91","784,4",Мужской,09-11-1992,Учебники,Физика 8 класс,TRUE,"[59.935543, 30.327349]"
06:26:59,2024-01-28 00:00:00,"Ул. Декабристов, 15",4213,185,"64,69",Карта,"788,8","724,11",Женский,01-01-2006,Путеводители,Турция,TRUE,"[59.928154, 30.302429]"
02:14:58,2024-01-28 00:00:00,"Ул. Декабристов, 15",4331,189,"46,56",Карта,"503,36","456,8",Мужской,23-04-1974,Художественная литература,Преступление и наказание,TRUE,"[59.928154, 30.302429]"
15:20:02,2024-01-28 00:00:00,"Ул. Декабристов, 15",5260,18,"259,38",Карта,"864,6","605,22",Женский,27-04-1959,Учебники,География 6 класс,TRUE,"[59.928154, 30.302429]"
18:57:27,2024-01-28 00:00:00,"Гагаринская ул., 12",6331,360,"164,268",Наличные,"547,56","383,292",Женский,21-08-1995,Комиксы,Доктор Стрэндж,TRUE,"[59.946153, 30.342916]"
11:27:56,2024-01-28 00:00:00,"Ул. Декабристов, 15",7512,270,"114,36",Наличные,"957,2","842,84",Женский,30-05-1994,Комиксы,Доктор Стрэндж,TRUE,"[59.928154, 30.302429]"
21:38:45,2024-01-28 00:00:00,"Ул. Декабристов, 15",7661,268,"79,48",Онлайн,"504,65","425,17",Мужской,24-06-1973,Путеводители,Индонезия,TRUE,"[59.928154, 30.302429]"
05:58:40,2024-01-28 00:00:00,"Гагаринская ул., 12",9861,470,"173,637",Онлайн,"578,79","405,153",Мужской,24-12-2004,Научная литература,Квантовая физика,TRUE,"[59.946153, 30.342916]"
14:08:51,2024-01-29 00:00:00,"Ул. Рубинштейна, 24",1559,55,"100,67",Карта,"704,28","603,61",Женский,15-08-1996,Художественная литература,Мастер и Маргарита,TRUE,"[59.929700, 30.344695]"
15:55:28,2024-01-29 00:00:00,"Гагаринская ул., 12",1612,269,"172,812",Онлайн,"576,04","403,228",Женский,21-10-1968,Художественная литература,Обломов,TRUE,"[59.946153, 30.342916]"
11:19:22,2024-01-29 00:00:00,"Ул. Декабристов, 15",1834,110,"257,277",Карта,"857,59","600,313",Женский,03-04-1976,Научная литература,Палеонтология,TRUE,"[59.928154, 30.302429]"
23:57:21,2024-01-29 00:00:00,"Ул. Рубинштейна, 24",1948,331,"203,11",Карта,"1354,07","1150,96",Мужской,12-08-1966,Комиксы,Человек-Паук,TRUE,"[59.929700, 30.344695]"
19:33:42,2024-01-29 00:00:00,"Невский пр., 30",2356,40,"251,061",Карта,"836,87","585,809",Мужской,08-07-1979,Научная литература,Экономика труда,TRUE,"[59.935543, 30.327349]"
19:03:38,2024-01-29 00:00:00,"Невский пр., 30",3918,335,"163,809",Наличные,"546,03","382,221",Мужской,24-08-2006,Художественная литература,Лолита,TRUE,"[59.935543, 30.327349]"
18:10:02,2024-01-29 00:00:00,"Ул. Рубинштейна, 24",6407,223,"184,773",Наличные,"615,91","431,137",Мужской,24-09-1989,Путеводители,Швейцария,TRUE,"[59.929700, 30.344695]"
18:46:27,2024-01-29 00:00:00,"Ул. Декабристов, 15",7434,293,"153,099",Наличные,"510,33","357,231",Женский,01-06-1993,Художественная литература,Мастер и Маргарита,TRUE,"[59.928154, 30.302429]"
20:10:15,2024-01-29 00:00:00,"Московский пр., 90",7923,68,"293,049",Наличные,"976,83","683,781",Женский,01-06-1979,Художественная литература,Отцы и дети,TRUE,"[59.924032, 30.317189]"
01:54:17,2024-01-29 00:00:00,"Невский пр., 30",9143,241,"104,15",Онлайн,"615,91","511,76",Женский,28-09-1979,Путеводители,Швейцария,TRUE,"[59.935543, 30.327349]"
08:38:30,2024-01-29 00:00:00,"Гагаринская ул., 12",9805,363,"170,55",Онлайн,"568,5","397,95",Женский,19-11-1998,Путеводители,Индонезия,TRUE,"[59.946153, 30.342916]"
20:26:34,2024-01-29 00:00:00,"Невский пр., 30",9922,125,"204,53",Наличные,"684,58","480,05",Женский,03-03-1994,Научная литература,Палеонтология,TRUE,"[59.935543, 30.327349]"
22:09:23,2024-01-30 00:00:00,"Невский пр., 30",2070,308,"173,646",Онлайн,"578,82","405,174",Мужской,01-04-1972,Научная литература,Экономика труда,TRUE,"[59.935543, 30.327349]"
15:35:09,2024-01-30 00:00:00,"Гагаринская ул., 12",2154,157,"167,571",Онлайн,"558,57","390,999",Мужской,11-04-1956,Учебники,География 6 класс,TRUE,"[59.946153, 30.342916]"
13:46:40,2024-01-30 00:00:00,"Невский пр., 30",3057,246,"152,016",Наличные,"506,72","354,704",Мужской,27-12-1971,Художественная литература,Преступление и наказание,TRUE,"[59.935543, 30.327349]"
20:39:16,2024-01-30 00:00:00,"Ул. Рубинштейна, 24",3710,390,"132,73",Наличные,"663,64","530,91",Женский,18-09-1975,Путеводители,Турция,TRUE,"[59.929700, 30.344695]"
18:55:41,2024-01-30 00:00:00,"Ул. Рубинштейна, 24",6069,466,"123,68",Наличные,"512,5","388,82",Мужской,10-05-1976,Научная литература,Микробиология,TRUE,"[59.929700, 30.344695]"
03:19:31,2024-01-30 00:00:00,"Московский пр., 90",6390,277,"215,16",Онлайн,"717,2","502,04",Мужской,07-04-1972,Комиксы,Супермен,TRUE,"[59.924032, 30.317189]"
16:51:46,2024-01-30 00:00:00,"Ул. Рубинштейна, 24",8668,322,"172,92",Онлайн,"576,4","403,48",Женский,02-11-1963,Учебники,История России 10 класс,TRUE,"[59.929700, 30.344695]"
20:56:34,2024-01-30 00:00:00,"Гагаринская ул., 12",9866,335,"213,96",Наличные,"713,2","499,24",Мужской,24-08-2006,Учебники,История России 10 класс,TRUE,"[59.946153, 30.342916]"
18:26:20,2024-01-31 00:00:00,"Ул. Рубинштейна, 24",2888,430,"89,69",Карта,"512,5","422,81",Мужской,07-07-1980,Научная литература,Микробиология,TRUE,"[59.929700, 30.344695]"
19:29:51,2024-01-31 00:00:00,"Невский пр., 30",2893,243,"168,744",Карта,"562,48","393,736",Женский,12-10-1997,Путеводители,Италия,TRUE,"[59.935543, 30.327349]"
21:18:33,2024-01-31 00:00:00,"Гагаринская ул., 12",2926,46,"220,488",Онлайн,"734,96","514,472",Женский,22-08-2000,Комиксы,Человек-Паук,TRUE,"[59.946153, 30.342916]"
08:34:01,2024-01-31 00:00:00,"Московский пр., 90",3731,257,"196,137",Онлайн,"653,79","457,653",Женский,30-12-1995,Комиксы,Флэш,TRUE,"[59.924032, 30.317189]"
19:57:47,2024-01-31 00:00:00,"Ул. Рубинштейна, 24",4676,148,"151,395",Онлайн,"504,65","353,255",Мужской,29-06-1967,Путеводители,Индонезия,TRUE,"[59.929700, 30.344695]"
18:06:55,2024-01-31 00:00:00,"Невский пр., 30",5439,487,"230,46",Онлайн,"768,2","537,74",Женский,20-07-1997,Художественная литература,Мастер и Маргарита,TRUE,"[59.935543, 30.327349]"
19:38:25,2024-01-31 00:00:00,"Ул. Декабристов, 15",5453,109,"118,87",Онлайн,"630,51","511,64",Мужской,25-04-1969,Путеводители,Швейцария,TRUE,"[59.928154, 30.302429]"
09:30:13,2024-01-31 00:00:00,"Ул. Рубинштейна, 24",5743,344,"73,28",Карта,"750,64","677,36",Женский,08-01-1996,Художественная литература,Лолита,TRUE,"[59.929700, 30.344695]"
23:31:44,2024-01-31 00:00:00,"Невский пр., 30",8551,1,"206,166",Наличные,"687,22","481,054",Женский,12-02-2003,Художественная литература,Лолита,TRUE,"[59.935543, 30.327349]"
07:20:18,2024-02-01 00:00:00,"Ул. Декабристов, 15",2247,119,"42,8",Карта,"568,67","525,87",Женский,13-07-1973,Художественная литература,Преступление и наказание,TRUE,"[59.928154, 30.302429]"
22:06:35,2024-02-01 00:00:00,"Гагаринская ул., 12",2581,22,"162,534",Карта,"541,78","379,246",Мужской,05-06-2006,Путеводители,Мексика,TRUE,"[59.946153, 30.342916]"
19:15:31,2024-02-01 00:00:00,"Ул. Рубинштейна, 24",7793,49,"55,87",Наличные,"785,78","729,91",Мужской,25-10-1963,Путеводители,Мексика,TRUE,"[59.929700, 30.344695]"
21:47:26,2024-02-01 00:00:00,"Невский пр., 30",7870,293,"89,67",Онлайн,"631,56","541,89",Женский,01-06-1993,Путеводители,Индонезия,TRUE,"[59.935543, 30.327349]"
16:04:32,2024-02-01 00:00:00,"Ул. Декабристов, 15",9493,420,"156,261",Онлайн,"520,87","364,609",Мужской,03-05-1966,Научная литература,Экономика труда,TRUE,"[59.928154, 30.302429]"
04:42:04,2024-02-01 00:00:00,"Московский пр., 90",9507,447,"94,31",Наличные,"510,83","416,52",Мужской,21-01-1992,Художественная литература,Лолита,TRUE,"[59.924032, 30.317189]"
09:18:04,2024-02-02 00:00:00,"Невский пр., 30",1022,152,"189,153",Карта,"630,51","441,357",Женский,19-08-2002,Путеводители,Швейцария,TRUE,"[59.935543, 30.327349]"
04:00:42,2024-02-02 00:00:00,"Ул. Декабристов, 15",2905,190,"151,632",Карта,"505,44","353,808",Женский,04-11-2001,Научная литература,Философия науки,TRUE,"[59.928154, 30.302429]"
08:04:08,2024-02-02 00:00:00,"Гагаринская ул., 12",4029,320,"291,339",Карта,"971,13","679,791",Мужской,12-12-1977,Путеводители,Италия,TRUE,"[59.946153, 30.342916]"
02:49:52,2024-02-02 00:00:00,"Гагаринская ул., 12",4219,484,"161,148",Карта,"537,16","376,012",Мужской,28-05-1964,Научная литература,Палеонтология,TRUE,"[59.946153, 30.342916]"
04:14:54,2024-02-02 00:00:00,"Московский пр., 90",4244,482,"157,113",Наличные,"523,71","366,597",Женский,29-08-1974,Учебники,География 6 класс,TRUE,"[59.924032, 30.317189]"
02:11:46,2024-02-02 00:00:00,"Ул. Рубинштейна, 24",4752,32,"200,472",Наличные,"668,24","467,768",Мужской,11-08-1975,Путеводители,Италия,TRUE,"[59.929700, 30.344695]"
06:03:49,2024-02-02 00:00:00,"Ул. Рубинштейна, 24",4931,488,"74,07",Онлайн,"567,65","493,58",Женский,14-01-1997,Путеводители,Турция,TRUE,"[59.929700, 30.344695]"
02:00:23,2024-02-02 00:00:00,"Гагаринская ул., 12",6838,163,"234,381",Онлайн,"781,27","546,889",Женский,09-11-1964,Учебники,Химия 9 класс,TRUE,"[59.946153, 30.342916]"
19:29:23,2024-02-02 00:00:00,"Гагаринская ул., 12",8588,9,"162,213",Онлайн,"540,71","378,497",Мужской,27-03-1970,Научная литература,Экономика труда,TRUE,"[59.946153, 30.342916]"
11:28:17,2024-02-02 00:00:00,"Ул. Декабристов, 15",9897,458,"232,05",Онлайн,"1518,53","1286,48",Женский,01-10-1977,Путеводители,Швейцария,TRUE,"[59.928154, 30.302429]"
07:34:20,2024-02-03 00:00:00,"Московский пр., 90",3395,338,"164,829",Наличные,"549,43","384,601",Мужской,21-08-1983,Учебники,История России 10 класс,TRUE,"[59.924032, 30.317189]"
10:32:50,2024-02-03 00:00:00,"Ул. Рубинштейна, 24",5584,186,"144,81",Онлайн,"980,26","835,45",Женский,07-07-1990,Комиксы,Бэтмен,TRUE,"[59.929700, 30.344695]"
19:52:37,2024-02-03 00:00:00,"Гагаринская ул., 12",5624,81,"155,427",Наличные,"518,09","362,663",Мужской,18-06-1987,Научная литература,Микробиология,TRUE,"[59.946153, 30.342916]"
14:04:12,2024-02-03 00:00:00,"Невский пр., 30",6082,489,"186,62",Онлайн,"1278,7","1092,08",Женский,21-10-1974,Художественная литература,Преступление и наказание,TRUE,"[59.935543, 30.327349]"
05:05:19,2024-02-03 00:00:00,"Ул. Рубинштейна, 24",6769,480,"115,75",Онлайн,"712,45","596,7",Мужской,14-03-1958,Путеводители,Швейцария,TRUE,"[59.929700, 30.344695]"
01:47:21,2024-02-03 00:00:00,"Гагаринская ул., 12",7612,251,"127,39",Онлайн,"1177,65","1050,26",Мужской,26-02-1983,Художественная литература,Лолита,TRUE,"[59.946153, 30.342916]"
22:28:30,2024-02-03 00:00:00,"Ул. Рубинштейна, 24",7690,29,"164,829",Онлайн,"549,43","384,601",Женский,14-11-2004,Учебники,История России 10 класс,TRUE,"[59.929700, 30.344695]"
11:07:12,2024-02-04 00:00:00,"Московский пр., 90",3939,207,"206,514",Онлайн,"688,38","481,866",Женский,15-11-1979,Художественная литература,Мастер и Маргарита,TRUE,"[59.924032, 30.317189]"
16:05:34,2024-02-04 00:00:00,"Московский пр., 90",4772,1,"116,55",Онлайн,"954,32","837,77",Женский,12-02-2003,Путеводители,Швейцария,TRUE,"[59.924032, 30.317189]"
02:46:31,2024-02-04 00:00:00,"Ул. Рубинштейна, 24",5722,484,"63,52",Карта,"670,07","606,55",Мужской,28-05-1964,Научная литература,Палеонтология,TRUE,"[59.929700, 30.344695]"
09:03:46,2024-02-04 00:00:00,"Московский пр., 90",7379,32,"294,21",Онлайн,"980,7","686,49",Мужской,11-08-1975,Комиксы,Флэш,TRUE,"[59.924032, 30.317189]"
02:53:27,2024-02-04 00:00:00,"Ул. Рубинштейна, 24",8270,158,"158,061",Онлайн,"526,87","368,809",Женский,05-03-1973,Путеводители,Швейцария,TRUE,"[59.929700, 30.344695]"
05:34:03,2024-02-04 00:00:00,"Ул. Декабристов, 15",9722,55,"114,72",Карта,"514,92","400,2",Женский,15-08-1996,Комиксы,Супермен,TRUE,"[59.928154, 30.302429]"
16:42:52,2024-02-04 00:00:00,"Ул. Декабристов, 15",9852,306,"113,35",Онлайн,"578,34","464,99",Мужской,05-01-1961,Путеводители,Мексика,TRUE,"[59.928154, 30.302429]"
22:37:06,2024-02-05 00:00:00,"Московский пр., 90",1020,200,"84,11",Онлайн,"884,41","800,3",Женский,25-06-1977,Художественная литература,Отцы и дети,TRUE,"[59.924032, 30.317189]"
16:50:58,2024-02-05 00:00:00,"Ул. Декабристов, 15",3111,27,"222,474",Наличные,"741,58","519,106",Мужской,01-10-1954,Путеводители,Италия,TRUE,"[59.928154, 30.302429]"
18:15:22,2024-02-05 00:00:00,"Ул. Рубинштейна, 24",3559,483,"114,94",Онлайн,"666,19","551,25",Женский,28-03-1957,Научная литература,Экономика труда,TRUE,"[59.929700, 30.344695]"
13:43:46,2024-02-05 00:00:00,"Гагаринская ул., 12",5009,225,"210,258",Наличные,"700,86","490,602",Женский,25-01-1991,Комиксы,Флэш,TRUE,"[59.946153, 30.342916]"
04:18:00,2024-02-05 00:00:00,"Ул. Рубинштейна, 24",7446,23,"227,94",Карта,"866,19","638,25",Женский,17-11-1986,Научная литература,Палеонтология,TRUE,"[59.929700, 30.344695]"
07:05:25,2024-02-05 00:00:00,"Невский пр., 30",7655,181,"251,619",Онлайн,"838,73","587,111",Женский,24-06-1976,Путеводители,Индонезия,TRUE,"[59.935543, 30.327349]"
04:03:15,2024-02-05 00:00:00,"Невский пр., 30",8012,243,"350,883",Онлайн,"1169,61","818,727",Женский,12-10-1997,Учебники,История России 10 класс,TRUE,"[59.935543, 30.327349]"
19:16:22,2024-02-05 00:00:00,"Московский пр., 90",8427,410,"196,137",Онлайн,"653,79","457,653",Женский,11-11-1988,Комиксы,Флэш,TRUE,"[59.924032, 30.317189]"
04:47:38,2024-02-06 00:00:00,"Ул. Рубинштейна, 24",1171,149,"230,946",Наличные,"769,82","538,874",Мужской,14-06-1984,Комиксы,Человек-Паук,TRUE,"[59.929700, 30.344695]"
20:26:03,2024-02-06 00:00:00,"Ул. Рубинштейна, 24",1445,415,"56,93",Карта,"628,51","571,58",Женский,04-01-1994,Путеводители,Индонезия,TRUE,"[59.929700, 30.344695]"
10:17:42,2024-02-06 00:00:00,"Московский пр., 90",1744,373,"69,13",Наличные,"592,06","522,93",Женский,31-12-1998,Путеводители,Италия,TRUE,"[59.924032, 30.317189]"
14:11:12,2024-02-06 00:00:00,"Ул. Декабристов, 15",3621,401,"287,412",Онлайн,"958,04","670,628",Женский,23-06-1999,Путеводители,Индонезия,TRUE,"[59.928154, 30.302429]"
14:53:47,2024-02-06 00:00:00,"Московский пр., 90",3963,212,"140,86",Карта,"704,28","563,42",Женский,19-05-1995,Художественная литература,Мастер и Маргарита,TRUE,"[59.924032, 30.317189]"
14:34:38,2024-02-06 00:00:00,"Гагаринская ул., 12",5499,327,"176,091",Карта,"586,97","410,879",Женский,17-02-1985,Научная литература,Палеонтология,TRUE,"[59.946153, 30.342916]"
10:53:06,2024-02-06 00:00:00,"Ул. Рубинштейна, 24",6352,274,"142,18",Наличные,"700,86","558,68",Мужской,22-10-1958,Комиксы,Флэш,TRUE,"[59.929700, 30.344695]"
07:39:32,2024-02-06 00:00:00,"Ул. Декабристов, 15",6835,248,"198,08",Наличные,"884,41","686,33",Женский,02-10-1964,Художественная литература,Отцы и дети,TRUE,"[59.928154, 30.302429]"
16:17:33,2024-02-06 00:00:00,"Ул. Декабристов, 15",7972,458,"113,02",Карта,"1066,2","953,18",Женский,01-10-1977,Комиксы,Бэтмен,TRUE,"[59.928154, 30.302429]"
07:39:01,2024-02-06 00:00:00,"Ул. Рубинштейна, 24",8310,33,"194,385",Наличные,"647,95","453,565",Мужской,27-11-1995,Научная литература,Философия науки,TRUE,"[59.929700, 30.344695]"
03:45:07,2024-02-06 00:00:00,"Ул. Рубинштейна, 24",9103,52,"153,903",Карта,"513,01","359,107",Мужской,12-01-2000,Художественная литература,Мастер и Маргарита,TRUE,"[59.929700, 30.344695]"
07:18:04,2024-02-06 00:00:00,"Гагаринская ул., 12",190171,17,"236,64",Карта,"788,8","552,16",Мужской,27-12-1962,Путеводители,Турция,TRUE,"[59.946153, 30.342916]"
05:11:38,2024-02-07 00:00:00,"Московский пр., 90",1970,483,"401,019",Наличные,"1336,73","935,711",Женский,28-03-1957,Учебники,Химия 9 класс,TRUE,"[59.924032, 30.317189]"
00:06:24,2024-02-07 00:00:00,"Ул. Рубинштейна, 24",3982,360,"74,17",Наличные,"647,95","573,78",Женский,21-08-1995,Научная литература,Философия науки,TRUE,"[59.929700, 30.344695]"
12:59:55,2024-02-07 00:00:00,"Гагаринская ул., 12",5350,500,"153,12",Карта,"758,37","605,25",Мужской,03-12-1965,Научная литература,Палеонтология,TRUE,"[59.946153, 30.342916]"
04:47:26,2024-02-07 00:00:00,"Ул. Рубинштейна, 24",6680,469,"153,528",Наличные,"511,76","358,232",Женский,05-03-1962,Художественная литература,Преступление и наказание,TRUE,"[59.929700, 30.344695]"
09:14:39,2024-02-07 00:00:00,"Московский пр., 90",7396,324,"213,735",Онлайн,"712,45","498,715",Женский,15-08-1975,Путеводители,Швейцария,TRUE,"[59.924032, 30.317189]"
09:56:05,2024-02-07 00:00:00,"Невский пр., 30",9399,316,"158,031",Онлайн,"526,77","368,739",Женский,11-08-1985,Научная литература,Философия науки,TRUE,"[59.935543, 30.327349]"
23:27:55,2024-02-07 00:00:00,"Московский пр., 90",9892,429,"141,21",Карта,"706,04","564,83",Женский,01-04-1969,Научная литература,Квантовая физика,TRUE,"[59.924032, 30.317189]"
01:16:35,2024-02-08 00:00:00,"Ул. Рубинштейна, 24",1239,49,"195,396",Онлайн,"651,32","455,924",Мужской,25-10-1963,Художественная литература,Лолита,TRUE,"[59.929700, 30.344695]"
10:35:18,2024-02-08 00:00:00,"Гагаринская ул., 12",4111,153,"171,192",Карта,"570,64","399,448",Мужской,21-12-1999,Учебники,Алгебра 7 класс,TRUE,"[59.946153, 30.342916]"
01:31:05,2024-02-08 00:00:00,"Ул. Рубинштейна, 24",5778,11,"121,18",Карта,"750,64","629,46",Женский,26-02-1962,Художественная литература,Лолита,TRUE,"[59.929700, 30.344695]"
07:58:38,2024-02-08 00:00:00,"Московский пр., 90",8518,457,"66,75",Наличные,"800,65","733,9",Женский,08-11-1996,Учебники,История России 10 класс,TRUE,"[59.924032, 30.317189]"
08:26:49,2024-02-08 00:00:00,"Гагаринская ул., 12",8674,354,"30,4",Наличные,"608,07","577,67",Мужской,04-10-1989,Путеводители,Швейцария,TRUE,"[59.946153, 30.342916]"
16:45:48,2024-02-08 00:00:00,"Невский пр., 30",8858,428,"86,36",Наличные,"609,74","523,38",Женский,28-03-1961,Учебники,Химия 9 класс,TRUE,"[59.935543, 30.327349]"
08:38:26,2024-02-08 00:00:00,"Гагаринская ул., 12",9034,237,"189,468",Онлайн,"631,56","442,092",Женский,25-01-1974,Путеводители,Индонезия,TRUE,"[59.946153, 30.342916]"
05:05:22,2024-02-09 00:00:00,"Ул. Декабристов, 15",2206,294,"166,98",Карта,"556,6","389,62",Женский,09-04-2002,Путеводители,Мексика,TRUE,"[59.928154, 30.302429]"
15:23:01,2024-02-09 00:00:00,"Невский пр., 30",2499,255,"94,19",Онлайн,"578,79","484,6",Женский,21-06-2004,Научная литература,Квантовая физика,TRUE,"[59.935543, 30.327349]"
08:15:13,2024-02-09 00:00:00,"Невский пр., 30",4866,358,"156,21",Наличные,"520,7","364,49",Женский,01-09-1960,Научная литература,Квантовая физика,TRUE,"[59.935543, 30.327349]"
22:29:13,2024-02-09 00:00:00,"Невский пр., 30",6398,269,"213,57",Наличные,"711,9","498,33",Женский,21-10-1968,Научная литература,Палеонтология,TRUE,"[59.935543, 30.327349]"
03:27:10,2024-02-09 00:00:00,"Московский пр., 90",6506,18,"46,4",Карта,"872,18","825,78",Женский,27-04-1959,Учебники,География 6 класс,TRUE,"[59.924032, 30.317189]"
12:37:38,2024-02-09 00:00:00,"Ул. Декабристов, 15",6555,185,"210,048",Онлайн,"700,16","490,112",Женский,01-01-2006,Комиксы,Доктор Стрэндж,TRUE,"[59.928154, 30.302429]"
01:38:18,2024-02-09 00:00:00,"Гагаринская ул., 12",6939,153,"240,195",Наличные,"800,65","560,455",Мужской,21-12-1999,Учебники,История России 10 класс,TRUE,"[59.946153, 30.342916]"
02:36:37,2024-02-09 00:00:00,"Ул. Рубинштейна, 24",7496,140,"98,25",Онлайн,"547,85","449,6",Мужской,16-04-1995,Научная литература,Квантовая физика,TRUE,"[59.929700, 30.344695]"
15:50:47,2024-02-09 00:00:00,"Ул. Рубинштейна, 24",7918,490,"153,14",Онлайн,"741,58","588,44",Мужской,31-07-1993,Путеводители,Италия,TRUE,"[59.929700, 30.344695]"
16:10:47,2024-02-10 00:00:00,"Ул. Декабристов, 15",1209,140,"88,82",Карта,"592,13","503,31",Мужской,16-04-1995,Комиксы,Доктор Стрэндж,TRUE,"[59.928154, 30.302429]"
11:02:46,2024-02-10 00:00:00,"Гагаринская ул., 12",2236,76,"34,63",Онлайн,"528,88","494,25",Женский,19-01-1958,Комиксы,Человек-Паук,TRUE,"[59.946153, 30.342916]"
13:24:31,2024-02-10 00:00:00,"Ул. Рубинштейна, 24",2667,448,"93,28",Онлайн,"803,08","709,8",Женский,19-02-1980,Путеводители,Италия,TRUE,"[59.929700, 30.344695]"
19:02:16,2024-02-10 00:00:00,"Невский пр., 30",3437,115,"178,941",Карта,"596,47","417,529",Мужской,10-05-1968,Научная литература,Квантовая физика,TRUE,"[59.935543, 30.327349]"
11:27:19,2024-02-10 00:00:00,"Ул. Декабристов, 15",3567,394,"167,235",Наличные,"557,45","390,215",Мужской,12-08-1974,Учебники,Физика 8 класс,TRUE,"[59.928154, 30.302429]"
07:59:16,2024-02-10 00:00:00,"Невский пр., 30",4744,421,"68,77",Наличные,"1082,59","1013,82",Женский,04-03-1986,Научная литература,Философия науки,TRUE,"[59.935543, 30.327349]"
18:11:11,2024-02-10 00:00:00,"Ул. Декабристов, 15",4762,400,"206,166",Онлайн,"687,22","481,054",Мужской,02-12-1977,Художественная литература,Лолита,TRUE,"[59.928154, 30.302429]"
19:12:28,2024-02-10 00:00:00,"Ул. Рубинштейна, 24",4811,199,"206,934",Наличные,"689,78","482,846",Мужской,09-06-1971,Научная литература,Философия науки,TRUE,"[59.929700, 30.344695]"
07:28:35,2024-02-10 00:00:00,"Ул. Рубинштейна, 24",5066,427,"199,092",Наличные,"663,64","464,548",Женский,28-12-1965,Путеводители,Турция,TRUE,"[59.929700, 30.344695]"
20:07:36,2024-02-10 00:00:00,"Московский пр., 90",5327,149,"184,674",Карта,"615,58","430,906",Мужской,14-06-1984,Художественная литература,Мастер и Маргарита,TRUE,"[59.924032, 30.317189]"
13:26:23,2024-02-10 00:00:00,"Невский пр., 30",6156,254,"181,35",Наличные,"648,28","466,93",Мужской,09-05-1975,Научная литература,Микробиология,TRUE,"[59.935543, 30.327349]"
20:23:11,2024-02-10 00:00:00,"Ул. Декабристов, 15",7026,78,"211,503",Карта,"705,01","493,507",Мужской,21-09-1955,Учебники,География 6 класс,TRUE,"[59.928154, 30.302429]"
16:07:38,2024-02-10 00:00:00,"Ул. Рубинштейна, 24",7626,269,"280,071",Карта,"933,57","653,499",Женский,21-10-1968,Комиксы,Супермен,TRUE,"[59.929700, 30.344695]"
22:51:06,2024-02-10 00:00:00,"Московский пр., 90",8320,4,"58,94",Карта,"851,87","792,93",Женский,19-01-1956,Комиксы,Флэш,TRUE,"[59.924032, 30.317189]"
21:51:56,2024-02-11 00:00:00,"Ул. Рубинштейна, 24",1913,195,"167,307",Наличные,"557,69","390,383",Женский,03-12-2004,Учебники,Химия 9 класс,TRUE,"[59.929700, 30.344695]"
12:52:22,2024-02-11 00:00:00,"Ул. Рубинштейна, 24",2637,243,"108,66",Наличные,"631,03","522,37",Женский,12-10-1997,Путеводители,Турция,TRUE,"[59.929700, 30.344695]"
14:49:18,2024-02-11 00:00:00,"Ул. Рубинштейна, 24",2753,207,"212,331",Карта,"707,77","495,439",Женский,15-11-1979,Комиксы,Доктор Стрэндж,TRUE,"[59.929700, 30.344695]"
20:36:37,2024-02-11 00:00:00,"Московский пр., 90",2925,294,"175,758",Карта,"585,86","410,102",Женский,09-04-2002,Художественная литература,Лолита,TRUE,"[59.924032, 30.317189]"
09:55:34,2024-02-11 00:00:00,"Ул. Декабристов, 15",2967,97,"161,427",Наличные,"538,09","376,663",Мужской,01-09-1957,Научная литература,Микробиология,TRUE,"[59.928154, 30.302429]"
02:51:27,2024-02-11 00:00:00,"Ул. Декабристов, 15",3104,225,"162,429",Онлайн,"541,43","379,001",Женский,25-01-1991,Художественная литература,Обломов,TRUE,"[59.928154, 30.302429]"
19:13:05,2024-02-11 00:00:00,"Невский пр., 30",4012,292,"59,97",Карта,"620,05","560,08",Мужской,17-01-1964,Научная литература,Микробиология,TRUE,"[59.935543, 30.327349]"
18:10:17,2024-02-11 00:00:00,"Ул. Рубинштейна, 24",4973,121,"31,89",Карта,"637,73","605,84",Женский,11-05-1991,Учебники,Физика 8 класс,TRUE,"[59.929700, 30.344695]"
00:30:53,2024-02-11 00:00:00,"Невский пр., 30",5397,393,"298,86",Наличные,"1306,51","1007,65",Мужской,26-05-1954,Научная литература,Палеонтология,TRUE,"[59.935543, 30.327349]"
10:11:02,2024-02-11 00:00:00,"Ул. Декабристов, 15",6400,254,"208,677",Наличные,"695,59","486,913",Мужской,09-05-1975,Художественная литература,Обломов,TRUE,"[59.928154, 30.302429]"
08:42:53,2024-02-11 00:00:00,"Ул. Декабристов, 15",6866,469,"109,14",Наличные,"767,62","658,48",Женский,05-03-1962,Учебники,Химия 9 класс,TRUE,"[59.928154, 30.302429]"
17:31:12,2024-02-11 00:00:00,"Гагаринская ул., 12",7095,445,"220,746",Онлайн,"735,82","515,074",Мужской,17-04-1956,Художественная литература,Преступление и наказание,TRUE,"[59.946153, 30.342916]"
20:59:09,2024-02-11 00:00:00,"Гагаринская ул., 12",7140,496,"91,56",Онлайн,"651,32","559,76",Женский,13-07-1961,Художественная литература,Лолита,TRUE,"[59.946153, 30.342916]"
09:16:09,2024-02-11 00:00:00,"Ул. Декабристов, 15",7249,125,"182,421",Карта,"608,07","425,649",Женский,03-03-1994,Путеводители,Швейцария,TRUE,"[59.928154, 30.302429]"
15:24:09,2024-02-11 00:00:00,"Невский пр., 30",7395,206,"144,39",Онлайн,"552,35","407,96",Женский,16-04-1994,Художественная литература,Обломов,TRUE,"[59.935543, 30.327349]"
16:43:22,2024-02-11 00:00:00,"Невский пр., 30",8763,274,"240,129",Онлайн,"800,43","560,301",Мужской,22-10-1958,Путеводители,Мексика,TRUE,"[59.935543, 30.327349]"
08:22:46,2024-02-12 00:00:00,"Московский пр., 90",1293,484,"182,325",Наличные,"607,75","425,425",Мужской,28-05-1964,Комиксы,Человек-Паук,TRUE,"[59.924032, 30.317189]"
16:44:41,2024-02-12 00:00:00,"Гагаринская ул., 12",7693,165,"213,735",Карта,"712,45","498,715",Женский,06-03-1971,Путеводители,Швейцария,TRUE,"[59.946153, 30.342916]"
15:17:52,2024-02-12 00:00:00,"Ул. Декабристов, 15",8835,17,"115,35",Наличные,"513,01","397,66",Мужской,27-12-1962,Художественная литература,Мастер и Маргарита,TRUE,"[59.928154, 30.302429]"
11:22:20,2024-02-13 00:00:00,"Московский пр., 90",2056,490,"77,04",Наличные,"642,55","565,51",Мужской,31-07-1993,Художественная литература,Лолита,TRUE,"[59.924032, 30.317189]"
02:20:12,2024-02-13 00:00:00,"Невский пр., 30",2179,67,"145,03",Онлайн,"552,35","407,32",Мужской,20-11-1959,Художественная литература,Обломов,TRUE,"[59.935543, 30.327349]"
07:21:44,2024-02-13 00:00:00,"Ул. Декабристов, 15",3775,282,"183,087",Онлайн,"610,29","427,203",Женский,14-07-1957,Художественная литература,Отцы и дети,TRUE,"[59.928154, 30.302429]"
15:06:29,2024-02-13 00:00:00,"Московский пр., 90",6393,40,"182,676",Онлайн,"608,92","426,244",Мужской,08-07-1979,Учебники,География 6 класс,TRUE,"[59.924032, 30.317189]"
08:41:00,2024-02-13 00:00:00,"Гагаринская ул., 12",6948,334,"161,09",Карта,"651,32","490,23",Мужской,08-06-1961,Художественная литература,Лолита,TRUE,"[59.946153, 30.342916]"
11:21:11,2024-02-13 00:00:00,"Московский пр., 90",7078,46,"183,897",Наличные,"612,99","429,093",Женский,22-08-2000,Комиксы,Доктор Стрэндж,TRUE,"[59.924032, 30.317189]"
20:30:09,2024-02-13 00:00:00,"Ул. Декабристов, 15",7271,384,"197,04",Карта,"1160,44","963,4",Женский,20-12-1976,Комиксы,Флэш,TRUE,"[59.928154, 30.302429]"
14:07:47,2024-02-13 00:00:00,"Ул. Рубинштейна, 24",7765,367,"107,62",Наличные,"572,42","464,8",Мужской,15-09-1994,Художественная литература,Отцы и дети,TRUE,"[59.929700, 30.344695]"
15:38:50,2024-02-13 00:00:00,"Невский пр., 30",8570,346,"63,6",Карта,"500,55","436,95",Женский,11-06-2000,Путеводители,Швейцария,TRUE,"[59.935543, 30.327349]"
15:03:34,2024-02-13 00:00:00,"Ул. Рубинштейна, 24",9051,39,"101,77",Карта,"1017,66","915,89",Женский,31-07-1969,Комиксы,Флэш,TRUE,"[59.929700, 30.344695]"
22:22:05,2024-02-13 00:00:00,"Московский пр., 90",9370,455,"56,65",Онлайн,"955,05","898,4",Мужской,01-02-1982,Комиксы,Флэш,TRUE,"[59.924032, 30.317189]"
09:17:46,2024-02-13 00:00:00,"Невский пр., 30",9511,41,"84,34",Карта,"666,19","581,85",Мужской,11-11-1981,Научная литература,Экономика труда,TRUE,"[59.935543, 30.327349]"
15:51:37,2024-02-14 00:00:00,"Гагаринская ул., 12",1295,215,"153,903",Онлайн,"513,01","359,107",Мужской,07-10-1974,Художественная литература,Мастер и Маргарита,TRUE,"[59.946153, 30.342916]"
03:59:55,2024-02-14 00:00:00,"Московский пр., 90",3413,490,"195,73",Наличные,"763,41","567,68",Мужской,31-07-1993,Научная литература,Квантовая физика,TRUE,"[59.924032, 30.317189]"
18:37:52,2024-02-14 00:00:00,"Гагаринская ул., 12",3703,235,"205,374",Карта,"684,58","479,206",Мужской,23-02-2004,Научная литература,Палеонтология,TRUE,"[59.946153, 30.342916]"
12:52:50,2024-02-14 00:00:00,"Невский пр., 30",6767,274,"87,81",Онлайн,"980,26","892,45",Мужской,22-10-1958,Комиксы,Бэтмен,TRUE,"[59.935543, 30.327349]"
19:08:17,2024-02-14 00:00:00,"Гагаринская ул., 12",6981,271,"171,192",Карта,"570,64","399,448",Мужской,03-10-1956,Учебники,Алгебра 7 класс,TRUE,"[59.946153, 30.342916]"
04:55:35,2024-02-14 00:00:00,"Ул. Декабристов, 15",8536,43,"88,95",Онлайн,"954,32","865,37",Женский,14-10-1965,Путеводители,Швейцария,TRUE,"[59.928154, 30.302429]"
18:21:22,2024-02-14 00:00:00,"Гагаринская ул., 12",9653,22,"173,646",Наличные,"578,82","405,174",Мужской,05-06-2006,Научная литература,Экономика труда,TRUE,"[59.946153, 30.342916]"
19:14:40,2024-02-14 00:00:00,"Гагаринская ул., 12",9839,473,"95,17",Наличные,"739,36","644,19",Мужской,23-09-1954,Комиксы,Супермен,TRUE,"[59.946153, 30.342916]"
21:42:23,2024-02-15 00:00:00,"Ул. Декабристов, 15",2246,5,"53,36",Наличные,"756,58","703,22",Мужской,30-03-1955,Художественная литература,Преступление и наказание,TRUE,"[59.928154, 30.302429]"
04:08:54,2024-02-15 00:00:00,"Невский пр., 30",2523,10,"33,88",Наличные,"507,58","473,7",Женский,27-04-1998,Комиксы,Человек-Паук,TRUE,"[59.935543, 30.327349]"
19:06:32,2024-02-15 00:00:00,"Невский пр., 30",2566,177,"182,922",Онлайн,"609,74","426,818",Мужской,15-04-1988,Учебники,Химия 9 класс,TRUE,"[59.935543, 30.327349]"
07:48:26,2024-02-15 00:00:00,"Ул. Рубинштейна, 24",4014,59,"319,86",Онлайн,"1066,2","746,34",Женский,26-03-1972,Комиксы,Бэтмен,TRUE,"[59.929700, 30.344695]"
15:27:15,2024-02-15 00:00:00,"Ул. Рубинштейна, 24",4173,282,"166,98",Наличные,"556,6","389,62",Женский,14-07-1957,Путеводители,Мексика,TRUE,"[59.929700, 30.344695]"
14:22:27,2024-02-15 00:00:00,"Ул. Рубинштейна, 24",7375,131,"153,042",Наличные,"510,14","357,098",Женский,24-10-1977,Комиксы,Доктор Стрэндж,TRUE,"[59.929700, 30.344695]"
00:09:19,2024-02-15 00:00:00,"Невский пр., 30",8538,399,"174,99",Онлайн,"688,65","513,66",Женский,29-04-1991,Художественная литература,Мастер и Маргарита,TRUE,"[59.935543, 30.327349]"
22:21:16,2024-02-15 00:00:00,"Ул. Декабристов, 15",8677,22,"226,974",Карта,"756,58","529,606",Мужской,05-06-2006,Художественная литература,Преступление и наказание,TRUE,"[59.928154, 30.302429]"
03:41:56,2024-02-15 00:00:00,"Ул. Декабристов, 15",9605,416,"147,4",Карта,"621,96","474,56",Мужской,09-12-1965,Художественная литература,Отцы и дети,TRUE,"[59.928154, 30.302429]"
14:40:26,2024-02-16 00:00:00,"Невский пр., 30",1545,199,"287,412",Карта,"958,04","670,628",Мужской,09-06-1971,Путеводители,Индонезия,TRUE,"[59.935543, 30.327349]"
00:53:05,2024-02-16 00:00:00,"Гагаринская ул., 12",2982,290,"108,65",Онлайн,"1160,44","1051,79",Мужской,19-03-1998,Комиксы,Флэш,TRUE,"[59.946153, 30.342916]"
11:08:26,2024-02-16 00:00:00,"Ул. Декабристов, 15",3433,349,"229,023",Наличные,"763,41","534,387",Женский,07-05-1983,Научная литература,Квантовая физика,TRUE,"[59.928154, 30.302429]"
10:46:28,2024-02-16 00:00:00,"Ул. Декабристов, 15",4661,326,"100,6",Наличные,"1154,93","1054,33",Мужской,31-10-1962,Художественная литература,Мастер и Маргарита,TRUE,"[59.928154, 30.302429]"
21:37:44,2024-02-16 00:00:00,"Ул. Декабристов, 15",5339,67,"196,398",Карта,"654,66","458,262",Мужской,20-11-1959,Научная литература,Микробиология,TRUE,"[59.928154, 30.302429]"
10:21:56,2024-02-16 00:00:00,"Гагаринская ул., 12",5406,59,"120,04",Онлайн,"677,63","557,59",Женский,26-03-1972,Научная литература,Квантовая физика,TRUE,"[59.946153, 30.342916]"
23:09:58,2024-02-16 00:00:00,"Ул. Рубинштейна, 24",6392,1,"182,76",Наличные,"976,83","794,07",Женский,12-02-2003,Художественная литература,Отцы и дети,TRUE,"[59.929700, 30.344695]"
12:25:55,2024-02-16 00:00:00,"Гагаринская ул., 12",8419,218,"125,58",Онлайн,"615,58",490,Женский,06-05-1969,Художественная литература,Мастер и Маргарита,TRUE,"[59.946153, 30.342916]"
12:43:01,2024-02-16 00:00:00,"Ул. Рубинштейна, 24",8885,6,"153,75",Карта,"512,5","358,75",Мужской,06-09-1969,Научная литература,Микробиология,TRUE,"[59.929700, 30.344695]"
20:40:10,2024-02-17 00:00:00,"Ул. Рубинштейна, 24",4565,87,"100,1",Онлайн,"620,05","519,95",Женский,29-06-1994,Научная литература,Микробиология,TRUE,"[59.929700, 30.344695]"
05:18:02,2024-02-17 00:00:00,"Ул. Декабристов, 15",6357,286,"199,857",Карта,"666,19","466,333",Женский,10-09-1974,Научная литература,Экономика труда,TRUE,"[59.928154, 30.302429]"
22:09:55,2024-02-17 00:00:00,"Московский пр., 90",6950,103,"106,38",Наличные,"578,79","472,41",Женский,09-04-1964,Научная литература,Квантовая физика,TRUE,"[59.924032, 30.317189]"
03:21:04,2024-02-17 00:00:00,"Ул. Рубинштейна, 24",6980,190,"175,52",Онлайн,"712,45","536,93",Женский,04-11-2001,Путеводители,Швейцария,TRUE,"[59.929700, 30.344695]"
21:25:23,2024-02-17 00:00:00,"Ул. Декабристов, 15",7297,40,"219,582",Наличные,"731,94","512,358",Мужской,08-07-1979,Художественная литература,Лолита,TRUE,"[59.928154, 30.302429]"
11:20:08,2024-02-17 00:00:00,"Московский пр., 90",7513,77,"177,5",Карта,"887,52","710,02",Мужской,27-04-1955,Учебники,География 6 класс,TRUE,"[59.924032, 30.317189]"
00:25:40,2024-02-17 00:00:00,"Ул. Декабристов, 15",7645,41,"66,63",Карта,"561,76","495,13",Мужской,11-11-1981,Научная литература,Философия науки,TRUE,"[59.928154, 30.302429]"
02:42:15,2024-02-17 00:00:00,"Невский пр., 30",9198,102,"81,78",Наличные,"547,42","465,64",Женский,17-07-1978,Путеводители,Турция,TRUE,"[59.935543, 30.327349]"
20:44:23,2024-02-18 00:00:00,"Московский пр., 90",1168,263,"166,96",Онлайн,"620,05","453,09",Женский,29-09-2001,Научная литература,Микробиология,TRUE,"[59.924032, 30.317189]"
14:58:39,2024-02-18 00:00:00,"Гагаринская ул., 12",3323,73,"135,85",Онлайн,"756,58","620,73",Женский,08-04-2002,Художественная литература,Преступление и наказание,TRUE,"[59.946153, 30.342916]"
18:34:46,2024-02-18 00:00:00,"Невский пр., 30",3570,447,"88,81",Наличные,"592,06","503,25",Мужской,21-01-1992,Путеводители,Италия,TRUE,"[59.935543, 30.327349]"
03:27:33,2024-02-18 00:00:00,"Московский пр., 90",5108,84,"67,81",Онлайн,"513,01","445,2",Женский,09-10-1969,Художественная литература,Мастер и Маргарита,TRUE,"[59.924032, 30.317189]"
20:04:40,2024-02-18 00:00:00,"Гагаринская ул., 12",5494,437,"114,16",Карта,"611,56","497,4",Мужской,26-03-1979,Комиксы,Супермен,TRUE,"[59.946153, 30.342916]"
14:35:23,2024-02-18 00:00:00,"Невский пр., 30",6529,254,"185,079",Наличные,"616,93","431,851",Мужской,09-05-1975,Художественная литература,Обломов,TRUE,"[59.935543, 30.327349]"
06:59:31,2024-02-18 00:00:00,"Невский пр., 30",9165,428,"158,061",Наличные,"526,87","368,809",Женский,28-03-1961,Путеводители,Швейцария,TRUE,"[59.935543, 30.327349]"
13:12:16,2024-02-18 00:00:00,"Ул. Декабристов, 15",9192,25,"186,522",Карта,"621,74","435,218",Женский,02-05-1955,Научная литература,Экономика труда,TRUE,"[59.928154, 30.302429]"
07:03:09,2024-02-18 00:00:00,"Ул. Декабристов, 15",9946,463,"86,94",Карта,"576,5","489,56",Женский,23-06-1964,Научная литература,Микробиология,TRUE,"[59.928154, 30.302429]"
06:13:29,2024-02-19 00:00:00,"Ул. Рубинштейна, 24",3673,424,"151,632",Наличные,"505,44","353,808",Мужской,10-12-1979,Научная литература,Философия науки,TRUE,"[59.929700, 30.344695]"
04:15:15,2024-02-19 00:00:00,"Невский пр., 30",3856,418,"291,339",Карта,"971,13","679,791",Мужской,04-02-1965,Путеводители,Италия,TRUE,"[59.935543, 30.327349]"
19:11:56,2024-02-19 00:00:00,"Ул. Рубинштейна, 24",3887,409,"287,16",Наличные,"957,2","670,04",Женский,15-06-1968,Комиксы,Доктор Стрэндж,TRUE,"[59.929700, 30.344695]"
23:40:07,2024-02-19 00:00:00,"Гагаринская ул., 12",4348,351,"192,024",Онлайн,"640,08","448,056",Мужской,01-06-1985,Художественная литература,Отцы и дети,TRUE,"[59.946153, 30.342916]"
05:41:27,2024-02-19 00:00:00,"Московский пр., 90",4906,226,"119,65",Наличные,"676,9","557,25",Женский,18-06-1964,Путеводители,Швейцария,TRUE,"[59.924032, 30.317189]"
12:21:39,2024-02-19 00:00:00,"Ул. Рубинштейна, 24",6068,147,"83,69",Наличные,"836,87","753,18",Женский,10-04-1985,Научная литература,Экономика труда,TRUE,"[59.929700, 30.344695]"
14:50:46,2024-02-19 00:00:00,"Гагаринская ул., 12",6378,186,"182,421",Онлайн,"608,07","425,649",Женский,07-07-1990,Путеводители,Швейцария,TRUE,"[59.946153, 30.342916]"
09:12:32,2024-02-19 00:00:00,"Московский пр., 90",8972,32,"200,889",Наличные,"669,63","468,741",Мужской,11-08-1975,Учебники,География 6 класс,TRUE,"[59.924032, 30.317189]"
08:24:24,2024-02-19 00:00:00,"Гагаринская ул., 12",8986,210,"134,09",Онлайн,"800,65","666,56",Мужской,29-11-1957,Учебники,История России 10 класс,TRUE,"[59.946153, 30.342916]"
14:04:50,2024-02-19 00:00:00,"Гагаринская ул., 12",9519,9,"173,637",Карта,"578,79","405,153",Мужской,27-03-1970,Научная литература,Квантовая физика,TRUE,"[59.946153, 30.342916]"
07:55:31,2024-02-19 00:00:00,"Невский пр., 30",9669,224,"103,45",Наличные,"541,43","437,98",Женский,20-08-1979,Художественная литература,Обломов,TRUE,"[59.935543, 30.327349]"
10:33:15,2024-02-19 00:00:00,"Ул. Декабристов, 15",9958,383,"172,94",Карта,"1278,7","1105,76",Мужской,10-12-1961,Художественная литература,Преступление и наказание,TRUE,"[59.928154, 30.302429]"
04:58:12,2024-02-20 00:00:00,"Московский пр., 90",2079,207,"226,974",Онлайн,"756,58","529,606",Женский,15-11-1979,Художественная литература,Преступление и наказание,TRUE,"[59.924032, 30.317189]"
07:38:57,2024-02-20 00:00:00,"Ул. Декабристов, 15",2353,438,"107,54",Онлайн,"535,56","428,02",Мужской,05-02-1966,Комиксы,Флэш,TRUE,"[59.928154, 30.302429]"
01:16:36,2024-02-20 00:00:00,"Невский пр., 30",6412,180,"69,8",Наличные,"559,14","489,34",Женский,29-11-1978,Художественная литература,Обломов,TRUE,"[59.935543, 30.327349]"
04:47:50,2024-02-21 00:00:00,"Невский пр., 30",1533,17,"55,25",Карта,"528,43","473,18",Мужской,27-12-1962,Комиксы,Доктор Стрэндж,TRUE,"[59.935543, 30.327349]"
23:15:07,2024-02-21 00:00:00,"Ул. Рубинштейна, 24",1568,405,"287,412",Карта,"958,04","670,628",Женский,07-09-1982,Путеводители,Индонезия,TRUE,"[59.929700, 30.344695]"
08:48:13,2024-02-21 00:00:00,"Московский пр., 90",2487,40,"173,646",Карта,"578,82","405,174",Мужской,08-07-1979,Научная литература,Экономика труда,TRUE,"[59.924032, 30.317189]"
11:27:19,2024-02-21 00:00:00,"Невский пр., 30",4145,390,"152,016",Карта,"506,72","354,704",Женский,18-09-1975,Художественная литература,Преступление и наказание,TRUE,"[59.935543, 30.327349]"
17:38:54,2024-02-21 00:00:00,"Невский пр., 30",4720,463,"128,53",Онлайн,"526,77","398,24",Женский,23-06-1964,Научная литература,Философия науки,TRUE,"[59.935543, 30.327349]"
05:54:49,2024-02-21 00:00:00,"Ул. Рубинштейна, 24",7523,487,"189,153",Онлайн,"630,51","441,357",Женский,20-07-1997,Путеводители,Швейцария,TRUE,"[59.929700, 30.344695]"
13:51:35,2024-02-21 00:00:00,"Невский пр., 30",9550,306,"210,258",Наличные,"700,86","490,602",Мужской,05-01-1961,Комиксы,Флэш,TRUE,"[59.935543, 30.327349]"
05:50:50,2024-02-22 00:00:00,"Невский пр., 30",2575,4,"162,98",Наличные,"543,27","380,29",Женский,19-01-1956,Путеводители,Индонезия,TRUE,"[59.935543, 30.327349]"
06:08:25,2024-02-22 00:00:00,"Гагаринская ул., 12",3439,33,"158,031",Онлайн,"526,77","368,739",Мужской,27-11-1995,Научная литература,Философия науки,TRUE,"[59.946153, 30.342916]"
18:09:07,2024-02-22 00:00:00,"Ул. Рубинштейна, 24",3806,410,"324,777",Онлайн,"1082,59","757,813",Женский,11-11-1988,Научная литература,Философия науки,TRUE,"[59.929700, 30.344695]"
23:01:50,2024-02-22 00:00:00,"Московский пр., 90",4723,112,"200,472",Наличные,"668,24","467,768",Мужской,04-06-1985,Путеводители,Италия,TRUE,"[59.924032, 30.317189]"
05:27:08,2024-02-22 00:00:00,"Московский пр., 90",6499,155,"140,37",Онлайн,"583,61","443,24",Женский,20-06-1988,Комиксы,Супермен,TRUE,"[59.924032, 30.317189]"
21:31:25,2024-02-22 00:00:00,"Невский пр., 30",7055,281,"64,22",Онлайн,"1212,61","1148,39",Мужской,26-01-1982,Путеводители,Мексика,TRUE,"[59.935543, 30.327349]"
01:47:02,2024-02-22 00:00:00,"Невский пр., 30",7912,99,"99,16",Онлайн,"734,96","635,8",Женский,17-03-1976,Комиксы,Человек-Паук,TRUE,"[59.935543, 30.327349]"
05:13:51,2024-02-22 00:00:00,"Ул. Рубинштейна, 24",8517,448,"266,256",Карта,"887,52","621,264",Женский,19-02-1980,Учебники,География 6 класс,TRUE,"[59.929700, 30.344695]"
19:37:11,2024-02-23 00:00:00,"Невский пр., 30",3004,176,"152,27",Онлайн,"654,66","502,39",Мужской,11-07-1984,Научная литература,Микробиология,TRUE,"[59.935543, 30.327349]"
08:23:20,2024-02-23 00:00:00,"Ул. Декабристов, 15",3162,111,"175,758",Карта,"585,86","410,102",Мужской,06-08-1975,Художественная литература,Лолита,TRUE,"[59.928154, 30.302429]"
13:42:12,2024-02-23 00:00:00,"Ул. Рубинштейна, 24",3638,143,"182,922",Онлайн,"609,74","426,818",Женский,12-06-2003,Учебники,Химия 9 класс,TRUE,"[59.929700, 30.344695]"
09:20:30,2024-02-23 00:00:00,"Невский пр., 30",4903,40,"172,95",Наличные,"576,5","403,55",Мужской,08-07-1979,Научная литература,Микробиология,TRUE,"[59.935543, 30.327349]"
09:22:48,2024-02-23 00:00:00,"Невский пр., 30",5152,79,"174,01",Наличные,"842,39","668,38",Женский,21-03-2005,Учебники,Физика 8 класс,TRUE,"[59.935543, 30.327349]"
03:46:38,2024-02-23 00:00:00,"Ул. Декабристов, 15",5420,270,"152,976",Карта,"509,92","356,944",Женский,30-05-1994,Художественная литература,Преступление и наказание,TRUE,"[59.928154, 30.302429]"
18:31:23,2024-02-23 00:00:00,"Ул. Рубинштейна, 24",5591,213,"350,883",Онлайн,"1169,61","818,727",Мужской,27-01-2006,Учебники,История России 10 класс,TRUE,"[59.929700, 30.344695]"
00:50:30,2024-02-23 00:00:00,"Московский пр., 90",7548,390,"115,24",Онлайн,"682,38","567,14",Женский,18-09-1975,Комиксы,Человек-Паук,TRUE,"[59.924032, 30.317189]"
07:59:58,2024-02-24 00:00:00,"Гагаринская ул., 12",1155,282,"203,69",Карта,"857,59","653,9",Женский,14-07-1957,Научная литература,Палеонтология,TRUE,"[59.946153, 30.342916]"
18:22:46,2024-02-24 00:00:00,"Ул. Рубинштейна, 24",1991,38,"104,14",Карта,"768,2","664,06",Мужской,02-01-1976,Художественная литература,Мастер и Маргарита,TRUE,"[59.929700, 30.344695]"
18:12:01,2024-02-24 00:00:00,"Ул. Декабристов, 15",2842,390,"126,63",Онлайн,"540,21","413,58",Женский,18-09-1975,Учебники,Физика 8 класс,TRUE,"[59.928154, 30.302429]"
08:21:43,2024-02-24 00:00:00,"Ул. Декабристов, 15",3530,450,"287,83",Карта,"1177,86","890,03",Мужской,26-11-1995,Научная литература,Экономика труда,TRUE,"[59.928154, 30.302429]"
22:25:14,2024-02-24 00:00:00,"Ул. Рубинштейна, 24",3679,301,"174,65",Карта,"585,86","411,21",Мужской,03-11-1981,Художественная литература,Лолита,TRUE,"[59.929700, 30.344695]"
21:54:43,2024-02-24 00:00:00,"Ул. Рубинштейна, 24",3872,232,"106,76",Карта,"758,83","652,07",Мужской,16-05-1998,Научная литература,Философия науки,TRUE,"[59.929700, 30.344695]"
09:37:36,2024-02-24 00:00:00,"Ул. Рубинштейна, 24",5951,205,"110,28",Онлайн,"592,13","481,85",Мужской,07-08-1994,Комиксы,Доктор Стрэндж,TRUE,"[59.929700, 30.344695]"
08:30:24,2024-02-24 00:00:00,"Ул. Рубинштейна, 24",6380,354,"229,023",Карта,"763,41","534,387",Мужской,04-10-1989,Научная литература,Квантовая физика,TRUE,"[59.929700, 30.344695]"
22:03:25,2024-02-24 00:00:00,"Ул. Рубинштейна, 24",7894,6,"100,44",Карта,"669,63","569,19",Мужской,06-09-1969,Учебники,География 6 класс,TRUE,"[59.929700, 30.344695]"
20:52:35,2024-02-24 00:00:00,"Невский пр., 30",8326,405,"257,277",Наличные,"857,59","600,313",Женский,07-09-1982,Научная литература,Палеонтология,TRUE,"[59.935543, 30.327349]"
02:15:24,2024-02-25 00:00:00,"Московский пр., 90",2504,345,39,Наличные,"778,93","739,93",Женский,17-02-2004,Путеводители,Турция,TRUE,"[59.924032, 30.317189]"
00:05:57,2024-02-25 00:00:00,"Невский пр., 30",2757,219,"99,99",Онлайн,"980,26","880,27",Женский,26-10-1984,Комиксы,Бэтмен,TRUE,"[59.935543, 30.327349]"
02:59:39,2024-02-25 00:00:00,"Невский пр., 30",3405,189,"215,685",Наличные,"718,95","503,265",Мужской,23-04-1974,Путеводители,Индонезия,TRUE,"[59.935543, 30.327349]"
13:59:11,2024-02-25 00:00:00,"Московский пр., 90",3834,287,"172,15",Карта,"596,02","423,87",Женский,03-12-1982,Учебники,Алгебра 7 класс,TRUE,"[59.924032, 30.317189]"
05:59:08,2024-02-25 00:00:00,"Ул. Декабристов, 15",5858,314,"26,68",Наличные,"533,61","506,93",Женский,17-09-1955,Комиксы,Супермен,TRUE,"[59.928154, 30.302429]"
15:42:01,2024-02-25 00:00:00,"Гагаринская ул., 12",6904,67,"207,22",Наличные,"695,59","488,37",Мужской,20-11-1959,Художественная литература,Обломов,TRUE,"[59.946153, 30.342916]"
06:21:20,2024-02-25 00:00:00,"Гагаринская ул., 12",7934,491,"76,22",Карта,"838,73","762,51",Мужской,01-12-1990,Путеводители,Индонезия,TRUE,"[59.946153, 30.342916]"
04:24:35,2024-02-25 00:00:00,"Московский пр., 90",8246,109,"213,57",Наличные,"711,9","498,33",Мужской,25-04-1969,Научная литература,Палеонтология,TRUE,"[59.924032, 30.317189]"
01:36:18,2024-02-25 00:00:00,"Невский пр., 30",9625,438,"211,284",Наличные,"704,28","492,996",Мужской,05-02-1966,Художественная литература,Мастер и Маргарита,TRUE,"[59.935543, 30.327349]"
02:13:35,2024-02-25 00:00:00,"Невский пр., 30",9714,3,"206,595",Онлайн,"688,65","482,055",Женский,21-11-1982,Художественная литература,Мастер и Маргарита,TRUE,"[59.935543, 30.327349]"
02:40:56,2024-02-26 00:00:00,"Московский пр., 90",1638,259,"170,295",Онлайн,"567,65","397,355",Мужской,10-10-1974,Путеводители,Турция,TRUE,"[59.924032, 30.317189]"
06:22:54,2024-02-26 00:00:00,"Невский пр., 30",2132,220,"57,64",Наличные,"576,4","518,76",Мужской,11-09-1984,Учебники,История России 10 класс,TRUE,"[59.935543, 30.327349]"
09:37:48,2024-02-26 00:00:00,"Невский пр., 30",2397,354,"185,988",Онлайн,"619,96","433,972",Мужской,04-10-1989,Комиксы,Бэтмен,TRUE,"[59.935543, 30.327349]"
00:00:25,2024-02-26 00:00:00,"Ул. Декабристов, 15",2414,41,"61,92",Онлайн,"713,2","651,28",Мужской,11-11-1981,Учебники,История России 10 класс,TRUE,"[59.928154, 30.302429]"
15:16:47,2024-02-26 00:00:00,"Московский пр., 90",3729,416,"160,083",Карта,"533,61","373,527",Мужской,09-12-1965,Комиксы,Супермен,TRUE,"[59.924032, 30.317189]"
12:53:51,2024-02-26 00:00:00,"Ул. Декабристов, 15",5983,225,"155,427",Наличные,"518,09","362,663",Женский,25-01-1991,Научная литература,Микробиология,TRUE,"[59.928154, 30.302429]"
14:04:54,2024-02-26 00:00:00,"Невский пр., 30",8568,306,"178,65",Онлайн,"610,29","431,64",Мужской,05-01-1961,Художественная литература,Отцы и дети,TRUE,"[59.935543, 30.327349]"
15:35:53,2024-02-26 00:00:00,"Ул. Рубинштейна, 24",8662,139,"191,502",Онлайн,"638,34","446,838",Мужской,22-08-1989,Комиксы,Бэтмен,TRUE,"[59.929700, 30.344695]"
18:25:49,2024-02-27 00:00:00,"Московский пр., 90",2033,302,"61,19",Онлайн,"569,4","508,21",Мужской,14-05-1999,Учебники,Физика 8 класс,TRUE,"[59.924032, 30.317189]"
20:49:17,2024-02-27 00:00:00,"Ул. Рубинштейна, 24",3643,434,"164,829",Карта,"549,43","384,601",Женский,03-08-1978,Учебники,История России 10 класс,TRUE,"[59.929700, 30.344695]"
11:01:18,2024-02-28 00:00:00,"Ул. Рубинштейна, 24",3338,338,"123,62",Наличные,"565,16","441,54",Мужской,21-08-1983,Учебники,Химия 9 класс,TRUE,"[59.929700, 30.344695]"
07:44:29,2024-02-28 00:00:00,"Невский пр., 30",3831,481,"213,96",Карта,"713,2","499,24",Женский,25-02-1988,Учебники,История России 10 класс,TRUE,"[59.935543, 30.327349]"
02:25:16,2024-02-28 00:00:00,"Невский пр., 30",4215,218,"123,85",Наличные,"549,43","425,58",Женский,06-05-1969,Учебники,История России 10 класс,TRUE,"[59.935543, 30.327349]"
05:53:20,2024-02-28 00:00:00,"Гагаринская ул., 12",6789,220,"318,105",Наличные,"1060,35","742,245",Мужской,11-09-1984,Учебники,История России 10 класс,TRUE,"[59.946153, 30.342916]"
17:38:39,2024-02-28 00:00:00,"Невский пр., 30",7362,333,"102,52",Наличные,"585,95","483,43",Женский,18-04-1988,Научная литература,Экономика труда,TRUE,"[59.935543, 30.327349]"
04:45:26,2024-02-28 00:00:00,"Московский пр., 90",8725,76,"180,177",Наличные,"600,59","420,413",Женский,19-01-1958,Комиксы,Бэтмен,TRUE,"[59.924032, 30.317189]"
08:35:28,2024-02-29 00:00:00,"Гагаринская ул., 12",2139,428,"206,87",Онлайн,"786,89","580,02",Женский,28-03-1961,Художественная литература,Отцы и дети,TRUE,"[59.946153, 30.342916]"
08:08:24,2024-02-29 00:00:00,"Московский пр., 90",2270,149,"176,091",Карта,"586,97","410,879",Мужской,14-06-1984,Научная литература,Палеонтология,TRUE,"[59.924032, 30.317189]"
13:29:11,2024-02-29 00:00:00,"Ул. Декабристов, 15",3681,476,"153,099",Наличные,"510,33","357,231",Женский,04-02-1973,Художественная литература,Мастер и Маргарита,TRUE,"[59.928154, 30.302429]"
11:23:54,2024-02-29 00:00:00,"Ул. Рубинштейна, 24",4817,99,"194,484",Онлайн,"648,28","453,796",Женский,17-03-1976,Научная литература,Микробиология,TRUE,"[59.929700, 30.344695]"
10:02:06,2024-02-29 00:00:00,"Невский пр., 30",6271,185,"137,37",Онлайн,"872,18","734,81",Женский,01-01-2006,Учебники,География 6 класс,TRUE,"[59.935543, 30.327349]"
18:57:41,2024-02-29 00:00:00,"Гагаринская ул., 12",6873,326,"74,91",Наличные,"532,9","457,99",Мужской,31-10-1962,Художественная литература,Преступление и наказание,TRUE,"[59.946153, 30.342916]"
12:06:48,2024-02-29 00:00:00,"Гагаринская ул., 12",7282,224,"404,721",Наличные,"1349,07","944,349",Женский,20-08-1979,Научная литература,Философия науки,TRUE,"[59.946153, 30.342916]"
11:15:05,2024-02-29 00:00:00,"Московский пр., 90",8428,57,"61,08",Наличные,"616,93","555,85",Женский,17-04-1980,Художественная литература,Обломов,TRUE,"[59.924032, 30.317189]"
12:27:03,2024-02-29 00:00:00,"Ул. Декабристов, 15",9475,291,"148,23",Карта,"510,14","361,91",Мужской,15-11-1990,Комиксы,Доктор Стрэндж,TRUE,"[59.928154, 30.302429]"
06:21:43,2024-02-29 00:00:00,"Ул. Декабристов, 15",9636,38,"113,03",Карта,"565,16","452,13",Мужской,02-01-1976,Учебники,Химия 9 класс,TRUE,"[59.928154, 30.302429]"
11:30:03,2024-03-01 00:00:00,"Московский пр., 90",1235,344,"240,129",Онлайн,"800,43","560,301",Женский,08-01-1996,Путеводители,Мексика,TRUE,"[59.924032, 30.317189]"
09:23:17,2024-03-01 00:00:00,"Гагаринская ул., 12",1859,212,"175,002",Карта,"583,34","408,338",Женский,19-05-1995,Учебники,Химия 9 класс,TRUE,"[59.946153, 30.342916]"
18:22:15,2024-03-01 00:00:00,"Ул. Декабристов, 15",1881,345,"161,427",Наличные,"538,09","376,663",Женский,17-02-2004,Научная литература,Микробиология,TRUE,"[59.928154, 30.302429]"
05:23:42,2024-03-01 00:00:00,"Московский пр., 90",3142,235,"82,46",Онлайн,"676,9","594,44",Мужской,23-02-2004,Путеводители,Швейцария,TRUE,"[59.924032, 30.317189]"
20:00:16,2024-03-01 00:00:00,"Московский пр., 90",4788,81,"171,79",Онлайн,"619,96","448,17",Мужской,18-06-1987,Комиксы,Бэтмен,TRUE,"[59.924032, 30.317189]"
00:51:21,2024-03-01 00:00:00,"Гагаринская ул., 12",5711,456,"136,64",Наличные,"734,96","598,32",Женский,13-05-1991,Комиксы,Человек-Паук,TRUE,"[59.946153, 30.342916]"
00:36:16,2024-03-01 00:00:00,"Московский пр., 90",6211,260,"164,115",Онлайн,"547,05","382,935",Мужской,28-06-1992,Комиксы,Бэтмен,TRUE,"[59.924032, 30.317189]"
16:30:32,2024-03-01 00:00:00,"Ул. Рубинштейна, 24",7463,68,"159,87",Наличные,"532,9","373,03",Женский,01-06-1979,Художественная литература,Преступление и наказание,TRUE,"[59.929700, 30.344695]"
15:15:12,2024-03-01 00:00:00,"Невский пр., 30",7766,178,"167,235",Онлайн,"557,45","390,215",Женский,02-04-1962,Учебники,Физика 8 класс,TRUE,"[59.935543, 30.327349]"
11:29:24,2024-03-01 00:00:00,"Невский пр., 30",7891,400,"294,21",Наличные,"980,7","686,49",Мужской,02-12-1977,Комиксы,Флэш,TRUE,"[59.935543, 30.327349]"
04:02:50,2024-03-01 00:00:00,"Московский пр., 90",8004,390,"39,39",Наличные,"684,58","645,19",Женский,18-09-1975,Научная литература,Палеонтология,TRUE,"[59.924032, 30.317189]"
09:35:26,2024-03-01 00:00:00,"Московский пр., 90",8720,182,62,Наличные,"620,05","558,05",Женский,21-08-1977,Научная литература,Микробиология,TRUE,"[59.924032, 30.317189]"
16:52:43,2024-03-01 00:00:00,"Ул. Декабристов, 15",8991,59,"103,95",Онлайн,"578,79","474,84",Женский,26-03-1972,Научная литература,Квантовая физика,TRUE,"[59.928154, 30.302429]"
01:22:54,2024-03-02 00:00:00,"Невский пр., 30",1606,437,"228,87",Карта,"1169,61","940,74",Мужской,26-03-1979,Учебники,История России 10 класс,TRUE,"[59.935543, 30.327349]"
10:01:27,2024-03-02 00:00:00,"Гагаринская ул., 12",2517,86,"173,502",Карта,"578,34","404,838",Женский,16-12-1955,Путеводители,Мексика,TRUE,"[59.946153, 30.342916]"
07:16:36,2024-03-02 00:00:00,"Ул. Рубинштейна, 24",2918,483,"100,74",Онлайн,"555,57","454,83",Женский,28-03-1957,Путеводители,Мексика,TRUE,"[59.929700, 30.344695]"
19:19:19,2024-03-02 00:00:00,"Невский пр., 30",2930,488,"96,32",Карта,"838,73","742,41",Женский,14-01-1997,Путеводители,Индонезия,TRUE,"[59.935543, 30.327349]"
01:06:32,2024-03-02 00:00:00,"Невский пр., 30",4937,293,"156,21",Карта,"520,7","364,49",Женский,01-06-1993,Научная литература,Квантовая физика,TRUE,"[59.935543, 30.327349]"
16:13:43,2024-03-02 00:00:00,"Ул. Рубинштейна, 24",5633,377,"118,53",Карта,"569,4","450,87",Мужской,28-11-1966,Учебники,Физика 8 класс,TRUE,"[59.929700, 30.344695]"
15:57:59,2024-03-02 00:00:00,"Невский пр., 30",7744,76,"227,78",Карта,"800,65","572,87",Женский,19-01-1958,Учебники,История России 10 класс,TRUE,"[59.935543, 30.327349]"
00:51:50,2024-03-02 00:00:00,"Ул. Декабристов, 15",8396,104,"110,8",Онлайн,"619,96","509,16",Мужской,18-12-1982,Комиксы,Бэтмен,TRUE,"[59.928154, 30.302429]"
05:04:21,2024-03-02 00:00:00,"Невский пр., 30",9124,213,"162,213",Онлайн,"540,71","378,497",Мужской,27-01-2006,Научная литература,Экономика труда,TRUE,"[59.935543, 30.327349]"
02:56:03,2024-03-02 00:00:00,"Московский пр., 90",9413,81,"221,808",Карта,"739,36","517,552",Мужской,18-06-1987,Комиксы,Супермен,TRUE,"[59.924032, 30.317189]"
19:37:46,2024-03-03 00:00:00,"Гагаринская ул., 12",3069,390,"159,87",Наличные,"532,9","373,03",Женский,18-09-1975,Художественная литература,Преступление и наказание,TRUE,"[59.946153, 30.342916]"
03:00:07,2024-03-03 00:00:00,"Гагаринская ул., 12",6095,250,"207,44",Наличные,"945,1","737,66",Женский,15-05-1955,Комиксы,Человек-Паук,TRUE,"[59.946153, 30.342916]"
21:26:49,2024-03-03 00:00:00,"Ул. Рубинштейна, 24",6124,477,"113,03",Онлайн,"606,44","493,41",Женский,22-12-1969,Путеводители,Италия,TRUE,"[59.929700, 30.344695]"
04:24:35,2024-03-03 00:00:00,"Гагаринская ул., 12",6803,246,"324,777",Онлайн,"1082,59","757,813",Мужской,27-12-1971,Научная литература,Философия науки,TRUE,"[59.946153, 30.342916]"
10:53:08,2024-03-03 00:00:00,"Гагаринская ул., 12",9116,77,"171,726",Наличные,"572,42","400,694",Мужской,27-04-1955,Художественная литература,Отцы и дети,TRUE,"[59.946153, 30.342916]"
17:25:16,2024-03-04 00:00:00,"Московский пр., 90",1118,257,"257,358",Наличные,"857,86","600,502",Женский,30-12-1995,Научная литература,Микробиология,TRUE,"[59.924032, 30.317189]"
00:18:53,2024-03-04 00:00:00,"Ул. Декабристов, 15",1313,453,"352,27",Онлайн,"1177,86","825,59",Женский,05-08-1986,Научная литература,Экономика труда,TRUE,"[59.928154, 30.302429]"
19:29:49,2024-03-04 00:00:00,"Московский пр., 90",2493,49,"112,7",Наличные,"905,49","792,79",Мужской,25-10-1963,Комиксы,Супермен,TRUE,"[59.924032, 30.317189]"
21:12:07,2024-03-04 00:00:00,"Ул. Декабристов, 15",2747,276,"214,13",Карта,"1017,66","803,53",Мужской,12-07-1980,Комиксы,Флэш,TRUE,"[59.928154, 30.302429]"
07:24:01,2024-03-04 00:00:00,"Ул. Декабристов, 15",4852,388,"69,54",Карта,"528,88","459,34",Мужской,26-08-1974,Комиксы,Человек-Паук,TRUE,"[59.928154, 30.302429]"
13:42:54,2024-03-04 00:00:00,"Ул. Рубинштейна, 24",8134,413,"324,777",Наличные,"1082,59","757,813",Женский,17-05-1994,Научная литература,Философия науки,TRUE,"[59.929700, 30.344695]"
04:16:22,2024-03-04 00:00:00,"Гагаринская ул., 12",8241,142,"183,897",Онлайн,"612,99","429,093",Мужской,09-11-1980,Комиксы,Доктор Стрэндж,TRUE,"[59.946153, 30.342916]"
01:08:16,2024-03-05 00:00:00,"Ул. Декабристов, 15",1978,471,"56,89",Онлайн,"541,78","484,89",Мужской,29-11-1989,Путеводители,Мексика,TRUE,"[59.928154, 30.302429]"
14:09:52,2024-03-05 00:00:00,"Московский пр., 90",2536,155,"84,08",Онлайн,"741,58","657,5",Женский,20-06-1988,Путеводители,Италия,TRUE,"[59.924032, 30.317189]"
17:18:02,2024-03-05 00:00:00,"Ул. Декабристов, 15",2740,455,"91,33",Онлайн,"510,83","419,5",Мужской,01-02-1982,Художественная литература,Лолита,TRUE,"[59.928154, 30.302429]"
02:32:36,2024-03-05 00:00:00,"Гагаринская ул., 12",4097,400,"194,148",Онлайн,"647,16","453,012",Мужской,02-12-1977,Учебники,История России 10 класс,TRUE,"[59.946153, 30.342916]"
04:39:51,2024-03-05 00:00:00,"Московский пр., 90",5809,320,"39,12",Наличные,"523,33","484,21",Мужской,12-12-1977,Путеводители,Мексика,TRUE,"[59.924032, 30.317189]"
01:41:29,2024-03-05 00:00:00,"Гагаринская ул., 12",5953,434,"210,258",Карта,"700,86","490,602",Женский,03-08-1978,Комиксы,Флэш,TRUE,"[59.946153, 30.342916]"
00:30:24,2024-03-05 00:00:00,"Невский пр., 30",7141,4,"166,587",Наличные,"555,29","388,703",Женский,19-01-1956,Научная литература,Экономика труда,TRUE,"[59.935543, 30.327349]"
14:19:04,2024-03-05 00:00:00,"Ул. Рубинштейна, 24",8022,4,"186,015",Онлайн,"620,05","434,035",Женский,19-01-1956,Научная литература,Микробиология,TRUE,"[59.929700, 30.344695]"
02:19:54,2024-03-05 00:00:00,"Ул. Декабристов, 15",8559,443,"164,355",Карта,"547,85","383,495",Мужской,26-07-1985,Научная литература,Квантовая физика,TRUE,"[59.928154, 30.302429]"
21:10:29,2024-03-05 00:00:00,"Ул. Рубинштейна, 24",9224,261,"156,999",Онлайн,"523,33","366,331",Женский,19-12-1991,Путеводители,Мексика,TRUE,"[59.929700, 30.344695]"
08:00:20,2024-03-06 00:00:00,"Московский пр., 90",1843,243,"35,33",Наличные,"530,04","494,71",Женский,12-10-1997,Комиксы,Доктор Стрэндж,TRUE,"[59.924032, 30.317189]"
23:44:26,2024-03-06 00:00:00,"Московский пр., 90",3507,82,"88,05",Наличные,"551,38","463,33",Женский,04-11-1967,Комиксы,Доктор Стрэндж,TRUE,"[59.924032, 30.317189]"
13:54:38,2024-03-06 00:00:00,"Невский пр., 30",4401,274,"161,427",Наличные,"538,09","376,663",Мужской,22-10-1958,Научная литература,Микробиология,TRUE,"[59.935543, 30.327349]"
23:00:22,2024-03-06 00:00:00,"Невский пр., 30",5603,456,"215,16",Карта,"717,2","502,04",Женский,13-05-1991,Комиксы,Супермен,TRUE,"[59.935543, 30.327349]"
03:23:14,2024-03-06 00:00:00,"Гагаринская ул., 12",6712,447,"259,857",Онлайн,"866,19","606,333",Мужской,21-01-1992,Научная литература,Палеонтология,TRUE,"[59.946153, 30.342916]"
09:53:36,2024-03-06 00:00:00,"Невский пр., 30",8410,390,"155,427",Онлайн,"518,09","362,663",Женский,18-09-1975,Научная литература,Микробиология,TRUE,"[59.935543, 30.327349]"
07:49:14,2024-03-06 00:00:00,"Гагаринская ул., 12",9361,415,"85,27",Наличные,"568,5","483,23",Женский,04-01-1994,Путеводители,Индонезия,TRUE,"[59.946153, 30.342916]"
17:37:04,2024-03-06 00:00:00,"Московский пр., 90",9705,102,"31,53",Онлайн,"600,59","569,06",Женский,17-07-1978,Комиксы,Бэтмен,TRUE,"[59.924032, 30.317189]"
08:32:08,2024-03-06 00:00:00,"Ул. Рубинштейна, 24",9743,301,"183,237",Карта,"610,79","427,553",Мужской,03-11-1981,Художественная литература,Лолита,TRUE,"[59.929700, 30.344695]"
14:30:30,2024-03-06 00:00:00,"Ул. Рубинштейна, 24",9838,299,"79,41",Наличные,"621,74","542,33",Женский,19-02-1972,Научная литература,Экономика труда,TRUE,"[59.929700, 30.344695]"
09:00:40,2024-03-07 00:00:00,"Ул. Рубинштейна, 24",3241,398,"141,53",Карта,"609,74","468,21",Женский,20-04-1996,Учебники,Химия 9 класс,TRUE,"[59.929700, 30.344695]"
00:36:16,2024-03-07 00:00:00,"Ул. Рубинштейна, 24",4964,442,"184,674",Онлайн,"615,58","430,906",Женский,04-03-1967,Художественная литература,Мастер и Маргарита,TRUE,"[59.929700, 30.344695]"
04:44:21,2024-03-07 00:00:00,"Ул. Рубинштейна, 24",5820,376,"240,195",Наличные,"800,65","560,455",Мужской,05-03-1969,Учебники,История России 10 класс,TRUE,"[59.929700, 30.344695]"
13:04:49,2024-03-07 00:00:00,"Ул. Рубинштейна, 24",6895,106,"158,03",Карта,"526,77","368,74",Женский,02-08-1973,Научная литература,Философия науки,TRUE,"[59.929700, 30.344695]"
16:40:32,2024-03-07 00:00:00,"Ул. Рубинштейна, 24",7275,483,"167,742",Наличные,"559,14","391,398",Женский,28-03-1957,Художественная литература,Обломов,TRUE,"[59.929700, 30.344695]"
05:54:02,2024-03-07 00:00:00,"Невский пр., 30",8681,257,"167,379",Онлайн,"557,93","390,551",Женский,30-12-1995,Комиксы,Бэтмен,TRUE,"[59.935543, 30.327349]"
06:25:15,2024-03-07 00:00:00,"Гагаринская ул., 12",9126,420,"155,394",Наличные,"517,98","362,586",Мужской,03-05-1966,Художественная литература,Мастер и Маргарита,TRUE,"[59.946153, 30.342916]"
00:27:25,2024-03-07 00:00:00,"Невский пр., 30",9425,4,98,Карта,"607,75","509,75",Женский,19-01-1956,Комиксы,Человек-Паук,TRUE,"[59.935543, 30.327349]"
03:37:47,2024-03-08 00:00:00,"Гагаринская ул., 12",1116,457,"32,56",Онлайн,"638,34","605,78",Женский,08-11-1996,Комиксы,Бэтмен,TRUE,"[59.946153, 30.342916]"
15:19:20,2024-03-08 00:00:00,"Гагаринская ул., 12",1272,493,"236,067",Онлайн,"786,89","550,823",Мужской,23-12-1977,Художественная литература,Отцы и дети,TRUE,"[59.946153, 30.342916]"
13:40:05,2024-03-08 00:00:00,"Невский пр., 30",1499,334,"125,7",Наличные,"586,97","461,27",Мужской,08-06-1961,Научная литература,Палеонтология,TRUE,"[59.935543, 30.327349]"
22:45:29,2024-03-08 00:00:00,"Невский пр., 30",1595,390,"184,88",Наличные,"769,82","584,94",Женский,18-09-1975,Комиксы,Человек-Паук,TRUE,"[59.935543, 30.327349]"
10:26:27,2024-03-08 00:00:00,"Ул. Декабристов, 15",5245,326,"120,49",Наличные,"803,28","682,79",Мужской,31-10-1962,Комиксы,Бэтмен,TRUE,"[59.928154, 30.302429]"
00:13:04,2024-03-08 00:00:00,"Гагаринская ул., 12",5295,3,"141,5",Онлайн,"592,06","450,56",Женский,21-11-1982,Путеводители,Италия,TRUE,"[59.946153, 30.342916]"
11:49:51,2024-03-08 00:00:00,"Невский пр., 30",5637,290,"212,313",Онлайн,"707,71","495,397",Мужской,19-03-1998,Научная литература,Экономика труда,TRUE,"[59.935543, 30.327349]"
09:17:20,2024-03-08 00:00:00,"Московский пр., 90",7642,310,"166,671",Наличные,"555,57","388,899",Женский,27-03-1977,Путеводители,Мексика,TRUE,"[59.924032, 30.317189]"
15:15:30,2024-03-08 00:00:00,"Гагаринская ул., 12",8715,368,"236,64",Наличные,"788,8","552,16",Мужской,03-07-1967,Путеводители,Турция,TRUE,"[59.946153, 30.342916]"
22:37:22,2024-03-09 00:00:00,"Гагаринская ул., 12",1418,334,"152,976",Наличные,"509,92","356,944",Мужской,08-06-1961,Художественная литература,Преступление и наказание,TRUE,"[59.946153, 30.342916]"
02:51:29,2024-03-09 00:00:00,"Московский пр., 90",1957,219,"213,96",Онлайн,"713,2","499,24",Женский,26-10-1984,Учебники,История России 10 класс,TRUE,"[59.924032, 30.317189]"
12:41:40,2024-03-09 00:00:00,"Ул. Рубинштейна, 24",3589,326,"242,77",Наличные,"809,24","566,47",Мужской,31-10-1962,Путеводители,Турция,TRUE,"[59.929700, 30.344695]"
23:34:28,2024-03-09 00:00:00,"Гагаринская ул., 12",3951,116,"260,925",Карта,"869,75","608,825",Мужской,01-09-1955,Путеводители,Швейцария,TRUE,"[59.946153, 30.342916]"
16:14:16,2024-03-09 00:00:00,"Ул. Декабристов, 15",5388,112,"189,468",Онлайн,"631,56","442,092",Мужской,04-06-1985,Путеводители,Индонезия,TRUE,"[59.928154, 30.302429]"
06:03:48,2024-03-09 00:00:00,"Невский пр., 30",5806,165,"53,7",Онлайн,"955,05","901,35",Женский,06-03-1971,Комиксы,Флэш,TRUE,"[59.935543, 30.327349]"
18:43:10,2024-03-09 00:00:00,"Ул. Рубинштейна, 24",6248,6,"141,42",Онлайн,"897,95","756,53",Мужской,06-09-1969,Комиксы,Супермен,TRUE,"[59.929700, 30.344695]"
06:50:35,2024-03-09 00:00:00,"Ул. Декабристов, 15",7532,205,"210,525",Онлайн,"701,75","491,225",Мужской,07-08-1994,Научная литература,Палеонтология,TRUE,"[59.928154, 30.302429]"
23:36:54,2024-03-09 00:00:00,"Гагаринская ул., 12",8072,94,"162,588",Карта,"541,96","379,372",Мужской,11-01-2006,Комиксы,Бэтмен,TRUE,"[59.946153, 30.342916]"
21:35:03,2024-03-09 00:00:00,"Ул. Декабристов, 15",8158,94,"91,28",Онлайн,"621,96","530,68",Мужской,11-01-2006,Художественная литература,Отцы и дети,TRUE,"[59.928154, 30.302429]"
09:09:53,2024-03-09 00:00:00,"Гагаринская ул., 12",9567,55,"242,7",Карта,"971,13","728,43",Женский,15-08-1996,Путеводители,Италия,TRUE,"[59.946153, 30.342916]"
12:54:53,2024-03-10 00:00:00,"Ул. Декабристов, 15",4020,324,"120,04",Онлайн,"711,9","591,86",Женский,15-08-1975,Научная литература,Палеонтология,TRUE,"[59.928154, 30.302429]"
21:51:27,2024-03-10 00:00:00,"Московский пр., 90",4276,212,"230,478",Карта,"768,26","537,782",Женский,19-05-1995,Научная литература,Квантовая физика,TRUE,"[59.924032, 30.317189]"
16:15:11,2024-03-10 00:00:00,"Ул. Декабристов, 15",5766,241,"119,9",Онлайн,"992,29","872,39",Женский,28-09-1979,Художественная литература,Обломов,TRUE,"[59.928154, 30.302429]"
06:53:20,2024-03-10 00:00:00,"Гагаринская ул., 12",6576,402,"171,726",Наличные,"572,42","400,694",Мужской,30-04-2000,Художественная литература,Отцы и дети,TRUE,"[59.946153, 30.342916]"
17:46:45,2024-03-10 00:00:00,"Гагаринская ул., 12",6972,493,"230,286",Карта,"767,62","537,334",Мужской,23-12-1977,Учебники,Химия 9 класс,TRUE,"[59.946153, 30.342916]"
20:21:35,2024-03-10 00:00:00,"Невский пр., 30",7146,383,"161,427",Онлайн,"538,09","376,663",Мужской,10-12-1961,Научная литература,Микробиология,TRUE,"[59.935543, 30.327349]"
23:15:50,2024-03-10 00:00:00,"Невский пр., 30",7371,389,"215,685",Онлайн,"718,95","503,265",Мужской,13-02-1984,Путеводители,Индонезия,TRUE,"[59.935543, 30.327349]"
00:31:48,2024-03-10 00:00:00,"Невский пр., 30",8223,367,"117,78",Наличные,"1066,2","948,42",Мужской,15-09-1994,Комиксы,Бэтмен,TRUE,"[59.935543, 30.327349]"
02:50:45,2024-03-10 00:00:00,"Гагаринская ул., 12",8796,267,"108,13",Наличные,"872,18","764,05",Женский,09-09-1985,Учебники,География 6 класс,TRUE,"[59.946153, 30.342916]"
14:31:05,2024-03-11 00:00:00,"Ул. Рубинштейна, 24",1279,207,"242,772",Карта,"809,24","566,468",Женский,15-11-1979,Путеводители,Турция,TRUE,"[59.929700, 30.344695]"
18:58:52,2024-03-11 00:00:00,"Московский пр., 90",3906,360,"61,61",Наличные,"608,07","546,46",Женский,21-08-1995,Путеводители,Швейцария,TRUE,"[59.924032, 30.317189]"
12:46:11,2024-03-11 00:00:00,"Невский пр., 30",5402,70,"298,35",Онлайн,"994,5","696,15",Женский,03-09-1971,Художественная литература,Обломов,TRUE,"[59.935543, 30.327349]"
09:47:52,2024-03-11 00:00:00,"Московский пр., 90",6608,257,"181,86",Карта,"758,37","576,51",Женский,30-12-1995,Научная литература,Палеонтология,TRUE,"[59.924032, 30.317189]"
20:12:33,2024-03-11 00:00:00,"Ул. Рубинштейна, 24",8695,272,"106,89",Онлайн,"608,92","502,03",Женский,15-08-1957,Учебники,География 6 класс,TRUE,"[59.929700, 30.344695]"
09:53:48,2024-03-11 00:00:00,"Ул. Рубинштейна, 24",8734,4,"172,602",Онлайн,"575,34","402,738",Женский,19-01-1956,Путеводители,Мексика,TRUE,"[59.929700, 30.344695]"
06:42:36,2024-03-11 00:00:00,"Ул. Рубинштейна, 24",9464,464,"194,96",Карта,"1060,35","865,39",Мужской,02-11-1991,Учебники,История России 10 класс,TRUE,"[59.929700, 30.344695]"
12:10:01,2024-03-12 00:00:00,"Московский пр., 90",1902,158,"196,398",Карта,"654,66","458,262",Женский,05-03-1973,Научная литература,Микробиология,TRUE,"[59.924032, 30.317189]"
21:45:33,2024-03-12 00:00:00,"Невский пр., 30",4214,257,"360,89",Онлайн,"1965,57","1604,68",Женский,30-12-1995,Художественная литература,Преступление и наказание,TRUE,"[59.935543, 30.327349]"
13:22:22,2024-03-12 00:00:00,"Ул. Рубинштейна, 24",5056,393,"153,903",Онлайн,"513,01","359,107",Мужской,26-05-1954,Художественная литература,Мастер и Маргарита,TRUE,"[59.929700, 30.344695]"
12:47:56,2024-03-12 00:00:00,"Ул. Рубинштейна, 24",6727,433,"111,24",Онлайн,"653,79","542,55",Мужской,12-11-1992,Комиксы,Флэш,TRUE,"[59.929700, 30.344695]"
22:01:39,2024-03-12 00:00:00,"Ул. Декабристов, 15",8540,370,"63,36",Карта,"971,13","907,77",Мужской,30-08-1995,Путеводители,Италия,TRUE,"[59.928154, 30.302429]"
07:00:08,2024-03-12 00:00:00,"Гагаринская ул., 12",9483,334,"104,78",Наличные,"700,91","596,13",Мужской,08-06-1961,Научная литература,Квантовая физика,TRUE,"[59.946153, 30.342916]"
18:06:14,2024-03-13 00:00:00,"Ул. Декабристов, 15",1317,349,"173,8",Наличные,"592,13","418,33",Женский,07-05-1983,Комиксы,Доктор Стрэндж,TRUE,"[59.928154, 30.302429]"
21:54:11,2024-03-13 00:00:00,"Ул. Рубинштейна, 24",2185,445,"165,414",Наличные,"551,38","385,966",Мужской,17-04-1956,Комиксы,Доктор Стрэндж,TRUE,"[59.929700, 30.344695]"
13:24:37,2024-03-13 00:00:00,"Невский пр., 30",2834,474,"98,74",Карта,"763,41","664,67",Женский,26-08-1969,Научная литература,Квантовая физика,TRUE,"[59.935543, 30.327349]"
18:02:51,2024-03-13 00:00:00,"Невский пр., 30",5700,216,"153,37",Онлайн,"734,96","581,59",Женский,09-07-1959,Комиксы,Человек-Паук,TRUE,"[59.935543, 30.327349]"
07:14:04,2024-03-13 00:00:00,"Гагаринская ул., 12",5708,338,"199,092",Карта,"663,64","464,548",Мужской,21-08-1983,Путеводители,Турция,TRUE,"[59.946153, 30.342916]"
18:58:59,2024-03-13 00:00:00,"Невский пр., 30",6275,27,"162,981",Наличные,"543,27","380,289",Мужской,01-10-1954,Путеводители,Индонезия,TRUE,"[59.935543, 30.327349]"
23:58:16,2024-03-13 00:00:00,"Ул. Рубинштейна, 24",7075,416,"229,023",Онлайн,"763,41","534,387",Мужской,09-12-1965,Научная литература,Квантовая физика,TRUE,"[59.929700, 30.344695]"
09:42:21,2024-03-13 00:00:00,"Невский пр., 30",7720,251,"166,587",Онлайн,"555,29","388,703",Мужской,26-02-1983,Научная литература,Экономика труда,TRUE,"[59.935543, 30.327349]"
04:37:03,2024-03-13 00:00:00,"Ул. Рубинштейна, 24",8721,39,"162,981",Наличные,"543,27","380,289",Женский,31-07-1969,Путеводители,Индонезия,TRUE,"[59.929700, 30.344695]"
18:22:54,2024-03-13 00:00:00,"Московский пр., 90",9516,200,"135,1",Онлайн,"555,51","420,41",Женский,25-06-1977,Учебники,Алгебра 7 класс,TRUE,"[59.924032, 30.317189]"
12:17:34,2024-03-14 00:00:00,"Ул. Декабристов, 15",2230,25,"152,274",Наличные,"507,58","355,306",Женский,02-05-1955,Комиксы,Человек-Паук,TRUE,"[59.928154, 30.302429]"
08:09:23,2024-03-14 00:00:00,"Ул. Рубинштейна, 24",2595,28,"90,51",Карта,"514,74","424,23",Женский,30-11-1963,Учебники,История России 10 класс,TRUE,"[59.929700, 30.344695]"
21:30:34,2024-03-14 00:00:00,"Гагаринская ул., 12",3045,228,"298,35",Карта,"994,5","696,15",Мужской,03-02-1967,Художественная литература,Обломов,TRUE,"[59.946153, 30.342916]"
03:05:41,2024-03-14 00:00:00,"Гагаринская ул., 12",3317,281,"68,64",Карта,"957,2","888,56",Мужской,26-01-1982,Комиксы,Доктор Стрэндж,TRUE,"[59.946153, 30.342916]"
14:02:51,2024-03-14 00:00:00,"Ул. Рубинштейна, 24",3824,233,"348,132",Наличные,"1160,44","812,308",Мужской,09-11-1992,Комиксы,Флэш,TRUE,"[59.929700, 30.344695]"
20:52:38,2024-03-14 00:00:00,"Невский пр., 30",4663,410,"218,7",Наличные,729,"510,3",Женский,11-11-1988,Учебники,География 6 класс,TRUE,"[59.935543, 30.327349]"
16:06:57,2024-03-14 00:00:00,"Московский пр., 90",4765,469,"200,589",Онлайн,"668,63","468,041",Женский,05-03-1962,Художественная литература,Обломов,TRUE,"[59.924032, 30.317189]"
22:08:54,2024-03-14 00:00:00,"Ул. Декабристов, 15",4784,164,"153,042",Онлайн,"510,14","357,098",Женский,09-11-1957,Комиксы,Доктор Стрэндж,TRUE,"[59.928154, 30.302429]"
13:15:22,2024-03-14 00:00:00,"Московский пр., 90",4972,119,"165,705",Онлайн,"552,35","386,645",Женский,13-07-1973,Художественная литература,Обломов,TRUE,"[59.924032, 30.317189]"
11:22:05,2024-03-14 00:00:00,"Невский пр., 30",5800,481,"98,95",Карта,"669,63","570,68",Женский,25-02-1988,Учебники,География 6 класс,TRUE,"[59.935543, 30.327349]"
04:37:21,2024-03-14 00:00:00,"Ул. Рубинштейна, 24",7545,86,"189,468",Наличные,"631,56","442,092",Женский,16-12-1955,Путеводители,Индонезия,TRUE,"[59.929700, 30.344695]"
11:08:37,2024-03-14 00:00:00,"Ул. Рубинштейна, 24",7757,309,"163,809",Карта,"546,03","382,221",Женский,04-07-1973,Художественная литература,Лолита,TRUE,"[59.929700, 30.344695]"
11:10:57,2024-03-14 00:00:00,"Невский пр., 30",8872,428,"182,325",Наличные,"607,75","425,425",Женский,28-03-1961,Комиксы,Человек-Паук,TRUE,"[59.935543, 30.327349]"
12:18:00,2024-03-14 00:00:00,"Гагаринская ул., 12",9011,263,"185,079",Наличные,"616,93","431,851",Женский,29-09-2001,Художественная литература,Обломов,TRUE,"[59.946153, 30.342916]"
06:56:08,2024-03-14 00:00:00,"Ул. Рубинштейна, 24",9434,273,"287,412",Онлайн,"958,04","670,628",Женский,30-09-1977,Путеводители,Индонезия,TRUE,"[59.929700, 30.344695]"
01:23:40,2024-03-15 00:00:00,"Ул. Декабристов, 15",2871,224,"156,999",Карта,"523,33","366,331",Женский,20-08-1979,Путеводители,Мексика,TRUE,"[59.928154, 30.302429]"
04:23:33,2024-03-15 00:00:00,"Ул. Рубинштейна, 24",4304,411,"109,59",Онлайн,"537,16","427,57",Женский,12-01-2001,Научная литература,Палеонтология,TRUE,"[59.929700, 30.344695]"
13:07:01,2024-03-15 00:00:00,"Ул. Декабристов, 15",4562,464,"145,07",Наличные,"836,87","691,8",Мужской,02-11-1991,Научная литература,Экономика труда,TRUE,"[59.928154, 30.302429]"
21:46:39,2024-03-15 00:00:00,"Ул. Рубинштейна, 24",6638,58,"240,984",Онлайн,"803,28","562,296",Женский,09-04-2000,Комиксы,Бэтмен,TRUE,"[59.929700, 30.344695]"
18:31:45,2024-03-15 00:00:00,"Ул. Декабристов, 15",9826,214,"67,96",Наличные,"1278,7","1210,74",Мужской,08-06-1978,Художественная литература,Преступление и наказание,TRUE,"[59.928154, 30.302429]"
13:11:11,2024-03-16 00:00:00,"Гагаринская ул., 12",2518,323,"74,7",Наличные,"610,29","535,59",Мужской,16-09-1977,Художественная литература,Отцы и дети,TRUE,"[59.946153, 30.342916]"
16:47:57,2024-03-16 00:00:00,"Невский пр., 30",4947,477,"234,7",Наличные,"800,65","565,95",Женский,22-12-1969,Учебники,История России 10 класс,TRUE,"[59.935543, 30.327349]"
11:58:23,2024-03-16 00:00:00,"Ул. Декабристов, 15",7150,101,"153,249",Наличные,"510,83","357,581",Мужской,24-08-1958,Художественная литература,Лолита,TRUE,"[59.928154, 30.302429]"
11:49:55,2024-03-16 00:00:00,"Гагаринская ул., 12",8351,40,"71,16",Онлайн,"768,26","697,1",Мужской,08-07-1979,Научная литература,Квантовая физика,TRUE,"[59.946153, 30.342916]"
04:01:50,2024-03-16 00:00:00,"Московский пр., 90",8566,419,"110,32",Онлайн,"520,87","410,55",Женский,10-07-1994,Научная литература,Экономика труда,TRUE,"[59.924032, 30.317189]"
06:39:43,2024-03-16 00:00:00,"Московский пр., 90",9212,7,"183,897",Карта,"612,99","429,093",Мужской,31-12-1959,Комиксы,Доктор Стрэндж,TRUE,"[59.924032, 30.317189]"
05:21:25,2024-03-17 00:00:00,"Ул. Рубинштейна, 24",2336,408,"186,522",Карта,"621,74","435,218",Мужской,07-02-1961,Научная литература,Экономика труда,TRUE,"[59.929700, 30.344695]"
22:01:39,2024-03-17 00:00:00,"Гагаринская ул., 12",2428,198,"102,42",Карта,"512,1","409,68",Мужской,01-03-1983,Учебники,Алгебра 7 класс,TRUE,"[59.946153, 30.342916]"
06:08:37,2024-03-17 00:00:00,"Ул. Декабристов, 15",2955,345,"168,528",Карта,"561,76","393,232",Женский,17-02-2004,Научная литература,Философия науки,TRUE,"[59.928154, 30.302429]"
21:56:54,2024-03-17 00:00:00,"Невский пр., 30",2957,457,"129,55",Онлайн,"976,83","847,28",Женский,08-11-1996,Художественная литература,Отцы и дети,TRUE,"[59.935543, 30.327349]"
22:30:36,2024-03-17 00:00:00,"Ул. Декабристов, 15",5123,388,"194,45",Наличные,"763,41","568,96",Мужской,26-08-1974,Научная литература,Квантовая физика,TRUE,"[59.928154, 30.302429]"
12:05:55,2024-03-17 00:00:00,"Московский пр., 90",5816,1,"121,6",Наличные,"583,61","462,01",Женский,12-02-2003,Комиксы,Супермен,TRUE,"[59.924032, 30.317189]"
17:00:03,2024-03-17 00:00:00,"Гагаринская ул., 12",5875,241,"155,457",Карта,"518,19","362,733",Женский,28-09-1979,Путеводители,Италия,TRUE,"[59.946153, 30.342916]"
23:13:48,2024-03-17 00:00:00,"Московский пр., 90",7686,99,"153,63",Наличные,"512,1","358,47",Женский,17-03-1976,Учебники,Алгебра 7 класс,TRUE,"[59.924032, 30.317189]"
03:18:23,2024-03-17 00:00:00,"Невский пр., 30",8823,377,"76,61",Онлайн,"573,2","496,59",Мужской,28-11-1966,Учебники,Физика 8 класс,TRUE,"[59.935543, 30.327349]"
22:37:12,2024-03-17 00:00:00,"Гагаринская ул., 12",9995,369,"148,72",Онлайн,729,"580,28",Женский,21-03-2001,Учебники,География 6 класс,TRUE,"[59.946153, 30.342916]"
17:27:33,2024-03-18 00:00:00,"Московский пр., 90",2381,367,"197,65",Онлайн,"689,78","492,13",Мужской,15-09-1994,Научная литература,Философия науки,TRUE,"[59.924032, 30.317189]"
07:07:34,2024-03-18 00:00:00,"Невский пр., 30",2950,180,"253,29",Карта,"844,3","591,01",Женский,29-11-1978,Путеводители,Турция,TRUE,"[59.935543, 30.327349]"
00:46:26,2024-03-18 00:00:00,"Ул. Декабристов, 15",4640,3,"273,63",Карта,"1160,44","886,81",Женский,21-11-1982,Комиксы,Флэш,TRUE,"[59.928154, 30.302429]"
08:13:41,2024-03-18 00:00:00,"Московский пр., 90",4657,214,"110,14",Карта,"884,41","774,27",Мужской,08-06-1978,Художественная литература,Отцы и дети,TRUE,"[59.924032, 30.317189]"
07:13:46,2024-03-18 00:00:00,"Ул. Декабристов, 15",4793,277,"235,53",Наличные,"1177,65","942,12",Мужской,07-04-1972,Художественная литература,Лолита,TRUE,"[59.928154, 30.302429]"
02:13:14,2024-03-18 00:00:00,"Ул. Рубинштейна, 24",5446,8,"155,457",Карта,"518,19","362,733",Женский,30-08-1982,Путеводители,Италия,TRUE,"[59.929700, 30.344695]"
19:09:51,2024-03-18 00:00:00,"Ул. Рубинштейна, 24",8063,142,"200,472",Наличные,"668,24","467,768",Мужской,09-11-1980,Путеводители,Италия,TRUE,"[59.929700, 30.344695]"
16:38:45,2024-03-19 00:00:00,"Ул. Рубинштейна, 24",1434,153,"182,421",Онлайн,"608,07","425,649",Мужской,21-12-1999,Путеводители,Швейцария,TRUE,"[59.929700, 30.344695]"
21:10:00,2024-03-19 00:00:00,"Ул. Декабристов, 15",1772,4,"188,553",Карта,"628,51","439,957",Женский,19-01-1956,Путеводители,Индонезия,TRUE,"[59.928154, 30.302429]"
13:23:20,2024-03-19 00:00:00,"Ул. Декабристов, 15",2172,237,"123,88",Карта,"758,83","634,95",Женский,25-01-1974,Научная литература,Философия науки,TRUE,"[59.928154, 30.302429]"
04:15:14,2024-03-19 00:00:00,"Гагаринская ул., 12",3702,31,"157,113",Карта,"523,71","366,597",Женский,19-07-1959,Учебники,География 6 класс,TRUE,"[59.946153, 30.342916]"
07:55:18,2024-03-19 00:00:00,"Невский пр., 30",3757,334,"189,468",Карта,"631,56","442,092",Мужской,08-06-1961,Путеводители,Индонезия,TRUE,"[59.935543, 30.327349]"
02:03:04,2024-03-19 00:00:00,"Невский пр., 30",5139,239,"30,37",Наличные,"596,47","566,1",Женский,20-02-2001,Научная литература,Квантовая физика,TRUE,"[59.935543, 30.327349]"
13:30:39,2024-03-19 00:00:00,"Московский пр., 90",5844,188,"145,94",Карта,"788,75","642,81",Мужской,02-07-1968,Художественная литература,Отцы и дети,TRUE,"[59.924032, 30.317189]"
15:20:54,2024-03-19 00:00:00,"Ул. Рубинштейна, 24",5940,407,"69,73",Наличные,"838,73",769,Женский,11-05-1984,Путеводители,Индонезия,TRUE,"[59.929700, 30.344695]"
03:58:18,2024-03-19 00:00:00,"Гагаринская ул., 12",5986,442,"162,429",Онлайн,"541,43","379,001",Женский,04-03-1967,Художественная литература,Обломов,TRUE,"[59.946153, 30.342916]"
05:42:23,2024-03-19 00:00:00,"Ул. Декабристов, 15",6454,58,"265,323",Карта,"884,41","619,087",Женский,09-04-2000,Художественная литература,Отцы и дети,TRUE,"[59.928154, 30.302429]"
16:13:13,2024-03-19 00:00:00,"Невский пр., 30",6963,306,"103,33",Карта,"573,2","469,87",Мужской,05-01-1961,Учебники,Физика 8 класс,TRUE,"[59.935543, 30.327349]"
22:57:34,2024-03-19 00:00:00,"Невский пр., 30",8651,158,"61,38",Онлайн,"706,04","644,66",Женский,05-03-1973,Научная литература,Квантовая физика,TRUE,"[59.935543, 30.327349]"
15:18:28,2024-03-19 00:00:00,"Гагаринская ул., 12",8870,101,"401,019",Онлайн,"1336,73","935,711",Мужской,24-08-1958,Учебники,Химия 9 класс,TRUE,"[59.946153, 30.342916]"
10:26:01,2024-03-19 00:00:00,"Московский пр., 90",9968,8,"150,91",Наличные,"514,74","363,83",Женский,30-08-1982,Учебники,История России 10 класс,TRUE,"[59.924032, 30.317189]"
05:00:27,2024-03-20 00:00:00,"Невский пр., 30",1934,461,"131,46",Карта,"532,9","401,44",Мужской,26-07-1998,Художественная литература,Преступление и наказание,TRUE,"[59.935543, 30.327349]"
22:14:45,2024-03-20 00:00:00,"Московский пр., 90",2448,211,"122,46",Онлайн,"769,82","647,36",Женский,29-12-1964,Комиксы,Человек-Паук,TRUE,"[59.924032, 30.317189]"
15:43:08,2024-03-20 00:00:00,"Ул. Декабристов, 15",3151,333,"162,789",Карта,"542,63","379,841",Женский,18-04-1988,Художественная литература,Отцы и дети,TRUE,"[59.928154, 30.302429]"
21:22:35,2024-03-20 00:00:00,"Ул. Рубинштейна, 24",3246,218,"156,999",Онлайн,"523,33","366,331",Женский,06-05-1969,Путеводители,Мексика,TRUE,"[59.929700, 30.344695]"
13:05:31,2024-03-20 00:00:00,"Гагаринская ул., 12",3560,277,"79,67",Наличные,"700,86","621,19",Мужской,07-04-1972,Комиксы,Флэш,TRUE,"[59.946153, 30.342916]"
23:19:43,2024-03-20 00:00:00,"Московский пр., 90",4254,150,"93,9",Онлайн,"618,91","525,01",Женский,05-11-1991,Научная литература,Философия науки,TRUE,"[59.924032, 30.317189]"
22:10:51,2024-03-20 00:00:00,"Московский пр., 90",5846,356,"282,927",Онлайн,"943,09","660,163",Женский,10-02-2005,Учебники,Алгебра 7 класс,TRUE,"[59.924032, 30.317189]"
09:07:30,2024-03-20 00:00:00,"Ул. Рубинштейна, 24",5888,218,"104,22",Онлайн,"768,2","663,98",Женский,06-05-1969,Художественная литература,Мастер и Маргарита,TRUE,"[59.929700, 30.344695]"
10:16:13,2024-03-20 00:00:00,"Гагаринская ул., 12",7293,345,"280,071",Онлайн,"933,57","653,499",Женский,17-02-2004,Комиксы,Супермен,TRUE,"[59.946153, 30.342916]"
00:47:50,2024-03-20 00:00:00,"Гагаринская ул., 12",9944,220,"90,6",Онлайн,"630,51","539,91",Мужской,11-09-1984,Путеводители,Швейцария,TRUE,"[59.946153, 30.342916]"
11:17:09,2024-03-21 00:00:00,"Московский пр., 90",3645,317,"165,414",Карта,"551,38","385,966",Женский,17-08-1970,Комиксы,Доктор Стрэндж,TRUE,"[59.924032, 30.317189]"
08:48:37,2024-03-21 00:00:00,"Московский пр., 90",3869,269,"153,63",Наличные,"512,1","358,47",Женский,21-10-1968,Учебники,Алгебра 7 класс,TRUE,"[59.924032, 30.317189]"
00:23:25,2024-03-21 00:00:00,"Московский пр., 90",3927,243,"165,705",Онлайн,"552,35","386,645",Женский,12-10-1997,Художественная литература,Обломов,TRUE,"[59.924032, 30.317189]"
16:50:59,2024-03-21 00:00:00,"Московский пр., 90",7142,84,"65,19",Карта,"744,95","679,76",Женский,09-10-1969,Путеводители,Италия,TRUE,"[59.924032, 30.317189]"
09:19:30,2024-03-21 00:00:00,"Ул. Рубинштейна, 24",9873,182,"151,26",Наличные,"504,2","352,94",Женский,21-08-1977,Учебники,Химия 9 класс,TRUE,"[59.929700, 30.344695]"
17:14:25,2024-03-22 00:00:00,"Ул. Декабристов, 15",1468,414,"154,95",Наличные,"621,74","466,79",Мужской,22-04-1973,Научная литература,Экономика труда,TRUE,"[59.928154, 30.302429]"
04:18:04,2024-03-22 00:00:00,"Невский пр., 30",2223,49,"163,62",Карта,"583,23","419,61",Мужской,25-10-1963,Научная литература,Микробиология,TRUE,"[59.935543, 30.327349]"
04:19:37,2024-03-22 00:00:00,"Ул. Рубинштейна, 24",3465,246,"155,394",Карта,"517,98","362,586",Мужской,27-12-1971,Художественная литература,Мастер и Маргарита,TRUE,"[59.929700, 30.344695]"
19:44:13,2024-03-22 00:00:00,"Невский пр., 30",3577,420,"169,548",Карта,"565,16","395,612",Мужской,03-05-1966,Учебники,Химия 9 класс,TRUE,"[59.935543, 30.327349]"
01:26:25,2024-03-22 00:00:00,"Ул. Декабристов, 15",4301,383,40,Наличные,"567,65","527,65",Мужской,10-12-1961,Путеводители,Турция,TRUE,"[59.928154, 30.302429]"
00:21:11,2024-03-22 00:00:00,"Ул. Декабристов, 15",4353,274,"236,067",Онлайн,"786,89","550,823",Мужской,22-10-1958,Художественная литература,Отцы и дети,TRUE,"[59.928154, 30.302429]"
04:05:55,2024-03-22 00:00:00,"Невский пр., 30",5127,189,"162,213",Карта,"540,71","378,497",Мужской,23-04-1974,Научная литература,Экономика труда,TRUE,"[59.935543, 30.327349]"
14:21:50,2024-03-22 00:00:00,"Ул. Декабристов, 15",6598,224,"213,47",Онлайн,"788,75","575,28",Женский,20-08-1979,Художественная литература,Отцы и дети,TRUE,"[59.928154, 30.302429]"
05:07:55,2024-03-22 00:00:00,"Московский пр., 90",7127,351,"218,7",Онлайн,729,"510,3",Мужской,01-06-1985,Учебники,География 6 класс,TRUE,"[59.924032, 30.317189]"
01:58:41,2024-03-22 00:00:00,"Ул. Декабристов, 15",7874,494,"235,734",Карта,"785,78","550,046",Женский,03-10-1977,Путеводители,Мексика,TRUE,"[59.928154, 30.302429]"
22:27:13,2024-03-23 00:00:00,"Московский пр., 90",2382,5,"77,52",Карта,"640,08","562,56",Мужской,30-03-1955,Художественная литература,Отцы и дети,TRUE,"[59.924032, 30.317189]"
11:46:40,2024-03-23 00:00:00,"Московский пр., 90",2679,44,"140,17",Наличные,"700,86","560,69",Женский,13-04-1970,Комиксы,Флэш,TRUE,"[59.924032, 30.317189]"
20:15:10,2024-03-23 00:00:00,"Ул. Рубинштейна, 24",2991,455,131,Наличные,"706,04","575,04",Мужской,01-02-1982,Научная литература,Квантовая физика,TRUE,"[59.929700, 30.344695]"
12:59:32,2024-03-23 00:00:00,"Гагаринская ул., 12",3159,210,"192,024",Наличные,"640,08","448,056",Мужской,29-11-1957,Художественная литература,Отцы и дети,TRUE,"[59.946153, 30.342916]"
07:39:35,2024-03-23 00:00:00,"Гагаринская ул., 12",3932,322,"83,26",Карта,"657,74","574,48",Женский,02-11-1963,Учебники,Физика 8 класс,TRUE,"[59.946153, 30.342916]"
11:50:49,2024-03-23 00:00:00,"Московский пр., 90",5031,390,"35,23",Онлайн,"533,61","498,38",Женский,18-09-1975,Комиксы,Супермен,TRUE,"[59.924032, 30.317189]"
14:13:10,2024-03-23 00:00:00,"Ул. Декабристов, 15",6777,252,"153,042",Карта,"510,14","357,098",Женский,22-01-1979,Комиксы,Доктор Стрэндж,TRUE,"[59.928154, 30.302429]"
19:02:18,2024-03-23 00:00:00,"Московский пр., 90",7234,389,"91,06",Онлайн,"557,93","466,87",Мужской,13-02-1984,Комиксы,Бэтмен,TRUE,"[59.924032, 30.317189]"
03:11:08,2024-03-23 00:00:00,"Невский пр., 30",8865,118,"158,031",Наличные,"526,77","368,739",Мужской,17-04-2002,Научная литература,Философия науки,TRUE,"[59.935543, 30.327349]"
23:43:19,2024-03-23 00:00:00,"Ул. Декабристов, 15",9178,308,"224,514",Наличные,"748,38","523,866",Мужской,01-04-1972,Комиксы,Человек-Паук,TRUE,"[59.928154, 30.302429]"
16:49:31,2024-03-23 00:00:00,"Ул. Рубинштейна, 24",9275,223,"142,81",Онлайн,"619,96","477,15",Мужской,24-09-1989,Комиксы,Бэтмен,TRUE,"[59.929700, 30.344695]"
10:17:27,2024-03-24 00:00:00,"Ул. Рубинштейна, 24",1866,375,"196,1",Онлайн,"884,41","688,31",Мужской,17-06-1958,Художественная литература,Отцы и дети,TRUE,"[59.929700, 30.344695]"
23:32:47,2024-03-24 00:00:00,"Московский пр., 90",3874,6,"60,13",Наличные,"769,82","709,69",Мужской,06-09-1969,Комиксы,Человек-Паук,TRUE,"[59.924032, 30.317189]"
03:12:21,2024-03-24 00:00:00,"Ул. Декабристов, 15",4625,67,"85,88",Наличные,"688,65","602,77",Мужской,20-11-1959,Художественная литература,Мастер и Маргарита,TRUE,"[59.928154, 30.302429]"
21:30:02,2024-03-24 00:00:00,"Ул. Декабристов, 15",4755,243,"164,226",Онлайн,"547,42","383,194",Женский,12-10-1997,Путеводители,Турция,TRUE,"[59.928154, 30.302429]"
17:34:19,2024-03-24 00:00:00,"Ул. Рубинштейна, 24",4938,294,"170,154",Наличные,"567,18","397,026",Женский,09-04-2002,Учебники,Алгебра 7 класс,TRUE,"[59.929700, 30.344695]"
04:12:46,2024-03-24 00:00:00,"Ул. Рубинштейна, 24",4960,446,"170,295",Наличные,"567,65","397,355",Мужской,05-05-1991,Путеводители,Турция,TRUE,"[59.929700, 30.344695]"
07:22:01,2024-03-24 00:00:00,"Гагаринская ул., 12",6953,334,"126,26",Онлайн,"618,91","492,65",Мужской,08-06-1961,Научная литература,Философия науки,TRUE,"[59.946153, 30.342916]"
16:36:43,2024-03-24 00:00:00,"Невский пр., 30",7694,124,"172,92",Наличные,"576,4","403,48",Мужской,28-12-2003,Учебники,История России 10 класс,TRUE,"[59.935543, 30.327349]"
04:25:27,2024-03-24 00:00:00,"Московский пр., 90",8042,7,"192,024",Карта,"640,08","448,056",Мужской,31-12-1959,Художественная литература,Отцы и дети,TRUE,"[59.924032, 30.317189]"
10:31:57,2024-03-24 00:00:00,"Невский пр., 30",8179,80,"100,25",Карта,"567,18","466,93",Женский,25-09-1985,Учебники,Алгебра 7 класс,TRUE,"[59.935543, 30.327349]"
13:22:44,2024-03-24 00:00:00,"Ул. Декабристов, 15",8448,453,"130,09",Наличные,"767,62","637,53",Женский,05-08-1986,Учебники,Химия 9 класс,TRUE,"[59.928154, 30.302429]"
02:40:52,2024-03-25 00:00:00,"Невский пр., 30",1490,206,"80,97",Онлайн,"677,63","596,66",Женский,16-04-1994,Научная литература,Квантовая физика,TRUE,"[59.935543, 30.327349]"
15:59:25,2024-03-25 00:00:00,"Московский пр., 90",1941,136,"189,153",Онлайн,"630,51","441,357",Мужской,20-11-1962,Путеводители,Швейцария,TRUE,"[59.924032, 30.317189]"
03:27:20,2024-03-25 00:00:00,"Невский пр., 30",3486,406,"123,99",Наличные,"619,96","495,97",Мужской,01-12-1966,Комиксы,Бэтмен,TRUE,"[59.935543, 30.327349]"
13:42:46,2024-03-25 00:00:00,"Ул. Декабристов, 15",3909,406,"125,45",Наличные,"706,04","580,59",Мужской,01-12-1966,Научная литература,Квантовая физика,TRUE,"[59.928154, 30.302429]"
02:53:47,2024-03-25 00:00:00,"Московский пр., 90",4110,281,"212,331",Карта,"707,77","495,439",Мужской,26-01-1982,Комиксы,Доктор Стрэндж,TRUE,"[59.924032, 30.317189]"
12:09:41,2024-03-25 00:00:00,"Ул. Рубинштейна, 24",4309,405,"165,93",Онлайн,"565,16","399,23",Женский,07-09-1982,Учебники,Химия 9 класс,TRUE,"[59.929700, 30.344695]"
11:38:09,2024-03-25 00:00:00,"Ул. Рубинштейна, 24",4330,203,"166,671",Онлайн,"555,57","388,899",Мужской,23-04-1961,Путеводители,Мексика,TRUE,"[59.929700, 30.344695]"
15:32:02,2024-03-25 00:00:00,"Гагаринская ул., 12",5349,420,"156,18",Онлайн,"576,5","420,32",Мужской,03-05-1966,Научная литература,Микробиология,TRUE,"[59.946153, 30.342916]"
08:38:18,2024-03-25 00:00:00,"Московский пр., 90",6741,345,"200,589",Наличные,"668,63","468,041",Женский,17-02-2004,Художественная литература,Обломов,TRUE,"[59.924032, 30.317189]"
22:46:51,2024-03-25 00:00:00,"Невский пр., 30",9827,59,"90,34",Карта,"1278,7","1188,36",Женский,26-03-1972,Художественная литература,Преступление и наказание,TRUE,"[59.935543, 30.327349]"
04:55:36,2024-03-25 00:00:00,"Невский пр., 30",9950,128,"86,81",Карта,"872,18","785,37",Женский,28-11-1955,Учебники,География 6 класс,TRUE,"[59.935543, 30.327349]"
07:15:09,2024-03-26 00:00:00,"Московский пр., 90",1349,494,"203,553",Карта,"678,51","474,957",Женский,03-10-1977,Комиксы,Флэш,TRUE,"[59.924032, 30.317189]"
00:37:36,2024-03-26 00:00:00,"Невский пр., 30",2289,80,"200,589",Карта,"668,63","468,041",Женский,25-09-1985,Художественная литература,Обломов,TRUE,"[59.935543, 30.327349]"
01:43:25,2024-03-26 00:00:00,"Ул. Декабристов, 15",2823,143,"155,145",Онлайн,"517,15","362,005",Женский,12-06-2003,Учебники,Химия 9 класс,TRUE,"[59.928154, 30.302429]"
21:12:19,2024-03-26 00:00:00,"Гагаринская ул., 12",3130,158,"119,14",Наличные,"648,28","529,14",Женский,05-03-1973,Научная литература,Микробиология,TRUE,"[59.946153, 30.342916]"
09:42:45,2024-03-26 00:00:00,"Невский пр., 30",3372,33,"65,01",Наличные,729,"663,99",Мужской,27-11-1995,Учебники,География 6 класс,TRUE,"[59.935543, 30.327349]"
20:13:33,2024-03-26 00:00:00,"Московский пр., 90",3785,195,"97,11",Наличные,"971,13","874,02",Женский,03-12-2004,Путеводители,Италия,TRUE,"[59.924032, 30.317189]"
23:54:51,2024-03-26 00:00:00,"Невский пр., 30",5366,389,"170,649",Карта,"568,83","398,181",Мужской,13-02-1984,Художественная литература,Отцы и дети,TRUE,"[59.935543, 30.327349]"
19:58:24,2024-03-26 00:00:00,"Невский пр., 30",6242,386,"82,69",Карта,"826,91","744,22",Женский,25-09-1997,Учебники,Физика 8 класс,TRUE,"[59.935543, 30.327349]"
12:43:44,2024-03-26 00:00:00,"Невский пр., 30",6430,7,"67,27",Наличные,"788,8","721,53",Мужской,31-12-1959,Путеводители,Турция,TRUE,"[59.935543, 30.327349]"
19:27:45,2024-03-26 00:00:00,"Невский пр., 30",6677,232,"195,1",Онлайн,"688,38","493,28",Мужской,16-05-1998,Художественная литература,Мастер и Маргарита,TRUE,"[59.935543, 30.327349]"
22:29:25,2024-03-26 00:00:00,"Гагаринская ул., 12",7358,274,"153,099",Наличные,"510,33","357,231",Мужской,22-10-1958,Художественная литература,Мастер и Маргарита,TRUE,"[59.946153, 30.342916]"
06:16:07,2024-03-26 00:00:00,"Невский пр., 30",7848,260,"171,192",Карта,"570,64","399,448",Мужской,28-06-1992,Учебники,Алгебра 7 класс,TRUE,"[59.935543, 30.327349]"
09:32:22,2024-03-27 00:00:00,"Невский пр., 30",1100,149,"215,16",Онлайн,"717,2","502,04",Мужской,14-06-1984,Комиксы,Супермен,TRUE,"[59.935543, 30.327349]"
09:01:12,2024-03-27 00:00:00,"Ул. Рубинштейна, 24",1415,97,"206,934",Онлайн,"689,78","482,846",Мужской,01-09-1957,Научная литература,Философия науки,TRUE,"[59.929700, 30.344695]"
04:38:33,2024-03-27 00:00:00,"Московский пр., 90",1999,125,"186,522",Наличные,"621,74","435,218",Женский,03-03-1994,Научная литература,Экономика труда,TRUE,"[59.924032, 30.317189]"
01:51:52,2024-03-27 00:00:00,"Ул. Рубинштейна, 24",2224,370,"165,705",Онлайн,"552,35","386,645",Мужской,30-08-1995,Художественная литература,Обломов,TRUE,"[59.929700, 30.344695]"
10:27:19,2024-03-27 00:00:00,"Невский пр., 30",3944,241,"211,503",Карта,"705,01","493,507",Женский,28-09-1979,Учебники,География 6 класс,TRUE,"[59.935543, 30.327349]"
15:40:55,2024-03-27 00:00:00,"Московский пр., 90",5675,387,"156,21",Онлайн,"520,7","364,49",Женский,21-10-1994,Научная литература,Квантовая физика,TRUE,"[59.924032, 30.317189]"
09:07:00,2024-03-27 00:00:00,"Московский пр., 90",6222,350,"186,015",Карта,"620,05","434,035",Мужской,16-05-1983,Научная литература,Микробиология,TRUE,"[59.924032, 30.317189]"
03:22:06,2024-03-27 00:00:00,"Гагаринская ул., 12",6848,415,"162,981",Онлайн,"543,27","380,289",Женский,04-01-1994,Путеводители,Индонезия,TRUE,"[59.946153, 30.342916]"
20:01:47,2024-03-27 00:00:00,"Гагаринская ул., 12",8441,350,"140,07",Карта,"628,51","488,44",Мужской,16-05-1983,Путеводители,Индонезия,TRUE,"[59.946153, 30.342916]"
00:57:18,2024-03-27 00:00:00,"Невский пр., 30",8828,252,"235,23",Наличные,"803,28","568,05",Женский,22-01-1979,Комиксы,Бэтмен,TRUE,"[59.935543, 30.327349]"
11:25:45,2024-03-27 00:00:00,"Ул. Рубинштейна, 24",9238,419,"220,488",Наличные,"734,96","514,472",Женский,10-07-1994,Комиксы,Человек-Паук,TRUE,"[59.929700, 30.344695]"
06:31:17,2024-03-27 00:00:00,"Невский пр., 30",9687,35,"169,548",Онлайн,"565,16","395,612",Женский,27-07-1973,Учебники,Химия 9 класс,TRUE,"[59.935543, 30.327349]"
23:09:04,2024-03-27 00:00:00,"Невский пр., 30",9961,215,"164,355",Онлайн,"547,85","383,495",Мужской,07-10-1974,Научная литература,Квантовая физика,TRUE,"[59.935543, 30.327349]"
09:04:25,2024-03-28 00:00:00,"Ул. Декабристов, 15",1572,241,"52,95",Онлайн,"707,77","654,82",Женский,28-09-1979,Комиксы,Доктор Стрэндж,TRUE,"[59.928154, 30.302429]"
05:24:21,2024-03-28 00:00:00,"Ул. Декабристов, 15",3445,368,"159,04",Онлайн,"630,51","471,47",Мужской,03-07-1967,Путеводители,Швейцария,TRUE,"[59.928154, 30.302429]"
12:56:09,2024-03-28 00:00:00,"Московский пр., 90",3503,340,"160,668",Карта,"535,56","374,892",Женский,02-03-1971,Комиксы,Флэш,TRUE,"[59.924032, 30.317189]"
12:35:58,2024-03-28 00:00:00,"Ул. Декабристов, 15",3573,389,"166,671",Онлайн,"555,57","388,899",Мужской,13-02-1984,Путеводители,Мексика,TRUE,"[59.928154, 30.302429]"
09:12:25,2024-03-28 00:00:00,"Московский пр., 90",4326,302,"177,618",Онлайн,"592,06","414,442",Мужской,14-05-1999,Путеводители,Италия,TRUE,"[59.924032, 30.317189]"
03:44:07,2024-03-28 00:00:00,"Московский пр., 90",6001,292,"39,34",Наличные,"786,89","747,55",Мужской,17-01-1964,Художественная литература,Отцы и дети,TRUE,"[59.924032, 30.317189]"
20:07:17,2024-03-28 00:00:00,"Ул. Декабристов, 15",9488,45,"183,468",Наличные,"611,56","428,092",Женский,18-03-1975,Комиксы,Супермен,TRUE,"[59.928154, 30.302429]"
22:15:28,2024-03-29 00:00:00,"Невский пр., 30",1745,28,"199,092",Онлайн,"663,64","464,548",Женский,30-11-1963,Путеводители,Турция,TRUE,"[59.935543, 30.327349]"
01:39:34,2024-03-29 00:00:00,"Невский пр., 30",2636,324,"82,38",Карта,"767,62","685,24",Женский,15-08-1975,Учебники,Химия 9 класс,TRUE,"[59.935543, 30.327349]"
17:48:33,2024-03-29 00:00:00,"Гагаринская ул., 12",3154,185,"91,19",Карта,"713,2","622,01",Женский,01-01-2006,Учебники,История России 10 класс,TRUE,"[59.946153, 30.342916]"
04:18:35,2024-03-29 00:00:00,"Московский пр., 90",4997,28,"47,45",Онлайн,"631,56","584,11",Женский,30-11-1963,Путеводители,Индонезия,TRUE,"[59.924032, 30.317189]"
15:01:37,2024-03-29 00:00:00,"Невский пр., 30",5248,261,"224,982",Наличные,"749,94","524,958",Женский,19-12-1991,Учебники,Химия 9 класс,TRUE,"[59.935543, 30.327349]"
17:39:07,2024-03-29 00:00:00,"Невский пр., 30",5611,9,"91,68",Наличные,"1212,61","1120,93",Мужской,27-03-1970,Путеводители,Мексика,TRUE,"[59.935543, 30.327349]"
20:56:07,2024-03-29 00:00:00,"Ул. Декабристов, 15",5834,453,"73,94",Наличные,"739,36","665,42",Женский,05-08-1986,Комиксы,Супермен,TRUE,"[59.928154, 30.302429]"
03:35:38,2024-03-29 00:00:00,"Ул. Рубинштейна, 24",9364,306,"167,742",Наличные,"559,14","391,398",Мужской,05-01-1961,Художественная литература,Обломов,TRUE,"[59.929700, 30.344695]"
15:37:35,2024-03-29 00:00:00,"Гагаринская ул., 12",466720,377,"168,375",Онлайн,"561,25","392,875",Мужской,28-11-1966,Научная литература,Философия науки,TRUE,"[59.946153, 30.342916]"
06:07:15,2024-03-30 00:00:00,"Гагаринская ул., 12",1761,433,"194,484",Наличные,"648,28","453,796",Мужской,12-11-1992,Научная литература,Микробиология,TRUE,"[59.946153, 30.342916]"
15:19:09,2024-03-30 00:00:00,"Ул. Декабристов, 15",4169,9,"164,829",Карта,"549,43","384,601",Мужской,27-03-1970,Учебники,История России 10 класс,TRUE,"[59.928154, 30.302429]"
08:04:43,2024-03-30 00:00:00,"Гагаринская ул., 12",5551,165,"137,47",Наличные,"689,78","552,31",Женский,06-03-1971,Научная литература,Философия науки,TRUE,"[59.946153, 30.342916]"
13:42:46,2024-03-30 00:00:00,"Ул. Рубинштейна, 24",6329,307,"185,673",Наличные,"618,91","433,237",Женский,15-10-1966,Научная литература,Философия науки,TRUE,"[59.929700, 30.344695]"
23:50:39,2024-03-30 00:00:00,"Московский пр., 90",9188,79,"40,39",Онлайн,"628,51","588,12",Женский,21-03-2005,Путеводители,Индонезия,TRUE,"[59.924032, 30.317189]"
08:39:07,2024-03-31 00:00:00,"Ул. Декабристов, 15",4465,400,"172,45",Карта,"731,94","559,49",Мужской,02-12-1977,Художественная литература,Лолита,TRUE,"[59.928154, 30.302429]"
00:42:07,2024-03-31 00:00:00,"Ул. Декабристов, 15",4836,106,"155,145",Онлайн,"517,15","362,005",Женский,02-08-1973,Учебники,Химия 9 класс,TRUE,"[59.928154, 30.302429]"
05:05:38,2024-03-31 00:00:00,"Московский пр., 90",4975,434,"107,53",Карта,"619,96","512,43",Женский,03-08-1978,Комиксы,Бэтмен,TRUE,"[59.924032, 30.317189]"
09:05:44,2024-03-31 00:00:00,"Московский пр., 90",5660,112,"257,358",Карта,"857,86","600,502",Мужской,04-06-1985,Научная литература,Микробиология,TRUE,"[59.924032, 30.317189]"
12:22:54,2024-03-31 00:00:00,"Ул. Рубинштейна, 24",8366,464,"213,57",Наличные,"711,9","498,33",Мужской,02-11-1991,Научная литература,Палеонтология,TRUE,"[59.929700, 30.344695]"
10:39:31,2024-04-01 00:00:00,"Невский пр., 30",2017,351,"163,88",Онлайн,"1349,07","1185,19",Мужской,01-06-1985,Научная литература,Философия науки,TRUE,"[59.935543, 30.327349]"
19:50:50,2024-04-01 00:00:00,"Ул. Декабристов, 15",2752,314,"99,74",Онлайн,"748,38","648,64",Женский,17-09-1955,Комиксы,Человек-Паук,TRUE,"[59.928154, 30.302429]"
17:01:27,2024-04-01 00:00:00,"Невский пр., 30",3398,126,"170,649",Онлайн,"568,83","398,181",Женский,14-10-1970,Художественная литература,Отцы и дети,TRUE,"[59.935543, 30.327349]"
02:40:56,2024-04-01 00:00:00,"Гагаринская ул., 12",4222,65,"189,468",Онлайн,"631,56","442,092",Женский,06-07-1967,Путеводители,Индонезия,TRUE,"[59.946153, 30.342916]"
23:37:08,2024-04-01 00:00:00,"Гагаринская ул., 12",5561,408,"167,75",Карта,"838,73","670,98",Мужской,07-02-1961,Путеводители,Индонезия,TRUE,"[59.946153, 30.342916]"
15:17:39,2024-04-01 00:00:00,"Невский пр., 30",6049,108,"318,1",Карта,"1060,35","742,25",Мужской,25-09-1999,Учебники,История России 10 класс,TRUE,"[59.935543, 30.327349]"
22:19:15,2024-04-01 00:00:00,"Ул. Рубинштейна, 24",6921,405,"194,148",Наличные,"647,16","453,012",Женский,07-09-1982,Учебники,История России 10 класс,TRUE,"[59.929700, 30.344695]"
10:45:52,2024-04-01 00:00:00,"Московский пр., 90",8416,219,"137,48",Наличные,"608,92","471,44",Женский,26-10-1984,Учебники,География 6 класс,TRUE,"[59.924032, 30.317189]"
02:55:22,2024-04-01 00:00:00,"Гагаринская ул., 12",8531,45,"158,529",Наличные,"528,43","369,901",Женский,18-03-1975,Комиксы,Доктор Стрэндж,TRUE,"[59.946153, 30.342916]"
07:58:45,2024-04-01 00:00:00,"Гагаринская ул., 12",9012,254,"162,534",Наличные,"541,78","379,246",Мужской,09-05-1975,Путеводители,Мексика,TRUE,"[59.946153, 30.342916]"
07:09:39,2024-04-01 00:00:00,"Ул. Рубинштейна, 24",9850,470,"151,395",Онлайн,"504,65","353,255",Мужской,24-12-2004,Путеводители,Индонезия,TRUE,"[59.929700, 30.344695]"
15:00:02,2024-04-02 00:00:00,"Гагаринская ул., 12",1661,493,"90,4",Онлайн,"600,59","510,19",Мужской,23-12-1977,Комиксы,Бэтмен,TRUE,"[59.946153, 30.342916]"
18:41:44,2024-04-02 00:00:00,"Гагаринская ул., 12",2412,7,"167,307",Наличные,"557,69","390,383",Мужской,31-12-1959,Учебники,Химия 9 класс,TRUE,"[59.946153, 30.342916]"
15:59:17,2024-04-02 00:00:00,"Московский пр., 90",4356,492,"196,398",Карта,"654,66","458,262",Женский,17-06-1997,Научная литература,Микробиология,TRUE,"[59.924032, 30.317189]"
19:49:04,2024-04-02 00:00:00,"Невский пр., 30",4524,420,"262,7",Онлайн,"1278,7",1016,Мужской,03-05-1966,Художественная литература,Преступление и наказание,TRUE,"[59.935543, 30.327349]"
23:48:30,2024-04-02 00:00:00,"Московский пр., 90",5140,283,"258,43",Онлайн,"933,57","675,14",Мужской,22-05-1987,Комиксы,Супермен,TRUE,"[59.924032, 30.317189]"
23:00:06,2024-04-02 00:00:00,"Ул. Декабристов, 15",6299,292,"99,06",Наличные,"663,64","564,58",Мужской,17-01-1964,Путеводители,Турция,TRUE,"[59.928154, 30.302429]"
14:03:09,2024-04-02 00:00:00,"Ул. Декабристов, 15",6356,429,"127,53",Онлайн,"610,79","483,26",Женский,01-04-1969,Художественная литература,Лолита,TRUE,"[59.928154, 30.302429]"
15:17:23,2024-04-02 00:00:00,"Ул. Рубинштейна, 24",8102,6,"162,588",Карта,"541,96","379,372",Мужской,06-09-1969,Комиксы,Бэтмен,TRUE,"[59.929700, 30.344695]"
19:29:06,2024-04-02 00:00:00,"Гагаринская ул., 12",448732,143,"186,5",Карта,"630,51","444,01",Женский,12-06-2003,Путеводители,Швейцария,TRUE,"[59.946153, 30.342916]"
13:12:01,2024-04-03 00:00:00,"Гагаринская ул., 12",1184,354,"251,619",Наличные,"838,73","587,111",Мужской,04-10-1989,Путеводители,Индонезия,TRUE,"[59.946153, 30.342916]"
09:56:07,2024-04-03 00:00:00,"Ул. Рубинштейна, 24",2792,415,"215,685",Карта,"718,95","503,265",Женский,04-01-1994,Путеводители,Индонезия,TRUE,"[59.929700, 30.344695]"
18:01:59,2024-04-03 00:00:00,"Гагаринская ул., 12",3037,463,"182,676",Онлайн,"608,92","426,244",Женский,23-06-1964,Учебники,География 6 класс,TRUE,"[59.946153, 30.342916]"
23:37:46,2024-04-03 00:00:00,"Ул. Рубинштейна, 24",3766,109,"152,976",Карта,"509,92","356,944",Мужской,25-04-1969,Художественная литература,Преступление и наказание,TRUE,"[59.929700, 30.344695]"
17:44:32,2024-04-03 00:00:00,"Ул. Рубинштейна, 24",4653,306,"81,91",Наличные,"567,18","485,27",Мужской,05-01-1961,Учебники,Алгебра 7 класс,TRUE,"[59.929700, 30.344695]"
06:05:14,2024-04-03 00:00:00,"Ул. Декабристов, 15",6748,239,"185,079",Наличные,"616,93","431,851",Женский,20-02-2001,Художественная литература,Обломов,TRUE,"[59.928154, 30.302429]"
23:20:09,2024-04-03 00:00:00,"Московский пр., 90",9156,373,"222,474",Онлайн,"741,58","519,106",Женский,31-12-1998,Путеводители,Италия,TRUE,"[59.924032, 30.317189]"
17:29:08,2024-04-03 00:00:00,"Ул. Рубинштейна, 24",9461,396,"349,3",Наличные,"1336,73","987,43",Женский,14-01-1960,Учебники,Химия 9 класс,TRUE,"[59.929700, 30.344695]"
18:52:51,2024-04-04 00:00:00,"Ул. Рубинштейна, 24",1052,320,"258,85",Онлайн,"1160,44","901,59",Мужской,12-12-1977,Комиксы,Флэш,TRUE,"[59.929700, 30.344695]"
17:19:04,2024-04-04 00:00:00,"Невский пр., 30",3123,1,"170,649",Карта,"568,83","398,181",Женский,12-02-2003,Художественная литература,Отцы и дети,TRUE,"[59.935543, 30.327349]"
03:23:26,2024-04-04 00:00:00,"Ул. Декабристов, 15",5259,281,"164,829",Наличные,"549,43","384,601",Мужской,26-01-1982,Учебники,История России 10 класс,TRUE,"[59.928154, 30.302429]"
07:04:16,2024-04-04 00:00:00,"Ул. Декабристов, 15",6435,185,"175,758",Онлайн,"585,86","410,102",Женский,01-01-2006,Художественная литература,Лолита,TRUE,"[59.928154, 30.302429]"
02:19:32,2024-04-04 00:00:00,"Московский пр., 90",9276,345,"152,274",Карта,"507,58","355,306",Женский,17-02-2004,Комиксы,Человек-Паук,TRUE,"[59.924032, 30.317189]"
15:08:47,2024-04-04 00:00:00,"Невский пр., 30",9757,84,"170,295",Наличные,"567,65","397,355",Женский,09-10-1969,Путеводители,Турция,TRUE,"[59.935543, 30.327349]"
10:28:38,2024-04-04 00:00:00,"Ул. Декабристов, 15",9854,281,"157,113",Онлайн,"523,71","366,597",Мужской,26-01-1982,Учебники,География 6 класс,TRUE,"[59.928154, 30.302429]"
00:35:42,2024-04-05 00:00:00,"Гагаринская ул., 12",2326,342,"204,714",Онлайн,"682,38","477,666",Мужской,21-12-1998,Комиксы,Человек-Паук,TRUE,"[59.946153, 30.342916]"
00:18:46,2024-04-05 00:00:00,"Ул. Декабристов, 15",3183,287,"184,773",Наличные,"615,91","431,137",Женский,03-12-1982,Путеводители,Швейцария,TRUE,"[59.928154, 30.302429]"
00:34:57,2024-04-05 00:00:00,"Невский пр., 30",5449,377,"175,002",Наличные,"583,34","408,338",Мужской,28-11-1966,Учебники,Химия 9 класс,TRUE,"[59.935543, 30.327349]"
17:38:51,2024-04-05 00:00:00,"Гагаринская ул., 12",6989,76,"185,673",Наличные,"618,91","433,237",Женский,19-01-1958,Научная литература,Философия науки,TRUE,"[59.946153, 30.342916]"
02:23:42,2024-04-06 00:00:00,"Невский пр., 30",1127,387,"172,78",Наличные,"887,52","714,74",Женский,21-10-1994,Учебники,География 6 класс,TRUE,"[59.935543, 30.327349]"
00:09:02,2024-04-06 00:00:00,"Ул. Декабристов, 15",2684,420,"176,091",Карта,"586,97","410,879",Мужской,03-05-1966,Научная литература,Палеонтология,TRUE,"[59.928154, 30.302429]"
18:35:37,2024-04-06 00:00:00,"Московский пр., 90",6551,428,"35,59",Карта,"711,9","676,31",Женский,28-03-1961,Научная литература,Палеонтология,TRUE,"[59.924032, 30.317189]"
23:28:09,2024-04-06 00:00:00,"Ул. Декабристов, 15",9210,3,"29,3",Карта,"585,95","556,65",Женский,21-11-1982,Научная литература,Экономика труда,TRUE,"[59.928154, 30.302429]"
03:42:38,2024-04-06 00:00:00,"Гагаринская ул., 12",9724,214,"118,72",Наличные,"513,01","394,29",Мужской,08-06-1978,Художественная литература,Мастер и Маргарита,TRUE,"[59.946153, 30.342916]"
10:08:35,2024-04-06 00:00:00,"Ул. Декабристов, 15",9955,290,"203,289",Наличные,"677,63","474,341",Мужской,19-03-1998,Научная литература,Квантовая физика,TRUE,"[59.928154, 30.302429]"
15:49:54,2024-04-07 00:00:00,"Гагаринская ул., 12",1164,409,"164,226",Онлайн,"547,42","383,194",Женский,15-06-1968,Путеводители,Турция,TRUE,"[59.946153, 30.342916]"
21:27:13,2024-04-07 00:00:00,"Ул. Декабристов, 15",2152,257,"81,09",Онлайн,"651,32","570,23",Женский,30-12-1995,Художественная литература,Лолита,TRUE,"[59.928154, 30.302429]"
00:11:27,2024-04-07 00:00:00,"Невский пр., 30",3640,420,"131,59",Карта,"731,94","600,35",Мужской,03-05-1966,Художественная литература,Лолита,TRUE,"[59.935543, 30.327349]"
19:48:05,2024-04-07 00:00:00,"Ул. Рубинштейна, 24",4233,257,"161,1",Карта,537,"375,9",Женский,30-12-1995,Учебники,География 6 класс,TRUE,"[59.929700, 30.344695]"
00:38:48,2024-04-07 00:00:00,"Московский пр., 90",4589,419,"139,15",Карта,"596,47","457,32",Женский,10-07-1994,Научная литература,Квантовая физика,TRUE,"[59.924032, 30.317189]"
21:19:37,2024-04-07 00:00:00,"Московский пр., 90",5728,437,"192,024",Карта,"640,08","448,056",Мужской,26-03-1979,Художественная литература,Отцы и дети,TRUE,"[59.924032, 30.317189]"
12:06:49,2024-04-07 00:00:00,"Ул. Декабристов, 15",6224,78,"157,05",Онлайн,"619,96","462,91",Мужской,21-09-1955,Комиксы,Бэтмен,TRUE,"[59.928154, 30.302429]"
20:46:01,2024-04-07 00:00:00,"Ул. Декабристов, 15",8187,349,"346,479",Карта,"1154,93","808,451",Женский,07-05-1983,Художественная литература,Мастер и Маргарита,TRUE,"[59.928154, 30.302429]"
20:04:14,2024-04-08 00:00:00,"Ул. Рубинштейна, 24",1077,290,"155,67",Наличные,"954,32","798,65",Мужской,19-03-1998,Путеводители,Швейцария,TRUE,"[59.929700, 30.344695]"
20:35:28,2024-04-08 00:00:00,"Ул. Декабристов, 15",1152,245,"153,528",Наличные,"511,76","358,232",Женский,16-06-1986,Художественная литература,Преступление и наказание,TRUE,"[59.928154, 30.302429]"
08:08:10,2024-04-08 00:00:00,"Ул. Рубинштейна, 24",1703,149,"265,323",Наличные,"884,41","619,087",Мужской,14-06-1984,Художественная литература,Отцы и дети,TRUE,"[59.929700, 30.344695]"
21:38:42,2024-04-08 00:00:00,"Ул. Декабристов, 15",1797,29,"248,073",Онлайн,"826,91","578,837",Женский,14-11-2004,Учебники,Физика 8 класс,TRUE,"[59.928154, 30.302429]"
19:17:42,2024-04-08 00:00:00,"Невский пр., 30",1904,61,"196,137",Онлайн,"653,79","457,653",Женский,13-05-1973,Комиксы,Флэш,TRUE,"[59.935543, 30.327349]"
19:44:03,2024-04-08 00:00:00,"Ул. Рубинштейна, 24",3892,375,"164,403",Карта,"548,01","383,607",Мужской,17-06-1958,Учебники,Алгебра 7 класс,TRUE,"[59.929700, 30.344695]"
17:13:14,2024-04-08 00:00:00,"Ул. Рубинштейна, 24",4146,395,"173,502",Карта,"578,34","404,838",Женский,18-05-2004,Путеводители,Мексика,TRUE,"[59.929700, 30.344695]"
07:08:59,2024-04-08 00:00:00,"Ул. Рубинштейна, 24",4384,344,"189,153",Карта,"630,51","441,357",Женский,08-01-1996,Путеводители,Швейцария,TRUE,"[59.929700, 30.344695]"
12:06:06,2024-04-08 00:00:00,"Московский пр., 90",7274,219,"173,33",Карта,"748,38","575,05",Женский,26-10-1984,Комиксы,Человек-Паук,TRUE,"[59.924032, 30.317189]"
07:02:41,2024-04-08 00:00:00,"Гагаринская ул., 12",8051,480,"172,68",Онлайн,"734,96","562,28",Мужской,14-03-1958,Комиксы,Человек-Паук,TRUE,"[59.946153, 30.342916]"
23:55:30,2024-04-08 00:00:00,"Невский пр., 30",9289,60,"170,601",Карта,"568,67","398,069",Мужской,22-03-1961,Художественная литература,Преступление и наказание,TRUE,"[59.935543, 30.327349]"
06:31:49,2024-04-08 00:00:00,"Ул. Рубинштейна, 24",9480,195,"86,25",Онлайн,"518,19","431,94",Женский,03-12-2004,Путеводители,Италия,TRUE,"[59.929700, 30.344695]"
23:43:20,2024-04-08 00:00:00,"Невский пр., 30",9518,230,"199,092",Карта,"663,64","464,548",Женский,02-04-1993,Путеводители,Турция,TRUE,"[59.935543, 30.327349]"
22:03:30,2024-04-08 00:00:00,"Ул. Декабристов, 15",9672,41,"175,85",Карта,"610,29","434,44",Мужской,11-11-1981,Художественная литература,Отцы и дети,TRUE,"[59.928154, 30.302429]"
12:26:52,2024-04-09 00:00:00,"Гагаринская ул., 12",1016,226,"113,23",Онлайн,"592,06","478,83",Женский,18-06-1964,Путеводители,Италия,TRUE,"[59.946153, 30.342916]"
22:27:22,2024-04-09 00:00:00,"Ул. Рубинштейна, 24",1350,415,"280,071",Карта,"933,57","653,499",Женский,04-01-1994,Комиксы,Супермен,TRUE,"[59.929700, 30.344695]"
23:55:39,2024-04-09 00:00:00,"Невский пр., 30",1943,115,"66,32",Онлайн,"631,56","565,24",Мужской,10-05-1968,Путеводители,Индонезия,TRUE,"[59.935543, 30.327349]"
16:51:19,2024-04-09 00:00:00,"Невский пр., 30",2512,474,"180,63",Наличные,"665,8","485,17",Женский,26-08-1969,Путеводители,Турция,TRUE,"[59.935543, 30.327349]"
04:32:04,2024-04-09 00:00:00,"Ул. Рубинштейна, 24",3993,437,"83,14",Наличные,"514,74","431,6",Мужской,26-03-1979,Учебники,История России 10 класс,TRUE,"[59.929700, 30.344695]"
01:08:38,2024-04-09 00:00:00,"Гагаринская ул., 12",4281,25,"149,14",Карта,"578,82","429,68",Женский,02-05-1955,Научная литература,Экономика труда,TRUE,"[59.946153, 30.342916]"
10:16:05,2024-04-09 00:00:00,"Ул. Декабристов, 15",4475,214,"200,889",Наличные,"669,63","468,741",Мужской,08-06-1978,Учебники,География 6 класс,TRUE,"[59.928154, 30.302429]"
02:19:58,2024-04-09 00:00:00,"Ул. Рубинштейна, 24",6770,438,"152,043",Карта,"506,81","354,767",Мужской,05-02-1966,Научная литература,Микробиология,TRUE,"[59.929700, 30.344695]"
14:44:43,2024-04-09 00:00:00,"Ул. Рубинштейна, 24",8889,369,"194,484",Онлайн,"648,28","453,796",Женский,21-03-2001,Научная литература,Микробиология,TRUE,"[59.929700, 30.344695]"
02:42:52,2024-04-09 00:00:00,"Московский пр., 90",9008,321,"224,514",Онлайн,"748,38","523,866",Мужской,11-08-1982,Комиксы,Человек-Паук,TRUE,"[59.924032, 30.317189]"
11:52:56,2024-04-09 00:00:00,"Ул. Рубинштейна, 24",9321,3,"183,468",Карта,"611,56","428,092",Женский,21-11-1982,Комиксы,Супермен,TRUE,"[59.929700, 30.344695]"
20:05:40,2024-04-09 00:00:00,"Ул. Рубинштейна, 24",9864,323,"54,84",Онлайн,"851,87","797,03",Мужской,16-09-1977,Комиксы,Флэш,TRUE,"[59.929700, 30.344695]"
01:32:50,2024-04-10 00:00:00,"Гагаринская ул., 12",1192,203,"160,668",Карта,"535,56","374,892",Мужской,23-04-1961,Комиксы,Флэш,TRUE,"[59.946153, 30.342916]"
20:06:03,2024-04-10 00:00:00,"Ул. Декабристов, 15",2390,392,"51,93",Наличные,"530,04","478,11",Мужской,22-06-1995,Комиксы,Доктор Стрэндж,TRUE,"[59.928154, 30.302429]"
02:22:54,2024-04-10 00:00:00,"Гагаринская ул., 12",2909,220,"191,502",Наличные,"638,34","446,838",Мужской,11-09-1984,Комиксы,Бэтмен,TRUE,"[59.946153, 30.342916]"
12:38:14,2024-04-10 00:00:00,"Ул. Рубинштейна, 24",3168,329,"172,602",Наличные,"575,34","402,738",Женский,12-11-1975,Путеводители,Мексика,TRUE,"[59.929700, 30.344695]"
18:12:03,2024-04-10 00:00:00,"Гагаринская ул., 12",3536,49,"69,73",Карта,"700,16","630,43",Мужской,25-10-1963,Комиксы,Доктор Стрэндж,TRUE,"[59.946153, 30.342916]"
05:15:28,2024-04-10 00:00:00,"Невский пр., 30",3865,348,"184,77",Наличные,"615,91","431,14",Мужской,05-04-1987,Путеводители,Швейцария,TRUE,"[59.935543, 30.327349]"
01:40:58,2024-04-10 00:00:00,"Невский пр., 30",3964,437,"79,26",Карта,"528,43","449,17",Мужской,26-03-1979,Комиксы,Доктор Стрэндж,TRUE,"[59.935543, 30.327349]"
21:20:49,2024-04-10 00:00:00,"Невский пр., 30",4090,480,"94,86",Онлайн,"838,73","743,87",Мужской,14-03-1958,Путеводители,Индонезия,TRUE,"[59.935543, 30.327349]"
17:21:50,2024-04-10 00:00:00,"Ул. Рубинштейна, 24",5238,379,"230,946",Наличные,"769,82","538,874",Мужской,24-03-1958,Комиксы,Человек-Паук,TRUE,"[59.929700, 30.344695]"
12:55:22,2024-04-10 00:00:00,"Гагаринская ул., 12",6099,450,"155,427",Онлайн,"518,09","362,663",Мужской,26-11-1995,Научная литература,Микробиология,TRUE,"[59.946153, 30.342916]"
12:36:25,2024-04-10 00:00:00,"Ул. Декабристов, 15",6477,464,"140,68",Наличные,"653,79","513,11",Мужской,02-11-1991,Комиксы,Флэш,TRUE,"[59.928154, 30.302429]"
19:22:47,2024-04-10 00:00:00,"Ул. Декабристов, 15",6592,277,"168,744",Наличные,"562,48","393,736",Мужской,07-04-1972,Путеводители,Италия,TRUE,"[59.928154, 30.302429]"
19:37:29,2024-04-10 00:00:00,"Невский пр., 30",6826,23,"206,595",Онлайн,"688,65","482,055",Женский,17-11-1986,Художественная литература,Мастер и Маргарита,TRUE,"[59.935543, 30.327349]"
05:11:34,2024-04-10 00:00:00,"Московский пр., 90",8052,22,"170,601",Карта,"568,67","398,069",Мужской,05-06-2006,Художественная литература,Преступление и наказание,TRUE,"[59.924032, 30.317189]"
21:45:55,2024-04-10 00:00:00,"Невский пр., 30",8291,99,"121,81",Онлайн,"567,18","445,37",Женский,17-03-1976,Учебники,Алгебра 7 класс,TRUE,"[59.935543, 30.327349]"
13:42:28,2024-04-10 00:00:00,"Ул. Рубинштейна, 24",8490,349,"51,27",Онлайн,"717,2","665,93",Женский,07-05-1983,Комиксы,Супермен,TRUE,"[59.929700, 30.344695]"
12:01:38,2024-04-10 00:00:00,"Московский пр., 90",8621,33,"169,548",Онлайн,"565,16","395,612",Мужской,27-11-1995,Учебники,Химия 9 класс,TRUE,"[59.924032, 30.317189]"
17:56:30,2024-04-11 00:00:00,"Ул. Рубинштейна, 24",1217,269,"259,857",Онлайн,"866,19","606,333",Женский,21-10-1968,Научная литература,Палеонтология,TRUE,"[59.929700, 30.344695]"
18:59:31,2024-04-11 00:00:00,"Ул. Декабристов, 15",1706,324,"50,4",Онлайн,537,"486,6",Женский,15-08-1975,Учебники,География 6 класс,TRUE,"[59.928154, 30.302429]"
08:46:10,2024-04-11 00:00:00,"Ул. Декабристов, 15",3925,437,"150,165",Онлайн,"500,55","350,385",Мужской,26-03-1979,Путеводители,Швейцария,TRUE,"[59.928154, 30.302429]"
00:56:55,2024-04-11 00:00:00,"Ул. Декабристов, 15",4996,374,"164,829",Карта,"549,43","384,601",Мужской,28-06-1975,Учебники,История России 10 класс,TRUE,"[59.928154, 30.302429]"
19:21:12,2024-04-11 00:00:00,"Невский пр., 30",5810,484,"59,82",Наличные,"866,19","806,37",Мужской,28-05-1964,Научная литература,Палеонтология,TRUE,"[59.935543, 30.327349]"
13:52:16,2024-04-11 00:00:00,"Гагаринская ул., 12",6908,189,"305,28",Наличные,"1177,86","872,58",Мужской,23-04-1974,Научная литература,Экономика труда,TRUE,"[59.946153, 30.342916]"
04:54:27,2024-04-11 00:00:00,"Ул. Декабристов, 15",7124,292,"140,76",Наличные,"1278,7","1137,94",Мужской,17-01-1964,Художественная литература,Преступление и наказание,TRUE,"[59.928154, 30.302429]"
14:25:39,2024-04-11 00:00:00,"Невский пр., 30",7145,484,"101,84",Наличные,"866,19","764,35",Мужской,28-05-1964,Научная литература,Палеонтология,TRUE,"[59.935543, 30.327349]"
06:35:00,2024-04-12 00:00:00,"Ул. Рубинштейна, 24",2755,420,"64,07",Карта,"700,86","636,79",Мужской,03-05-1966,Комиксы,Флэш,TRUE,"[59.929700, 30.344695]"
22:20:04,2024-04-12 00:00:00,"Невский пр., 30",3257,422,"90,4",Карта,"695,59","605,19",Мужской,04-08-1954,Художественная литература,Обломов,TRUE,"[59.935543, 30.327349]"
10:51:47,2024-04-12 00:00:00,"Ул. Рубинштейна, 24",5861,352,"164,11",Наличные,"547,05","382,94",Женский,19-08-1980,Комиксы,Бэтмен,TRUE,"[59.929700, 30.344695]"
01:49:26,2024-04-12 00:00:00,"Московский пр., 90",6255,378,"53,97",Карта,"600,59","546,62",Женский,12-04-1963,Комиксы,Бэтмен,TRUE,"[59.924032, 30.317189]"
22:15:22,2024-04-12 00:00:00,"Ул. Декабристов, 15",6363,400,"75,79",Карта,"705,01","629,22",Мужской,02-12-1977,Учебники,География 6 класс,TRUE,"[59.928154, 30.302429]"
18:31:35,2024-04-12 00:00:00,"Гагаринская ул., 12",7435,127,"164,721",Карта,"549,07","384,349",Женский,22-02-1956,Путеводители,Мексика,TRUE,"[59.946153, 30.342916]"
11:40:57,2024-04-12 00:00:00,"Ул. Рубинштейна, 24",7700,102,"74,81",Карта,"608,07","533,26",Женский,17-07-1978,Путеводители,Швейцария,TRUE,"[59.929700, 30.344695]"
02:45:38,2024-04-12 00:00:00,"Невский пр., 30",8207,494,"88,42",Наличные,"887,52","799,1",Женский,03-10-1977,Учебники,География 6 класс,TRUE,"[59.935543, 30.327349]"
23:48:17,2024-04-12 00:00:00,"Гагаринская ул., 12",9160,98,"105,54",Наличные,"621,96","516,42",Мужской,02-01-1962,Художественная литература,Отцы и дети,TRUE,"[59.946153, 30.342916]"
06:52:26,2024-04-12 00:00:00,"Невский пр., 30",241285,197,"203,553",Карта,"678,51","474,957",Мужской,09-03-1957,Комиксы,Флэш,TRUE,"[59.935543, 30.327349]"
19:54:30,2024-04-13 00:00:00,"Гагаринская ул., 12",2727,148,"67,14",Карта,"510,33","443,19",Мужской,29-06-1967,Художественная литература,Мастер и Маргарита,TRUE,"[59.946153, 30.342916]"
06:55:42,2024-04-13 00:00:00,"Ул. Декабристов, 15",3026,40,"141,9",Наличные,"541,78","399,88",Мужской,08-07-1979,Путеводители,Мексика,TRUE,"[59.928154, 30.302429]"
09:53:43,2024-04-13 00:00:00,"Ул. Декабристов, 15",3412,106,"119,08",Онлайн,"528,88","409,8",Женский,02-08-1973,Комиксы,Человек-Паук,TRUE,"[59.928154, 30.302429]"
05:15:03,2024-04-13 00:00:00,"Ул. Рубинштейна, 24",5324,198,"166,653",Наличные,"555,51","388,857",Мужской,01-03-1983,Учебники,Алгебра 7 класс,TRUE,"[59.929700, 30.344695]"
05:08:03,2024-04-13 00:00:00,"Московский пр., 90",6052,294,"104,41",Наличные,"884,41",780,Женский,09-04-2002,Художественная литература,Отцы и дети,TRUE,"[59.924032, 30.317189]"
11:58:22,2024-04-13 00:00:00,"Гагаринская ул., 12",7350,343,"164,721",Наличные,"549,07","384,349",Женский,15-05-1962,Путеводители,Мексика,TRUE,"[59.946153, 30.342916]"
02:40:51,2024-04-13 00:00:00,"Ул. Рубинштейна, 24",9776,269,"287,412",Карта,"958,04","670,628",Женский,21-10-1968,Путеводители,Индонезия,TRUE,"[59.929700, 30.344695]"
11:01:30,2024-04-13 00:00:00,"Ул. Декабристов, 15",9899,45,"200,44",Карта,"857,86","657,42",Женский,18-03-1975,Научная литература,Микробиология,TRUE,"[59.928154, 30.302429]"
18:55:09,2024-04-14 00:00:00,"Невский пр., 30",1342,337,"181,43",Наличные,"826,91","645,48",Мужской,28-02-2005,Учебники,Физика 8 класс,TRUE,"[59.935543, 30.327349]"
12:28:12,2024-04-14 00:00:00,"Невский пр., 30",1734,415,"223,485",Онлайн,"744,95","521,465",Женский,04-01-1994,Путеводители,Италия,TRUE,"[59.935543, 30.327349]"
03:27:38,2024-04-14 00:00:00,"Ул. Декабристов, 15",2622,178,"154,04",Онлайн,"857,59","703,55",Женский,02-04-1962,Научная литература,Палеонтология,TRUE,"[59.928154, 30.302429]"
02:42:12,2024-04-14 00:00:00,"Гагаринская ул., 12",4843,99,"167,379",Онлайн,"557,93","390,551",Женский,17-03-1976,Комиксы,Бэтмен,TRUE,"[59.946153, 30.342916]"
14:13:34,2024-04-14 00:00:00,"Невский пр., 30",5491,260,"51,18",Карта,"511,76","460,58",Мужской,28-06-1992,Художественная литература,Преступление и наказание,TRUE,"[59.935543, 30.327349]"
12:42:05,2024-04-14 00:00:00,"Гагаринская ул., 12",6028,496,"153,75",Онлайн,"512,5","358,75",Женский,13-07-1961,Научная литература,Микробиология,TRUE,"[59.946153, 30.342916]"
18:23:45,2024-04-14 00:00:00,"Гагаринская ул., 12",6718,455,"239,13",Онлайн,"1336,73","1097,6",Мужской,01-02-1982,Учебники,Химия 9 класс,TRUE,"[59.946153, 30.342916]"
18:11:08,2024-04-14 00:00:00,"Невский пр., 30",7527,246,"65,09",Наличные,"576,04","510,95",Мужской,27-12-1971,Художественная литература,Обломов,TRUE,"[59.935543, 30.327349]"
13:07:38,2024-04-14 00:00:00,"Ул. Декабристов, 15",7621,305,"57,21",Наличные,"768,2","710,99",Мужской,19-01-1987,Художественная литература,Мастер и Маргарита,TRUE,"[59.928154, 30.302429]"
06:45:43,2024-04-14 00:00:00,"Московский пр., 90",9177,33,"222,474",Карта,"741,58","519,106",Мужской,27-11-1995,Путеводители,Италия,TRUE,"[59.924032, 30.317189]"
23:38:51,2024-04-14 00:00:00,"Московский пр., 90",9775,323,"168,375",Карта,"561,25","392,875",Мужской,16-09-1977,Научная литература,Философия науки,TRUE,"[59.924032, 30.317189]"
05:11:08,2024-04-15 00:00:00,"Ул. Декабристов, 15",1348,210,"240,195",Карта,"800,65","560,455",Мужской,29-11-1957,Учебники,История России 10 класс,TRUE,"[59.928154, 30.302429]"
03:58:59,2024-04-15 00:00:00,"Невский пр., 30",3177,354,"165,705",Наличные,"552,35","386,645",Мужской,04-10-1989,Художественная литература,Обломов,TRUE,"[59.935543, 30.327349]"
13:13:56,2024-04-15 00:00:00,"Невский пр., 30",3270,195,"189,153",Наличные,"630,51","441,357",Женский,03-12-2004,Путеводители,Швейцария,TRUE,"[59.935543, 30.327349]"
17:22:54,2024-04-15 00:00:00,"Невский пр., 30",4394,335,"305,298",Онлайн,"1017,66","712,362",Мужской,24-08-2006,Комиксы,Флэш,TRUE,"[59.935543, 30.327349]"
22:35:05,2024-04-15 00:00:00,"Невский пр., 30",4573,269,"150,165",Наличные,"500,55","350,385",Женский,21-10-1968,Путеводители,Швейцария,TRUE,"[59.935543, 30.327349]"
17:41:49,2024-04-15 00:00:00,"Московский пр., 90",6285,466,"28,82",Онлайн,"535,56","506,74",Мужской,10-05-1976,Комиксы,Флэш,TRUE,"[59.924032, 30.317189]"
00:22:05,2024-04-15 00:00:00,"Ул. Рубинштейна, 24",6286,125,"172,92",Карта,"576,4","403,48",Женский,03-03-1994,Учебники,История России 10 класс,TRUE,"[59.929700, 30.344695]"
01:24:17,2024-04-15 00:00:00,"Невский пр., 30",6575,442,"50,76",Наличные,"507,58","456,82",Женский,04-03-1967,Комиксы,Человек-Паук,TRUE,"[59.935543, 30.327349]"
09:24:28,2024-04-15 00:00:00,"Ул. Рубинштейна, 24",7192,197,"154,476",Карта,"514,92","360,444",Мужской,09-03-1957,Комиксы,Супермен,TRUE,"[59.929700, 30.344695]"
00:21:13,2024-04-15 00:00:00,"Ул. Рубинштейна, 24",7732,281,"54,58",Карта,"546,03","491,45",Мужской,26-01-1982,Художественная литература,Лолита,TRUE,"[59.929700, 30.344695]"
19:13:56,2024-04-15 00:00:00,"Ул. Декабристов, 15",7838,424,"229,22",Онлайн,"778,93","549,71",Мужской,10-12-1979,Путеводители,Турция,TRUE,"[59.928154, 30.302429]"
07:07:25,2024-04-15 00:00:00,"Невский пр., 30",7995,128,"171,726",Наличные,"572,42","400,694",Женский,28-11-1955,Художественная литература,Отцы и дети,TRUE,"[59.935543, 30.327349]"
03:51:24,2024-04-15 00:00:00,"Ул. Декабристов, 15",9004,281,"110,2",Онлайн,"540,21","430,01",Мужской,26-01-1982,Учебники,Физика 8 класс,TRUE,"[59.928154, 30.302429]"
07:22:44,2024-04-15 00:00:00,"Ул. Декабристов, 15",9893,106,"175,758",Наличные,"585,86","410,102",Женский,02-08-1973,Художественная литература,Лолита,TRUE,"[59.928154, 30.302429]"
12:36:31,2024-04-16 00:00:00,"Ул. Рубинштейна, 24",1995,419,"152,016",Онлайн,"506,72","354,704",Женский,10-07-1994,Художественная литература,Преступление и наказание,TRUE,"[59.929700, 30.344695]"
02:48:53,2024-04-16 00:00:00,"Ул. Декабристов, 15",2125,39,"123,28",Наличные,"668,24","544,96",Женский,31-07-1969,Путеводители,Италия,TRUE,"[59.928154, 30.302429]"
12:45:39,2024-04-16 00:00:00,"Московский пр., 90",2799,445,"155,427",Карта,"518,09","362,663",Мужской,17-04-1956,Научная литература,Микробиология,TRUE,"[59.924032, 30.317189]"
17:12:08,2024-04-16 00:00:00,"Ул. Рубинштейна, 24",2981,131,"56,87",Наличные,"568,67","511,8",Женский,24-10-1977,Художественная литература,Преступление и наказание,TRUE,"[59.929700, 30.344695]"
15:36:48,2024-04-16 00:00:00,"Невский пр., 30",5326,269,"160,083",Карта,"533,61","373,527",Женский,21-10-1968,Комиксы,Супермен,TRUE,"[59.935543, 30.327349]"
23:20:16,2024-04-16 00:00:00,"Ул. Декабристов, 15",9692,294,"206,934",Онлайн,"689,78","482,846",Женский,09-04-2002,Научная литература,Философия науки,TRUE,"[59.928154, 30.302429]"
03:34:28,2024-04-17 00:00:00,"Московский пр., 90",1167,188,"189,153",Наличные,"630,51","441,357",Мужской,02-07-1968,Путеводители,Швейцария,TRUE,"[59.924032, 30.317189]"
00:42:49,2024-04-17 00:00:00,"Гагаринская ул., 12",1679,49,"170,69",Карта,"1212,61","1041,92",Мужской,25-10-1963,Путеводители,Мексика,TRUE,"[59.946153, 30.342916]"
08:03:24,2024-04-17 00:00:00,"Московский пр., 90",1812,421,"73,5",Карта,"734,96","661,46",Женский,04-03-1986,Комиксы,Человек-Паук,TRUE,"[59.924032, 30.317189]"
18:54:33,2024-04-17 00:00:00,"Ул. Рубинштейна, 24",2057,310,"161,148",Наличные,"537,16","376,012",Женский,27-03-1977,Научная литература,Палеонтология,TRUE,"[59.929700, 30.344695]"
19:37:54,2024-04-17 00:00:00,"Невский пр., 30",2626,388,"143,99",Онлайн,"555,29","411,3",Мужской,26-08-1974,Научная литература,Экономика труда,TRUE,"[59.935543, 30.327349]"
00:41:41,2024-04-17 00:00:00,"Ул. Рубинштейна, 24",2846,254,"220,04",Наличные,"763,41","543,37",Мужской,09-05-1975,Научная литература,Квантовая физика,TRUE,"[59.929700, 30.344695]"
18:54:11,2024-04-17 00:00:00,"Ул. Декабристов, 15",3722,314,"151,395",Онлайн,"504,65","353,255",Женский,17-09-1955,Путеводители,Индонезия,TRUE,"[59.928154, 30.302429]"
15:29:22,2024-04-17 00:00:00,"Ул. Декабристов, 15",4084,324,"309,27",Карта,"1060,35","751,08",Женский,15-08-1975,Учебники,История России 10 класс,TRUE,"[59.928154, 30.302429]"
00:44:27,2024-04-17 00:00:00,"Гагаринская ул., 12",6773,480,"80,58",Онлайн,"540,71","460,13",Мужской,14-03-1958,Научная литература,Экономика труда,TRUE,"[59.946153, 30.342916]"
23:35:38,2024-04-17 00:00:00,"Ул. Рубинштейна, 24",9255,46,"33,58",Онлайн,"610,79","577,21",Женский,22-08-2000,Художественная литература,Лолита,TRUE,"[59.929700, 30.344695]"
05:42:28,2024-04-17 00:00:00,"Невский пр., 30",9285,330,"160,53",Карта,"608,07","447,54",Женский,01-11-1960,Путеводители,Швейцария,TRUE,"[59.935543, 30.327349]"
15:58:34,2024-04-18 00:00:00,"Ул. Декабристов, 15",1369,171,"111,71",Карта,"558,57","446,86",Мужской,24-04-1985,Учебники,География 6 класс,TRUE,"[59.928154, 30.302429]"
20:14:39,2024-04-18 00:00:00,"Ул. Рубинштейна, 24",2521,173,"169,98",Карта,"687,22","517,24",Мужской,11-10-1966,Художественная литература,Лолита,TRUE,"[59.929700, 30.344695]"
09:03:01,2024-04-18 00:00:00,"Невский пр., 30",2720,214,"182,325",Карта,"607,75","425,425",Мужской,08-06-1978,Комиксы,Человек-Паук,TRUE,"[59.935543, 30.327349]"
21:47:16,2024-04-18 00:00:00,"Ул. Рубинштейна, 24",4049,218,"107,64",Онлайн,"707,77","600,13",Женский,06-05-1969,Комиксы,Доктор Стрэндж,TRUE,"[59.929700, 30.344695]"
04:57:55,2024-04-18 00:00:00,"Московский пр., 90",4662,411,"194,148",Карта,"647,16","453,012",Женский,12-01-2001,Учебники,История России 10 класс,TRUE,"[59.924032, 30.317189]"
21:44:11,2024-04-18 00:00:00,"Ул. Декабристов, 15",5391,261,"203,07",Онлайн,"676,9","473,83",Женский,19-12-1991,Путеводители,Швейцария,TRUE,"[59.928154, 30.302429]"
09:12:21,2024-04-18 00:00:00,"Ул. Декабристов, 15",5546,438,"161,1",Онлайн,537,"375,9",Мужской,05-02-1966,Учебники,География 6 класс,TRUE,"[59.928154, 30.302429]"
05:36:25,2024-04-18 00:00:00,"Московский пр., 90",5901,438,"104,67",Онлайн,"857,59","752,92",Мужской,05-02-1966,Научная литература,Палеонтология,TRUE,"[59.924032, 30.317189]"
23:48:43,2024-04-18 00:00:00,"Ул. Декабристов, 15",5955,202,"205,374",Онлайн,"684,58","479,206",Женский,25-04-1995,Научная литература,Палеонтология,TRUE,"[59.928154, 30.302429]"
10:28:08,2024-04-18 00:00:00,"Гагаринская ул., 12",5973,119,"56,78",Онлайн,"517,98","461,2",Женский,13-07-1973,Художественная литература,Мастер и Маргарита,TRUE,"[59.946153, 30.342916]"
11:03:51,2024-04-18 00:00:00,"Ул. Рубинштейна, 24",7080,161,"114,34",Онлайн,"631,56","517,22",Мужской,13-01-1976,Путеводители,Индонезия,TRUE,"[59.929700, 30.344695]"
02:41:06,2024-04-19 00:00:00,"Невский пр., 30",1356,5,"200,25",Наличные,"992,29","792,04",Мужской,30-03-1955,Художественная литература,Обломов,TRUE,"[59.935543, 30.327349]"
12:15:10,2024-04-19 00:00:00,"Ул. Декабристов, 15",3295,23,"85,41",Наличные,"569,4","483,99",Женский,17-11-1986,Учебники,Физика 8 класс,TRUE,"[59.928154, 30.302429]"
14:14:45,2024-04-19 00:00:00,"Московский пр., 90",4664,18,"162,063",Онлайн,"540,21","378,147",Женский,27-04-1959,Учебники,Физика 8 класс,TRUE,"[59.924032, 30.317189]"
07:53:04,2024-04-19 00:00:00,"Гагаринская ул., 12",5764,491,"115,39",Карта,"700,16","584,77",Мужской,01-12-1990,Комиксы,Доктор Стрэндж,TRUE,"[59.946153, 30.342916]"
06:52:28,2024-04-19 00:00:00,"Московский пр., 90",6899,405,"231,43",Наличные,"933,57","702,14",Женский,07-09-1982,Комиксы,Супермен,TRUE,"[59.924032, 30.317189]"
11:53:27,2024-04-19 00:00:00,"Московский пр., 90",7740,487,"181,29",Карта,"610,79","429,5",Женский,20-07-1997,Художественная литература,Лолита,TRUE,"[59.924032, 30.317189]"
20:48:01,2024-04-19 00:00:00,"Московский пр., 90",8915,294,"168,375",Наличные,"561,25","392,875",Женский,09-04-2002,Научная литература,Философия науки,TRUE,"[59.924032, 30.317189]"
17:57:12,2024-04-19 00:00:00,"Ул. Рубинштейна, 24",9871,500,"229,023",Онлайн,"763,41","534,387",Мужской,03-12-1965,Научная литература,Квантовая физика,TRUE,"[59.929700, 30.344695]"
11:27:53,2024-04-20 00:00:00,"Ул. Декабристов, 15",2796,103,"230,946",Онлайн,"769,82","538,874",Женский,09-04-1964,Комиксы,Человек-Паук,TRUE,"[59.928154, 30.302429]"
01:29:18,2024-04-20 00:00:00,"Невский пр., 30",4924,348,"341,06",Карта,"1169,61","828,55",Мужской,05-04-1987,Учебники,История России 10 класс,TRUE,"[59.935543, 30.327349]"
02:21:56,2024-04-20 00:00:00,"Ул. Декабристов, 15",6218,476,"170,649",Наличные,"568,83","398,181",Женский,04-02-1973,Художественная литература,Отцы и дети,TRUE,"[59.928154, 30.302429]"
08:00:24,2024-04-20 00:00:00,"Ул. Рубинштейна, 24",6579,322,"253,46",Онлайн,"943,09","689,63",Женский,02-11-1963,Учебники,Алгебра 7 класс,TRUE,"[59.929700, 30.344695]"
13:18:45,2024-04-20 00:00:00,"Ул. Рубинштейна, 24",8386,217,"104,19",Онлайн,"992,29","888,1",Женский,09-02-1989,Художественная литература,Обломов,TRUE,"[59.929700, 30.344695]"
01:52:37,2024-04-20 00:00:00,"Невский пр., 30",8634,454,"171,726",Наличные,"572,42","400,694",Женский,30-01-1961,Художественная литература,Отцы и дети,TRUE,"[59.935543, 30.327349]"
07:11:32,2024-04-20 00:00:00,"Московский пр., 90",9689,153,"192,024",Наличные,"640,08","448,056",Мужской,21-12-1999,Художественная литература,Отцы и дети,TRUE,"[59.924032, 30.317189]"
12:04:08,2024-04-20 00:00:00,"Невский пр., 30",9851,22,"97,84",Карта,"596,47","498,63",Мужской,05-06-2006,Научная литература,Квантовая физика,TRUE,"[59.935543, 30.327349]"
03:18:04,2024-04-21 00:00:00,"Московский пр., 90",1111,219,"223,34",Онлайн,"945,1","721,76",Женский,26-10-1984,Комиксы,Человек-Паук,TRUE,"[59.924032, 30.317189]"
22:56:15,2024-04-21 00:00:00,"Московский пр., 90",1574,377,"221,808",Онлайн,"739,36","517,552",Мужской,28-11-1966,Комиксы,Супермен,TRUE,"[59.924032, 30.317189]"
09:51:27,2024-04-21 00:00:00,"Невский пр., 30",1605,293,"97,02",Онлайн,"526,87","429,85",Женский,01-06-1993,Путеводители,Швейцария,TRUE,"[59.935543, 30.327349]"
19:39:44,2024-04-21 00:00:00,"Невский пр., 30",1976,149,"236,64",Карта,"788,8","552,16",Мужской,14-06-1984,Путеводители,Турция,TRUE,"[59.935543, 30.327349]"
04:39:40,2024-04-21 00:00:00,"Гагаринская ул., 12",2931,428,"86,05",Наличные,"704,28","618,23",Женский,28-03-1961,Художественная литература,Мастер и Маргарита,TRUE,"[59.946153, 30.342916]"
21:05:15,2024-04-21 00:00:00,"Ул. Рубинштейна, 24",4293,461,"203,289",Наличные,"677,63","474,341",Мужской,26-07-1998,Научная литература,Квантовая физика,TRUE,"[59.929700, 30.344695]"
17:32:31,2024-04-21 00:00:00,"Ул. Рубинштейна, 24",5265,404,"105,43",Наличные,"640,08","534,65",Женский,21-12-1993,Художественная литература,Отцы и дети,TRUE,"[59.929700, 30.344695]"
19:19:20,2024-04-21 00:00:00,"Московский пр., 90",6857,161,"210,273",Карта,"700,91","490,637",Мужской,13-01-1976,Научная литература,Квантовая физика,TRUE,"[59.924032, 30.317189]"
07:59:02,2024-04-22 00:00:00,"Гагаринская ул., 12",5133,491,"180,177",Онлайн,"600,59","420,413",Мужской,01-12-1990,Комиксы,Бэтмен,TRUE,"[59.946153, 30.342916]"
14:02:56,2024-04-22 00:00:00,"Невский пр., 30",6687,177,"79,94",Карта,"647,95","568,01",Мужской,15-04-1988,Научная литература,Философия науки,TRUE,"[59.935543, 30.327349]"
03:40:55,2024-04-22 00:00:00,"Гагаринская ул., 12",7644,360,"66,99",Наличные,"612,99",546,Женский,21-08-1995,Комиксы,Доктор Стрэндж,TRUE,"[59.946153, 30.342916]"
21:56:50,2024-04-22 00:00:00,"Ул. Рубинштейна, 24",9591,436,"152,67",Онлайн,"748,38","595,71",Женский,02-09-1974,Комиксы,Человек-Паук,TRUE,"[59.929700, 30.344695]"
09:40:32,2024-04-23 00:00:00,"Гагаринская ул., 12",2722,73,"47,05",Онлайн,"568,5","521,45",Женский,08-04-2002,Путеводители,Индонезия,TRUE,"[59.946153, 30.342916]"
16:36:59,2024-04-23 00:00:00,"Ул. Декабристов, 15",2741,468,"67,28",Онлайн,"695,59","628,31",Женский,24-04-1974,Художественная литература,Обломов,TRUE,"[59.928154, 30.302429]"
22:25:17,2024-04-23 00:00:00,"Гагаринская ул., 12",3005,228,"108,82",Карта,"711,9","603,08",Мужской,03-02-1967,Научная литература,Палеонтология,TRUE,"[59.946153, 30.342916]"
14:17:46,2024-04-23 00:00:00,"Ул. Декабристов, 15",3363,198,"164,115",Наличные,"547,05","382,935",Мужской,01-03-1983,Комиксы,Бэтмен,TRUE,"[59.928154, 30.302429]"
19:23:31,2024-04-23 00:00:00,"Ул. Рубинштейна, 24",3693,17,"162,534",Наличные,"541,78","379,246",Мужской,27-12-1962,Путеводители,Мексика,TRUE,"[59.929700, 30.344695]"
09:59:16,2024-04-23 00:00:00,"Московский пр., 90",4832,44,"121,23",Наличные,"557,69","436,46",Женский,13-04-1970,Учебники,Химия 9 класс,TRUE,"[59.924032, 30.317189]"
19:36:14,2024-04-23 00:00:00,"Ул. Декабристов, 15",5488,111,"324,777",Наличные,"1082,59","757,813",Мужской,06-08-1975,Научная литература,Философия науки,TRUE,"[59.928154, 30.302429]"
20:40:13,2024-04-23 00:00:00,"Гагаринская ул., 12",8130,257,"143,74",Наличные,"836,87","693,13",Женский,30-12-1995,Научная литература,Экономика труда,TRUE,"[59.946153, 30.342916]"
13:16:26,2024-04-24 00:00:00,"Невский пр., 30",1244,271,"178,806",Карта,"596,02","417,214",Мужской,03-10-1956,Учебники,Алгебра 7 класс,TRUE,"[59.935543, 30.327349]"
20:35:32,2024-04-24 00:00:00,"Ул. Рубинштейна, 24",2472,92,"162,429",Онлайн,"541,43","379,001",Женский,27-01-2000,Художественная литература,Обломов,TRUE,"[59.929700, 30.344695]"
09:38:55,2024-04-24 00:00:00,"Ул. Декабристов, 15",3306,148,"224,514",Наличные,"748,38","523,866",Мужской,29-06-1967,Комиксы,Человек-Паук,TRUE,"[59.928154, 30.302429]"
19:42:37,2024-04-24 00:00:00,"Ул. Декабристов, 15",3897,155,"210,273",Наличные,"700,91","490,637",Женский,20-06-1988,Научная литература,Квантовая физика,TRUE,"[59.928154, 30.302429]"
01:28:26,2024-04-24 00:00:00,"Ул. Рубинштейна, 24",4024,85,"166,98",Карта,"583,23","416,25",Женский,01-09-1961,Научная литература,Микробиология,TRUE,"[59.929700, 30.344695]"
22:23:18,2024-04-24 00:00:00,"Ул. Декабристов, 15",4458,438,"156,261",Карта,"520,87","364,609",Мужской,05-02-1966,Научная литература,Экономика труда,TRUE,"[59.928154, 30.302429]"
13:08:34,2024-04-24 00:00:00,"Ул. Декабристов, 15",6094,225,"155,394",Наличные,"517,98","362,586",Женский,25-01-1991,Художественная литература,Мастер и Маргарита,TRUE,"[59.928154, 30.302429]"
03:55:50,2024-04-24 00:00:00,"Гагаринская ул., 12",7307,253,"87,5",Карта,"583,34","495,84",Мужской,17-11-1957,Учебники,Химия 9 класс,TRUE,"[59.946153, 30.342916]"
13:42:14,2024-04-24 00:00:00,"Невский пр., 30",7314,483,"39,22",Карта,"756,58","717,36",Женский,28-03-1957,Художественная литература,Преступление и наказание,TRUE,"[59.935543, 30.327349]"
14:26:25,2024-04-24 00:00:00,"Московский пр., 90",9077,428,"180,177",Наличные,"600,59","420,413",Женский,28-03-1961,Комиксы,Бэтмен,TRUE,"[59.924032, 30.317189]"
02:37:42,2024-04-25 00:00:00,"Невский пр., 30",1741,108,"279,21",Карта,"992,29","713,08",Мужской,25-09-1999,Художественная литература,Обломов,TRUE,"[59.935543, 30.327349]"
17:15:04,2024-04-25 00:00:00,"Невский пр., 30",4774,295,"84,73",Наличные,"689,78","605,05",Женский,24-05-2000,Научная литература,Философия науки,TRUE,"[59.935543, 30.327349]"
07:42:42,2024-04-25 00:00:00,"Ул. Рубинштейна, 24",6684,104,"39,62",Онлайн,"557,93","518,31",Мужской,18-12-1982,Комиксы,Бэтмен,TRUE,"[59.929700, 30.344695]"
16:21:08,2024-04-25 00:00:00,"Гагаринская ул., 12",7940,319,"180,177",Карта,"600,59","420,413",Мужской,29-06-1986,Комиксы,Бэтмен,TRUE,"[59.946153, 30.342916]"
01:17:45,2024-04-25 00:00:00,"Ул. Декабристов, 15",8020,237,"88,54",Наличные,"800,65","712,11",Женский,25-01-1974,Учебники,История России 10 класс,TRUE,"[59.928154, 30.302429]"
04:55:08,2024-04-25 00:00:00,"Ул. Декабристов, 15",9602,111,"120,34",Онлайн,"573,2","452,86",Мужской,06-08-1975,Учебники,Физика 8 класс,TRUE,"[59.928154, 30.302429]"
15:22:34,2024-04-26 00:00:00,"Невский пр., 30",1662,295,"171,192",Карта,"570,64","399,448",Женский,24-05-2000,Учебники,Алгебра 7 класс,TRUE,"[59.935543, 30.327349]"
12:24:38,2024-04-26 00:00:00,"Гагаринская ул., 12",2600,255,"124,6",Наличные,"504,65","380,05",Женский,21-06-2004,Путеводители,Индонезия,TRUE,"[59.946153, 30.342916]"
02:22:24,2024-04-26 00:00:00,"Ул. Рубинштейна, 24",3179,337,"174,969",Онлайн,"583,23","408,261",Мужской,28-02-2005,Научная литература,Микробиология,TRUE,"[59.929700, 30.344695]"
22:01:14,2024-04-26 00:00:00,"Невский пр., 30",3828,55,"186,522",Онлайн,"621,74","435,218",Женский,15-08-1996,Научная литература,Экономика труда,TRUE,"[59.935543, 30.327349]"
01:11:02,2024-04-26 00:00:00,"Ул. Рубинштейна, 24",5513,30,"175,785",Карта,"585,95","410,165",Мужской,08-10-1984,Научная литература,Экономика труда,TRUE,"[59.929700, 30.344695]"
16:52:14,2024-04-26 00:00:00,"Невский пр., 30",7649,61,"97,14",Наличные,"642,55","545,41",Женский,13-05-1973,Художественная литература,Лолита,TRUE,"[59.935543, 30.327349]"
07:09:28,2024-04-26 00:00:00,"Ул. Декабристов, 15",9796,348,"243,78",Наличные,"887,52","643,74",Мужской,05-04-1987,Учебники,География 6 класс,TRUE,"[59.928154, 30.302429]"
16:21:29,2024-04-27 00:00:00,"Ул. Рубинштейна, 24",1644,455,"85,34",Карта,"546,03","460,69",Мужской,01-02-1982,Художественная литература,Лолита,TRUE,"[59.929700, 30.344695]"
06:52:28,2024-04-27 00:00:00,"Невский пр., 30",2049,167,"167,307",Онлайн,"557,69","390,383",Женский,13-02-1978,Учебники,Химия 9 класс,TRUE,"[59.935543, 30.327349]"
08:08:30,2024-04-27 00:00:00,"Невский пр., 30",2554,102,"233,679",Карта,"778,93","545,251",Женский,17-07-1978,Путеводители,Турция,TRUE,"[59.935543, 30.327349]"
22:13:55,2024-04-27 00:00:00,"Ул. Рубинштейна, 24",5012,416,"28,53",Наличные,"570,64","542,11",Мужской,09-12-1965,Учебники,Алгебра 7 класс,TRUE,"[59.929700, 30.344695]"
22:29:13,2024-04-27 00:00:00,"Московский пр., 90",7325,499,"148,78",Наличные,"511,76","362,98",Женский,13-01-1961,Художественная литература,Преступление и наказание,TRUE,"[59.924032, 30.317189]"
19:29:04,2024-04-27 00:00:00,"Ул. Декабристов, 15",7721,135,"233,679",Карта,"778,93","545,251",Женский,08-09-2004,Путеводители,Турция,TRUE,"[59.928154, 30.302429]"
19:18:12,2024-04-27 00:00:00,"Гагаринская ул., 12",7931,67,"176,9",Онлайн,"768,26","591,36",Мужской,20-11-1959,Научная литература,Квантовая физика,TRUE,"[59.946153, 30.342916]"
20:48:05,2024-04-27 00:00:00,"Московский пр., 90",9670,269,"170,55",Онлайн,"568,5","397,95",Женский,21-10-1968,Путеводители,Индонезия,TRUE,"[59.924032, 30.317189]"
10:30:39,2024-04-28 00:00:00,"Гагаринская ул., 12",1108,448,"186,015",Карта,"620,05","434,035",Женский,19-02-1980,Научная литература,Микробиология,TRUE,"[59.946153, 30.342916]"
23:41:51,2024-04-28 00:00:00,"Невский пр., 30",1195,335,"227,511",Наличные,"758,37","530,859",Мужской,24-08-2006,Научная литература,Палеонтология,TRUE,"[59.935543, 30.327349]"
19:06:16,2024-04-28 00:00:00,"Невский пр., 30",2508,148,"170,601",Наличные,"568,67","398,069",Мужской,29-06-1967,Художественная литература,Преступление и наказание,TRUE,"[59.935543, 30.327349]"
22:54:14,2024-04-28 00:00:00,"Невский пр., 30",5082,188,"346,479",Наличные,"1154,93","808,451",Мужской,02-07-1968,Художественная литература,Мастер и Маргарита,TRUE,"[59.935543, 30.327349]"
07:31:11,2024-04-28 00:00:00,"Ул. Рубинштейна, 24",7637,43,105,Карта,"699,97","594,97",Женский,14-10-1965,Научная литература,Квантовая физика,TRUE,"[59.929700, 30.344695]"
10:00:45,2024-04-28 00:00:00,"Московский пр., 90",8393,22,"200,472",Онлайн,"668,24","467,768",Мужской,05-06-2006,Путеводители,Италия,TRUE,"[59.924032, 30.317189]"
09:02:07,2024-04-28 00:00:00,"Ул. Декабристов, 15",8635,418,"37,88",Наличные,"576,04","538,16",Мужской,04-02-1965,Художественная литература,Обломов,TRUE,"[59.928154, 30.302429]"
20:10:34,2024-04-28 00:00:00,"Невский пр., 30",9372,234,"162,51",Наличные,"803,08","640,57",Мужской,17-11-1995,Путеводители,Италия,TRUE,"[59.935543, 30.327349]"
11:07:53,2024-04-29 00:00:00,"Московский пр., 90",2194,362,"152,016",Карта,"506,72","354,704",Мужской,15-12-1999,Художественная литература,Преступление и наказание,TRUE,"[59.924032, 30.317189]"
04:17:38,2024-04-29 00:00:00,"Ул. Рубинштейна, 24",4847,476,"94,58",Наличные,"707,77","613,19",Женский,04-02-1973,Комиксы,Доктор Стрэндж,TRUE,"[59.929700, 30.344695]"
09:00:29,2024-04-29 00:00:00,"Гагаринская ул., 12",6085,445,"25,34",Наличные,"506,81","481,47",Мужской,17-04-1956,Научная литература,Микробиология,TRUE,"[59.946153, 30.342916]"
17:12:21,2024-04-29 00:00:00,"Гагаринская ул., 12",6660,348,"106,24",Карта,"510,83","404,59",Мужской,05-04-1987,Художественная литература,Лолита,TRUE,"[59.946153, 30.342916]"
04:25:42,2024-04-29 00:00:00,"Ул. Рубинштейна, 24",6829,68,"49,82",Онлайн,"976,83","927,01",Женский,01-06-1979,Художественная литература,Отцы и дети,TRUE,"[59.929700, 30.344695]"
21:57:12,2024-04-29 00:00:00,"Ул. Рубинштейна, 24",7549,489,"196,398",Онлайн,"654,66","458,262",Женский,21-10-1974,Научная литература,Микробиология,TRUE,"[59.929700, 30.344695]"
08:45:09,2024-04-29 00:00:00,"Гагаринская ул., 12",8035,20,"391,953",Наличные,"1306,51","914,557",Женский,23-05-1994,Научная литература,Палеонтология,TRUE,"[59.946153, 30.342916]"
17:47:17,2024-04-29 00:00:00,"Гагаринская ул., 12",8126,346,"257,25",Онлайн,"864,6","607,35",Женский,11-06-2000,Учебники,География 6 класс,TRUE,"[59.946153, 30.342916]"
16:57:55,2024-04-29 00:00:00,"Московский пр., 90",9748,336,"164,268",Онлайн,"547,56","383,292",Женский,27-06-1979,Комиксы,Доктор Стрэндж,TRUE,"[59.924032, 30.317189]"
11:49:47,2024-04-30 00:00:00,"Ул. Декабристов, 15",2858,62,"154,614",Онлайн,"515,38","360,766",Мужской,01-06-1981,Путеводители,Индонезия,TRUE,"[59.928154, 30.302429]"
03:39:09,2024-04-30 00:00:00,"Гагаринская ул., 12",5353,370,"199,74",Наличные,"665,8","466,06",Мужской,30-08-1995,Путеводители,Турция,TRUE,"[59.946153, 30.342916]"
11:50:25,2024-04-30 00:00:00,"Ул. Декабристов, 15",5907,390,"200,889",Карта,"669,63","468,741",Женский,18-09-1975,Учебники,География 6 класс,TRUE,"[59.928154, 30.302429]"
09:00:11,2024-04-30 00:00:00,"Московский пр., 90",6257,492,"163,809",Онлайн,"546,03","382,221",Женский,17-06-1997,Художественная литература,Лолита,TRUE,"[59.924032, 30.317189]"
13:26:00,2024-04-30 00:00:00,"Московский пр., 90",7153,344,"291,339",Онлайн,"971,13","679,791",Женский,08-01-1996,Путеводители,Италия,TRUE,"[59.924032, 30.317189]"
13:46:53,2024-04-30 00:00:00,"Гагаринская ул., 12",8957,7,"73,88",Наличные,"549,43","475,55",Мужской,31-12-1959,Учебники,История России 10 класс,TRUE,"[59.946153, 30.342916]"
17:35:52,2024-04-30 00:00:00,"Ул. Рубинштейна, 24",9546,413,"229,023",Карта,"763,41","534,387",Женский,17-05-1994,Научная литература,Квантовая физика,TRUE,"[59.929700, 30.344695]"
16:37:07,2024-04-30 00:00:00,"Ул. Декабристов, 15",9635,153,"47,48",Карта,"687,22","639,74",Мужской,21-12-1999,Художественная литература,Лолита,TRUE,"[59.928154, 30.302429]"
11:51:50,2024-04-30 00:00:00,"Гагаринская ул., 12",9872,102,"103,49",Карта,"510,83","407,34",Женский,17-07-1978,Художественная литература,Лолита,TRUE,"[59.946153, 30.342916]"
02:32:27,2024-05-01 00:00:00,"Невский пр., 30",1392,226,"145,5",Карта,"576,04","430,54",Женский,18-06-1964,Художественная литература,Обломов,TRUE,"[59.935543, 30.327349]"
22:56:04,2024-05-01 00:00:00,"Ул. Декабристов, 15",1619,3,"166,671",Наличные,"555,57","388,899",Женский,21-11-1982,Путеводители,Мексика,TRUE,"[59.928154, 30.302429]"
23:55:16,2024-05-01 00:00:00,"Гагаринская ул., 12",2696,480,"214,419",Карта,"714,73","500,311",Мужской,14-03-1958,Учебники,История России 10 класс,TRUE,"[59.946153, 30.342916]"
14:06:26,2024-05-01 00:00:00,"Ул. Рубинштейна, 24",3144,362,"152,043",Карта,"506,81","354,767",Мужской,15-12-1999,Научная литература,Микробиология,TRUE,"[59.929700, 30.344695]"
06:41:34,2024-05-01 00:00:00,"Ул. Рубинштейна, 24",4236,461,"155,427",Наличные,"518,09","362,663",Мужской,26-07-1998,Научная литература,Микробиология,TRUE,"[59.929700, 30.344695]"
16:06:14,2024-05-01 00:00:00,"Гагаринская ул., 12",4497,212,"61,8",Онлайн,"503,36","441,56",Женский,19-05-1995,Художественная литература,Преступление и наказание,TRUE,"[59.946153, 30.342916]"
08:30:13,2024-05-01 00:00:00,"Ул. Рубинштейна, 24",5182,365,"242,772",Наличные,"809,24","566,468",Женский,03-01-1997,Путеводители,Турция,TRUE,"[59.929700, 30.344695]"
12:42:46,2024-05-01 00:00:00,"Московский пр., 90",6213,79,"153,042",Онлайн,"510,14","357,098",Женский,21-03-2005,Комиксы,Доктор Стрэндж,TRUE,"[59.924032, 30.317189]"
13:53:09,2024-05-01 00:00:00,"Ул. Декабристов, 15",6239,496,"220,746",Онлайн,"735,82","515,074",Женский,13-07-1961,Художественная литература,Преступление и наказание,TRUE,"[59.928154, 30.302429]"
22:54:15,2024-05-01 00:00:00,"Невский пр., 30",7216,219,"142,94",Наличные,"621,96","479,02",Женский,26-10-1984,Художественная литература,Отцы и дети,TRUE,"[59.935543, 30.327349]"
06:59:56,2024-05-01 00:00:00,"Гагаринская ул., 12",7306,197,"82,85",Карта,"552,35","469,5",Мужской,09-03-1957,Художественная литература,Обломов,TRUE,"[59.946153, 30.342916]"
21:22:54,2024-05-01 00:00:00,"Невский пр., 30",7572,343,"122,21",Онлайн,"578,34","456,13",Женский,15-05-1962,Путеводители,Мексика,TRUE,"[59.935543, 30.327349]"
08:27:56,2024-05-02 00:00:00,"Ул. Рубинштейна, 24",1849,422,"150,13",Карта,"750,64","600,51",Мужской,04-08-1954,Художественная литература,Лолита,TRUE,"[59.929700, 30.344695]"
13:21:14,2024-05-02 00:00:00,"Московский пр., 90",1947,166,"158,061",Карта,"526,87","368,809",Женский,31-10-1993,Путеводители,Швейцария,TRUE,"[59.924032, 30.317189]"
09:18:48,2024-05-02 00:00:00,"Ул. Рубинштейна, 24",2642,442,"88,44",Наличные,"884,41","795,97",Женский,04-03-1967,Художественная литература,Отцы и дети,TRUE,"[59.929700, 30.344695]"
00:26:25,2024-05-02 00:00:00,"Ул. Декабристов, 15",5007,82,"186,015",Карта,"620,05","434,035",Женский,04-11-1967,Научная литература,Микробиология,TRUE,"[59.928154, 30.302429]"
00:36:36,2024-05-02 00:00:00,"Невский пр., 30",5670,15,"79,6",Онлайн,"557,69","478,09",Женский,12-03-2005,Учебники,Химия 9 класс,TRUE,"[59.935543, 30.327349]"
16:06:44,2024-05-02 00:00:00,"Гагаринская ул., 12",7603,111,"74,64",Наличные,"1177,86","1103,22",Мужской,06-08-1975,Научная литература,Экономика труда,TRUE,"[59.946153, 30.342916]"
21:01:26,2024-05-02 00:00:00,"Московский пр., 90",9010,292,"31,43",Карта,"628,51","597,08",Мужской,17-01-1964,Путеводители,Индонезия,TRUE,"[59.924032, 30.317189]"
10:07:28,2024-05-02 00:00:00,"Гагаринская ул., 12",9061,302,"169,548",Наличные,"565,16","395,612",Мужской,14-05-1999,Учебники,Химия 9 класс,TRUE,"[59.946153, 30.342916]"
10:22:59,2024-05-02 00:00:00,"Невский пр., 30",9736,318,"108,62",Онлайн,"711,9","603,28",Женский,03-08-1995,Научная литература,Палеонтология,TRUE,"[59.935543, 30.327349]"
00:55:15,2024-05-02 00:00:00,"Ул. Декабристов, 15",9960,70,"64,36",Карта,"955,05","890,69",Женский,03-09-1971,Комиксы,Флэш,TRUE,"[59.928154, 30.302429]"
01:37:06,2024-05-03 00:00:00,"Гагаринская ул., 12",1122,225,"45,01",Карта,"557,69","512,68",Женский,25-01-1991,Учебники,Химия 9 класс,TRUE,"[59.946153, 30.342916]"
09:06:54,2024-05-03 00:00:00,"Ул. Декабристов, 15",3286,492,"196,5",Наличные,"768,2","571,7",Женский,17-06-1997,Художественная литература,Мастер и Маргарита,TRUE,"[59.928154, 30.302429]"
11:56:28,2024-05-03 00:00:00,"Гагаринская ул., 12",4300,28,"162,12",Наличные,"615,58","453,46",Женский,30-11-1963,Художественная литература,Мастер и Маргарита,TRUE,"[59.946153, 30.342916]"
15:34:09,2024-05-03 00:00:00,"Ул. Рубинштейна, 24",5075,346,"60,78",Карта,"607,75","546,97",Женский,11-06-2000,Комиксы,Человек-Паук,TRUE,"[59.929700, 30.344695]"
00:27:01,2024-05-03 00:00:00,"Московский пр., 90",6116,207,"145,26",Наличные,"515,38","370,12",Женский,15-11-1979,Путеводители,Индонезия,TRUE,"[59.924032, 30.317189]"
14:57:26,2024-05-03 00:00:00,"Гагаринская ул., 12",6798,40,"164,829",Карта,"549,43","384,601",Мужской,08-07-1979,Учебники,История России 10 класс,TRUE,"[59.946153, 30.342916]"
20:01:18,2024-05-03 00:00:00,"Гагаринская ул., 12",8149,293,"163,81",Наличные,"900,53","736,72",Женский,01-06-1993,Комиксы,Бэтмен,TRUE,"[59.946153, 30.342916]"
12:58:32,2024-05-03 00:00:00,"Невский пр., 30",8578,245,"158,664",Наличные,"528,88","370,216",Женский,16-06-1986,Комиксы,Человек-Паук,TRUE,"[59.935543, 30.327349]"
09:43:31,2024-05-03 00:00:00,"Московский пр., 90",9570,261,"198,11",Наличные,"664,06","465,95",Женский,19-12-1991,Учебники,Алгебра 7 класс,TRUE,"[59.924032, 30.317189]"
06:55:43,2024-05-04 00:00:00,"Невский пр., 30",1549,197,"66,72",Наличные,"615,58","548,86",Мужской,09-03-1957,Художественная литература,Мастер и Маргарита,TRUE,"[59.935543, 30.327349]"
11:22:13,2024-05-04 00:00:00,"Невский пр., 30",2198,248,"75,78",Онлайн,"713,2","637,42",Женский,02-10-1964,Учебники,История России 10 класс,TRUE,"[59.935543, 30.327349]"
15:37:41,2024-05-04 00:00:00,"Московский пр., 90",2615,375,"199,857",Онлайн,"666,19","466,333",Мужской,17-06-1958,Научная литература,Экономика труда,TRUE,"[59.924032, 30.317189]"
02:44:49,2024-05-04 00:00:00,"Невский пр., 30",3126,76,"184,773",Наличные,"615,91","431,137",Женский,19-01-1958,Путеводители,Швейцария,TRUE,"[59.935543, 30.327349]"
15:09:56,2024-05-04 00:00:00,"Невский пр., 30",3732,243,"222,474",Онлайн,"741,58","519,106",Женский,12-10-1997,Путеводители,Италия,TRUE,"[59.935543, 30.327349]"
09:22:24,2024-05-04 00:00:00,"Гагаринская ул., 12",6688,320,"176,27",Карта,"866,19","689,92",Мужской,12-12-1977,Научная литература,Палеонтология,TRUE,"[59.946153, 30.342916]"
03:47:32,2024-05-04 00:00:00,"Московский пр., 90",8644,56,"172,602",Онлайн,"575,34","402,738",Женский,12-09-1959,Путеводители,Мексика,TRUE,"[59.924032, 30.317189]"
22:23:04,2024-05-04 00:00:00,"Московский пр., 90",9429,38,"52,66",Наличные,"517,98","465,32",Мужской,02-01-1976,Художественная литература,Мастер и Маргарита,TRUE,"[59.924032, 30.317189]"
16:28:44,2024-05-04 00:00:00,"Невский пр., 30",9977,230,"202,88",Онлайн,"994,5","791,62",Женский,02-04-1993,Художественная литература,Обломов,TRUE,"[59.935543, 30.327349]"
10:37:49,2024-05-05 00:00:00,"Гагаринская ул., 12",2552,248,"212,331",Карта,"707,77","495,439",Женский,02-10-1964,Комиксы,Доктор Стрэндж,TRUE,"[59.946153, 30.342916]"
08:36:30,2024-05-05 00:00:00,"Невский пр., 30",5120,195,"150,165",Наличные,"500,55","350,385",Женский,03-12-2004,Путеводители,Швейцария,TRUE,"[59.935543, 30.327349]"
16:12:53,2024-05-05 00:00:00,"Ул. Рубинштейна, 24",5136,365,"225,192",Карта,"750,64","525,448",Женский,03-01-1997,Художественная литература,Лолита,TRUE,"[59.929700, 30.344695]"
14:51:36,2024-05-05 00:00:00,"Ул. Декабристов, 15",6645,212,"167,83",Наличные,"869,75","701,92",Женский,19-05-1995,Путеводители,Швейцария,TRUE,"[59.928154, 30.302429]"
06:31:01,2024-05-05 00:00:00,"Невский пр., 30",8595,351,"191,01",Наличные,"955,05","764,04",Мужской,01-06-1985,Комиксы,Флэш,TRUE,"[59.935543, 30.327349]"
17:07:31,2024-05-06 00:00:00,"Гагаринская ул., 12",1676,39,"204,92",Наличные,"803,08","598,16",Женский,31-07-1969,Путеводители,Италия,TRUE,"[59.946153, 30.342916]"
13:16:33,2024-05-06 00:00:00,"Гагаринская ул., 12",2309,335,"171,192",Карта,"570,64","399,448",Мужской,24-08-2006,Учебники,Алгебра 7 класс,TRUE,"[59.946153, 30.342916]"
19:45:40,2024-05-06 00:00:00,"Ул. Декабристов, 15",5074,77,"105,32",Онлайн,"866,19","760,87",Мужской,27-04-1955,Научная литература,Палеонтология,TRUE,"[59.928154, 30.302429]"
21:39:50,2024-05-06 00:00:00,"Ул. Рубинштейна, 24",6878,123,"101,53",Наличные,"676,9","575,37",Женский,17-07-1992,Путеводители,Швейцария,TRUE,"[59.929700, 30.344695]"
01:59:26,2024-05-06 00:00:00,"Ул. Рубинштейна, 24",7353,149,"266,86",Наличные,"1082,59","815,73",Мужской,14-06-1984,Научная литература,Философия науки,TRUE,"[59.929700, 30.344695]"
11:42:55,2024-05-06 00:00:00,"Московский пр., 90",7733,338,"122,49",Наличные,"615,91","493,42",Мужской,21-08-1983,Путеводители,Швейцария,TRUE,"[59.924032, 30.317189]"
11:54:16,2024-05-06 00:00:00,"Московский пр., 90",8437,322,"153,099",Наличные,"510,33","357,231",Женский,02-11-1963,Художественная литература,Мастер и Маргарита,TRUE,"[59.924032, 30.317189]"
04:37:03,2024-05-06 00:00:00,"Невский пр., 30",9684,59,"257,277",Карта,"857,59","600,313",Женский,26-03-1972,Научная литература,Палеонтология,TRUE,"[59.935543, 30.327349]"
00:47:44,2024-05-07 00:00:00,"Невский пр., 30",1079,164,"218,7",Наличные,729,"510,3",Женский,09-11-1957,Учебники,География 6 класс,TRUE,"[59.935543, 30.327349]"
09:57:51,2024-05-07 00:00:00,"Ул. Декабристов, 15",1335,420,"167,379",Карта,"557,93","390,551",Мужской,03-05-1966,Комиксы,Бэтмен,TRUE,"[59.928154, 30.302429]"
07:33:34,2024-05-07 00:00:00,"Невский пр., 30",1796,330,"77,45",Онлайн,"1518,53","1441,08",Женский,01-11-1960,Путеводители,Швейцария,TRUE,"[59.935543, 30.327349]"
22:23:08,2024-05-07 00:00:00,"Ул. Декабристов, 15",1942,153,"196,398",Наличные,"654,66","458,262",Мужской,21-12-1999,Научная литература,Микробиология,TRUE,"[59.928154, 30.302429]"
06:50:31,2024-05-07 00:00:00,"Гагаринская ул., 12",2591,188,"68,2",Наличные,"609,74","541,54",Мужской,02-07-1968,Учебники,Химия 9 класс,TRUE,"[59.946153, 30.342916]"
09:51:29,2024-05-07 00:00:00,"Невский пр., 30",3737,89,"150,735",Онлайн,"502,45","351,715",Мужской,02-03-1970,Учебники,Физика 8 класс,TRUE,"[59.935543, 30.327349]"
03:56:00,2024-05-07 00:00:00,"Гагаринская ул., 12",4523,349,"287,65",Наличные,"971,13","683,48",Женский,07-05-1983,Путеводители,Италия,TRUE,"[59.946153, 30.342916]"
19:42:47,2024-05-07 00:00:00,"Гагаринская ул., 12",5169,254,"181,83",Карта,"621,96","440,13",Мужской,09-05-1975,Художественная литература,Отцы и дети,TRUE,"[59.946153, 30.342916]"
02:02:33,2024-05-07 00:00:00,"Ул. Рубинштейна, 24",5507,172,"153,903",Наличные,"513,01","359,107",Мужской,14-06-1975,Художественная литература,Мастер и Маргарита,TRUE,"[59.929700, 30.344695]"
19:20:12,2024-05-07 00:00:00,"Гагаринская ул., 12",5720,440,"153,528",Онлайн,"511,76","358,232",Женский,16-07-1980,Художественная литература,Преступление и наказание,TRUE,"[59.946153, 30.342916]"
22:28:57,2024-05-07 00:00:00,"Гагаринская ул., 12",5852,125,"133,1",Наличные,"572,42","439,32",Женский,03-03-1994,Художественная литература,Отцы и дети,TRUE,"[59.946153, 30.342916]"
05:58:58,2024-05-07 00:00:00,"Невский пр., 30",6633,418,"260,925",Карта,"869,75","608,825",Мужской,04-02-1965,Путеводители,Швейцария,TRUE,"[59.935543, 30.327349]"
15:06:40,2024-05-07 00:00:00,"Московский пр., 90",8738,39,"256,917",Наличные,"856,39","599,473",Женский,31-07-1969,Учебники,Физика 8 класс,TRUE,"[59.924032, 30.317189]"
08:49:32,2024-05-07 00:00:00,"Невский пр., 30",8777,488,"223,596",Онлайн,"745,32","521,724",Женский,14-01-1997,Путеводители,Италия,TRUE,"[59.935543, 30.327349]"
08:04:58,2024-05-07 00:00:00,"Ул. Декабристов, 15",9293,167,"60,32",Онлайн,"836,87","776,55",Женский,13-02-1978,Научная литература,Экономика труда,TRUE,"[59.928154, 30.302429]"
09:09:30,2024-05-07 00:00:00,"Ул. Рубинштейна, 24",9890,234,"70,69",Наличные,"541,43","470,74",Мужской,17-11-1995,Художественная литература,Обломов,TRUE,"[59.929700, 30.344695]"
08:21:31,2024-05-07 00:00:00,"Ул. Рубинштейна, 24",9967,402,"79,47",Карта,"540,21","460,74",Мужской,30-04-2000,Учебники,Физика 8 класс,TRUE,"[59.929700, 30.344695]"
12:40:25,2024-05-08 00:00:00,"Московский пр., 90",1959,437,"110,49",Карта,"536,87","426,38",Мужской,26-03-1979,Путеводители,Турция,TRUE,"[59.924032, 30.317189]"
11:20:43,2024-05-08 00:00:00,"Гагаринская ул., 12",2277,1,"87,63",Онлайн,"526,77","439,14",Женский,12-02-2003,Научная литература,Философия науки,TRUE,"[59.946153, 30.342916]"
10:27:50,2024-05-08 00:00:00,"Ул. Декабристов, 15",3633,171,"152,274",Наличные,"507,58","355,306",Мужской,24-04-1985,Комиксы,Человек-Паук,TRUE,"[59.928154, 30.302429]"
13:05:59,2024-05-08 00:00:00,"Московский пр., 90",5371,163,"45,78",Карта,"785,78",740,Женский,09-11-1964,Путеводители,Мексика,TRUE,"[59.924032, 30.317189]"
19:50:44,2024-05-08 00:00:00,"Ул. Рубинштейна, 24",5454,490,"151,632",Наличные,"505,44","353,808",Мужской,31-07-1993,Научная литература,Философия науки,TRUE,"[59.929700, 30.344695]"
21:12:34,2024-05-08 00:00:00,"Ул. Рубинштейна, 24",8368,62,47,Онлайн,"668,63","621,63",Мужской,01-06-1981,Художественная литература,Обломов,TRUE,"[59.929700, 30.344695]"
19:45:52,2024-05-09 00:00:00,"Гагаринская ул., 12",4063,106,"78,15",Карта,"631,03","552,88",Женский,02-08-1973,Путеводители,Турция,TRUE,"[59.946153, 30.342916]"
06:56:00,2024-05-09 00:00:00,"Ул. Декабристов, 15",4198,350,"169,548",Онлайн,"565,16","395,612",Мужской,16-05-1983,Учебники,Химия 9 класс,TRUE,"[59.928154, 30.302429]"
04:18:35,2024-05-09 00:00:00,"Гагаринская ул., 12",5104,155,162,Онлайн,"576,4","414,4",Женский,20-06-1988,Учебники,История России 10 класс,TRUE,"[59.946153, 30.342916]"
21:38:36,2024-05-09 00:00:00,"Московский пр., 90",5313,223,"79,25",Карта,"618,91","539,66",Мужской,24-09-1989,Научная литература,Философия науки,TRUE,"[59.924032, 30.317189]"
06:33:54,2024-05-09 00:00:00,"Ул. Рубинштейна, 24",6146,99,"205,374",Онлайн,"684,58","479,206",Женский,17-03-1976,Научная литература,Палеонтология,TRUE,"[59.929700, 30.344695]"
16:01:45,2024-05-09 00:00:00,"Ул. Рубинштейна, 24",6208,153,"211,284",Наличные,"704,28","492,996",Мужской,21-12-1999,Художественная литература,Мастер и Маргарита,TRUE,"[59.929700, 30.344695]"
11:39:11,2024-05-09 00:00:00,"Гагаринская ул., 12",6817,124,"161,1",Онлайн,537,"375,9",Мужской,28-12-2003,Учебники,География 6 класс,TRUE,"[59.946153, 30.342916]"
02:41:56,2024-05-09 00:00:00,"Невский пр., 30",7381,390,"171,726",Карта,"572,42","400,694",Женский,18-09-1975,Художественная литература,Отцы и дети,TRUE,"[59.935543, 30.327349]"
12:31:50,2024-05-09 00:00:00,"Московский пр., 90",8257,49,"66,26",Онлайн,"631,03","564,77",Мужской,25-10-1963,Путеводители,Турция,TRUE,"[59.924032, 30.317189]"
01:18:39,2024-05-09 00:00:00,"Невский пр., 30",9041,102,"293,049",Онлайн,"976,83","683,781",Женский,17-07-1978,Художественная литература,Отцы и дети,TRUE,"[59.935543, 30.327349]"
02:27:28,2024-05-09 00:00:00,"Невский пр., 30",9558,415,"71,3",Онлайн,"507,58","436,28",Женский,04-01-1994,Комиксы,Человек-Паук,TRUE,"[59.935543, 30.327349]"
05:30:10,2024-05-09 00:00:00,"Невский пр., 30",9973,67,"210,048",Карта,"700,16","490,112",Мужской,20-11-1959,Комиксы,Доктор Стрэндж,TRUE,"[59.935543, 30.327349]"
07:54:43,2024-05-10 00:00:00,"Гагаринская ул., 12",1794,146,"73,99",Наличные,"599,26","525,27",Женский,13-04-1957,Путеводители,Индонезия,TRUE,"[59.946153, 30.342916]"
09:05:01,2024-05-10 00:00:00,"Московский пр., 90",1839,78,"174,969",Наличные,"583,23","408,261",Мужской,21-09-1955,Научная литература,Микробиология,TRUE,"[59.924032, 30.317189]"
08:42:22,2024-05-10 00:00:00,"Ул. Декабристов, 15",3102,495,"163,27",Карта,"628,51","465,24",Мужской,03-01-2003,Путеводители,Индонезия,TRUE,"[59.928154, 30.302429]"
12:40:55,2024-05-10 00:00:00,"Московский пр., 90",4395,335,"183,087",Наличные,"610,29","427,203",Мужской,24-08-2006,Художественная литература,Отцы и дети,TRUE,"[59.924032, 30.317189]"
04:35:00,2024-05-10 00:00:00,"Ул. Рубинштейна, 24",4576,129,"363,1",Карта,"1354,07","990,97",Мужской,25-08-2006,Комиксы,Человек-Паук,TRUE,"[59.929700, 30.344695]"
21:54:15,2024-05-10 00:00:00,"Московский пр., 90",4936,118,"153,249",Карта,"510,83","357,581",Мужской,17-04-2002,Художественная литература,Лолита,TRUE,"[59.924032, 30.317189]"
23:56:15,2024-05-10 00:00:00,"Ул. Декабристов, 15",5190,65,"72,82",Карта,"668,63","595,81",Женский,06-07-1967,Художественная литература,Обломов,TRUE,"[59.928154, 30.302429]"
01:49:12,2024-05-10 00:00:00,"Московский пр., 90",8528,325,"152,88",Наличные,"992,29","839,41",Мужской,31-01-1982,Художественная литература,Обломов,TRUE,"[59.924032, 30.317189]"
16:15:41,2024-05-10 00:00:00,"Гагаринская ул., 12",8730,350,"269,49",Карта,"976,83","707,34",Мужской,16-05-1983,Художественная литература,Отцы и дети,TRUE,"[59.946153, 30.342916]"
19:11:44,2024-05-10 00:00:00,"Невский пр., 30",9883,390,"235,734",Карта,"785,78","550,046",Женский,18-09-1975,Путеводители,Мексика,TRUE,"[59.935543, 30.327349]"
07:46:44,2024-05-11 00:00:00,"Московский пр., 90",1382,27,"102,81",Наличные,"506,81",404,Мужской,01-10-1954,Научная литература,Микробиология,TRUE,"[59.924032, 30.317189]"
04:38:21,2024-05-11 00:00:00,"Гагаринская ул., 12",2794,481,"128,4",Карта,"631,56","503,16",Женский,25-02-1988,Путеводители,Индонезия,TRUE,"[59.946153, 30.342916]"
18:24:49,2024-05-11 00:00:00,"Невский пр., 30",3479,362,"156,21",Онлайн,"520,7","364,49",Мужской,15-12-1999,Научная литература,Квантовая физика,TRUE,"[59.935543, 30.327349]"
11:58:47,2024-05-11 00:00:00,"Гагаринская ул., 12",4176,76,"81,47",Наличные,"555,51","474,04",Женский,19-01-1958,Учебники,Алгебра 7 класс,TRUE,"[59.946153, 30.342916]"
02:38:16,2024-05-11 00:00:00,"Ул. Декабристов, 15",5008,416,"170,295",Онлайн,"567,65","397,355",Мужской,09-12-1965,Путеводители,Турция,TRUE,"[59.928154, 30.302429]"
00:33:54,2024-05-11 00:00:00,"Гагаринская ул., 12",5090,343,"31,15",Онлайн,"610,79","579,64",Женский,15-05-1962,Художественная литература,Лолита,TRUE,"[59.946153, 30.342916]"
01:22:42,2024-05-11 00:00:00,"Ул. Декабристов, 15",6611,205,"165,19",Наличные,"583,61","418,42",Мужской,07-08-1994,Комиксы,Супермен,TRUE,"[59.928154, 30.302429]"
07:45:01,2024-05-11 00:00:00,"Невский пр., 30",6944,430,"52,62",Наличные,"933,57","880,95",Мужской,07-07-1980,Комиксы,Супермен,TRUE,"[59.935543, 30.327349]"
03:19:16,2024-05-11 00:00:00,"Ул. Декабристов, 15",9514,274,"238,81",Наличные,"838,73","599,92",Мужской,22-10-1958,Путеводители,Индонезия,TRUE,"[59.928154, 30.302429]"
16:31:29,2024-05-12 00:00:00,"Московский пр., 90",1684,367,"106,76",Карта,"565,16","458,4",Мужской,15-09-1994,Учебники,Химия 9 класс,TRUE,"[59.924032, 30.317189]"
04:29:19,2024-05-12 00:00:00,"Ул. Рубинштейна, 24",2771,28,"37,83",Карта,"756,58","718,75",Женский,30-11-1963,Художественная литература,Преступление и наказание,TRUE,"[59.929700, 30.344695]"
18:49:10,2024-05-12 00:00:00,"Гагаринская ул., 12",3885,3,"99,09",Карта,"705,01","605,92",Женский,21-11-1982,Учебники,География 6 класс,TRUE,"[59.946153, 30.342916]"
19:47:26,2024-05-12 00:00:00,"Ул. Декабристов, 15",4598,157,"210,048",Онлайн,"700,16","490,112",Мужской,11-04-1956,Комиксы,Доктор Стрэндж,TRUE,"[59.928154, 30.302429]"
11:52:33,2024-05-12 00:00:00,"Ул. Декабристов, 15",5723,237,"78,78",Онлайн,"514,92","436,14",Женский,25-01-1974,Комиксы,Супермен,TRUE,"[59.928154, 30.302429]"
05:49:45,2024-05-12 00:00:00,"Невский пр., 30",5927,25,"170,295",Онлайн,"567,65","397,355",Женский,02-05-1955,Путеводители,Турция,TRUE,"[59.935543, 30.327349]"
21:11:10,2024-05-12 00:00:00,"Ул. Рубинштейна, 24",6936,102,"71,02",Онлайн,"520,7","449,68",Женский,17-07-1978,Научная литература,Квантовая физика,TRUE,"[59.929700, 30.344695]"
22:05:16,2024-05-12 00:00:00,"Ул. Декабристов, 15",8138,76,"114,27",Онлайн,"540,21","425,94",Женский,19-01-1958,Учебники,Физика 8 класс,TRUE,"[59.928154, 30.302429]"
16:59:53,2024-05-12 00:00:00,"Гагаринская ул., 12",9604,272,"210,048",Онлайн,"700,16","490,112",Женский,15-08-1957,Комиксы,Доктор Стрэндж,TRUE,"[59.946153, 30.342916]"
07:09:52,2024-05-12 00:00:00,"Московский пр., 90",9996,246,"286,515",Карта,"955,05","668,535",Мужской,27-12-1971,Комиксы,Флэш,TRUE,"[59.924032, 30.317189]"
18:20:36,2024-05-13 00:00:00,"Гагаринская ул., 12",1914,17,"172,6",Наличные,"575,34","402,74",Мужской,27-12-1962,Путеводители,Мексика,TRUE,"[59.946153, 30.342916]"
07:10:24,2024-05-13 00:00:00,"Невский пр., 30",4113,172,"162,213",Наличные,"540,71","378,497",Мужской,14-06-1975,Научная литература,Экономика труда,TRUE,"[59.935543, 30.327349]"
10:50:01,2024-05-13 00:00:00,"Невский пр., 30",4313,245,"28,46",Онлайн,"541,96","513,5",Женский,16-06-1986,Комиксы,Бэтмен,TRUE,"[59.935543, 30.327349]"
00:39:58,2024-05-13 00:00:00,"Невский пр., 30",4715,186,"181,932",Карта,"606,44","424,508",Женский,07-07-1990,Путеводители,Италия,TRUE,"[59.935543, 30.327349]"
15:40:02,2024-05-13 00:00:00,"Невский пр., 30",5779,205,"94,2",Карта,"596,47","502,27",Мужской,07-08-1994,Научная литература,Квантовая физика,TRUE,"[59.935543, 30.327349]"
22:11:52,2024-05-13 00:00:00,"Ул. Декабристов, 15",6861,395,"251,619",Карта,"838,73","587,111",Женский,18-05-2004,Путеводители,Индонезия,TRUE,"[59.928154, 30.302429]"
01:59:56,2024-05-13 00:00:00,"Гагаринская ул., 12",8297,148,"163,31",Карта,"945,1","781,79",Мужской,29-06-1967,Комиксы,Человек-Паук,TRUE,"[59.946153, 30.342916]"
08:58:44,2024-05-13 00:00:00,"Невский пр., 30",9184,443,"252,717",Наличные,"842,39","589,673",Мужской,26-07-1985,Учебники,Физика 8 класс,TRUE,"[59.935543, 30.327349]"
19:51:19,2024-05-13 00:00:00,"Ул. Рубинштейна, 24",9607,277,"218,7",Онлайн,729,"510,3",Мужской,07-04-1972,Учебники,География 6 класс,TRUE,"[59.929700, 30.344695]"
22:31:12,2024-05-14 00:00:00,"Ул. Декабристов, 15",3112,167,"93,28",Карта,"557,45","464,17",Женский,13-02-1978,Учебники,Физика 8 класс,TRUE,"[59.928154, 30.302429]"
09:06:00,2024-05-14 00:00:00,"Гагаринская ул., 12",3347,53,"153,528",Наличные,"511,76","358,232",Женский,24-11-1970,Художественная литература,Преступление и наказание,TRUE,"[59.946153, 30.342916]"
23:40:59,2024-05-14 00:00:00,"Невский пр., 30",3776,301,"172,92",Карта,"576,4","403,48",Мужской,03-11-1981,Учебники,История России 10 класс,TRUE,"[59.935543, 30.327349]"
12:46:59,2024-05-14 00:00:00,"Невский пр., 30",4446,214,"183,468",Онлайн,"611,56","428,092",Мужской,08-06-1978,Комиксы,Супермен,TRUE,"[59.935543, 30.327349]"
17:56:37,2024-05-14 00:00:00,"Ул. Декабристов, 15",4987,399,"171,96",Карта,"573,2","401,24",Женский,29-04-1991,Учебники,Физика 8 класс,TRUE,"[59.928154, 30.302429]"
02:12:59,2024-05-14 00:00:00,"Ул. Декабристов, 15",8854,210,"40,39",Наличные,"509,92","469,53",Мужской,29-11-1957,Художественная литература,Преступление и наказание,TRUE,"[59.928154, 30.302429]"
17:10:53,2024-05-15 00:00:00,"Ул. Декабристов, 15",4398,101,"165,705",Карта,"552,35","386,645",Мужской,24-08-1958,Художественная литература,Обломов,TRUE,"[59.928154, 30.302429]"
12:00:39,2024-05-15 00:00:00,"Московский пр., 90",4609,455,"138,21",Онлайн,"695,59","557,38",Мужской,01-02-1982,Художественная литература,Обломов,TRUE,"[59.924032, 30.317189]"
17:24:20,2024-05-15 00:00:00,"Ул. Декабристов, 15",6108,392,"146,2",Наличные,"778,93","632,73",Мужской,22-06-1995,Путеводители,Турция,TRUE,"[59.928154, 30.302429]"
14:18:29,2024-05-15 00:00:00,"Невский пр., 30",6158,404,"154,422",Карта,"514,74","360,318",Женский,21-12-1993,Учебники,История России 10 класс,TRUE,"[59.935543, 30.327349]"
01:48:03,2024-05-15 00:00:00,"Московский пр., 90",6266,47,"235,734",Карта,"785,78","550,046",Женский,03-08-1977,Путеводители,Мексика,TRUE,"[59.924032, 30.317189]"
22:22:53,2024-05-15 00:00:00,"Ул. Декабристов, 15",6725,241,"110,57",Наличные,"648,28","537,71",Женский,28-09-1979,Научная литература,Микробиология,TRUE,"[59.928154, 30.302429]"
05:43:05,2024-05-15 00:00:00,"Невский пр., 30",9903,73,"154,476",Наличные,"514,92","360,444",Женский,08-04-2002,Комиксы,Супермен,TRUE,"[59.935543, 30.327349]"
19:23:46,2024-05-16 00:00:00,"Ул. Декабристов, 15",1945,111,"27,45",Карта,"549,07","521,62",Мужской,06-08-1975,Путеводители,Мексика,TRUE,"[59.928154, 30.302429]"
05:53:43,2024-05-16 00:00:00,"Гагаринская ул., 12",3345,364,"161,427",Карта,"538,09","376,663",Мужской,02-09-1968,Научная литература,Микробиология,TRUE,"[59.946153, 30.342916]"
13:44:24,2024-05-16 00:00:00,"Ул. Рубинштейна, 24",6343,297,"194,148",Карта,"647,16","453,012",Женский,06-11-1962,Учебники,История России 10 класс,TRUE,"[59.929700, 30.344695]"
23:16:09,2024-05-16 00:00:00,"Ул. Рубинштейна, 24",6490,458,"74,37",Наличные,"700,86","626,49",Женский,01-10-1977,Комиксы,Флэш,TRUE,"[59.929700, 30.344695]"
21:50:17,2024-05-16 00:00:00,"Ул. Рубинштейна, 24",6990,470,"155,82",Онлайн,"530,04","374,22",Мужской,24-12-2004,Комиксы,Доктор Стрэндж,TRUE,"[59.929700, 30.344695]"
14:24:25,2024-05-16 00:00:00,"Московский пр., 90",9168,46,"118,29",Онлайн,"575,34","457,05",Женский,22-08-2000,Путеводители,Мексика,TRUE,"[59.924032, 30.317189]"
16:40:47,2024-05-16 00:00:00,"Ул. Рубинштейна, 24",9378,72,"62,41",Онлайн,"718,95","656,54",Мужской,04-10-1977,Путеводители,Индонезия,TRUE,"[59.929700, 30.344695]"
18:46:31,2024-05-17 00:00:00,"Ул. Рубинштейна, 24",1266,224,"291,339",Онлайн,"971,13","679,791",Женский,20-08-1979,Путеводители,Италия,TRUE,"[59.929700, 30.344695]"
14:16:53,2024-05-17 00:00:00,"Невский пр., 30",3009,142,"294,078",Наличные,"980,26","686,182",Мужской,09-11-1980,Комиксы,Бэтмен,TRUE,"[59.935543, 30.327349]"
18:26:31,2024-05-17 00:00:00,"Гагаринская ул., 12",4584,443,"184,674",Карта,"615,58","430,906",Мужской,26-07-1985,Художественная литература,Мастер и Маргарита,TRUE,"[59.946153, 30.342916]"
01:02:56,2024-05-17 00:00:00,"Невский пр., 30",6360,96,"161,1",Карта,537,"375,9",Мужской,11-03-1958,Учебники,География 6 класс,TRUE,"[59.935543, 30.327349]"
23:56:33,2024-05-17 00:00:00,"Невский пр., 30",8544,351,"173,637",Наличные,"578,79","405,153",Мужской,01-06-1985,Научная литература,Квантовая физика,TRUE,"[59.935543, 30.327349]"
01:02:27,2024-05-17 00:00:00,"Ул. Декабристов, 15",9862,271,"92,4",Карта,"1154,93","1062,53",Мужской,03-10-1956,Художественная литература,Мастер и Маргарита,TRUE,"[59.928154, 30.302429]"
21:50:26,2024-05-18 00:00:00,"Гагаринская ул., 12",1086,229,"66,05",Карта,"547,42","481,37",Женский,07-10-1978,Путеводители,Турция,TRUE,"[59.946153, 30.342916]"
22:20:15,2024-05-18 00:00:00,"Ул. Декабристов, 15",2295,140,"178,941",Онлайн,"596,47","417,529",Мужской,16-04-1995,Научная литература,Квантовая физика,TRUE,"[59.928154, 30.302429]"
23:03:21,2024-05-18 00:00:00,"Московский пр., 90",2710,328,"117,13",Онлайн,"596,47","479,34",Женский,22-10-1957,Научная литература,Квантовая физика,TRUE,"[59.924032, 30.317189]"
00:32:03,2024-05-18 00:00:00,"Ул. Рубинштейна, 24",5194,398,"26,34",Наличные,"526,87","500,53",Женский,20-04-1996,Путеводители,Швейцария,TRUE,"[59.929700, 30.344695]"
17:55:50,2024-05-18 00:00:00,"Ул. Декабристов, 15",5224,237,"153,099",Карта,"510,33","357,231",Женский,25-01-1974,Художественная литература,Мастер и Маргарита,TRUE,"[59.928154, 30.302429]"
07:49:11,2024-05-18 00:00:00,"Московский пр., 90",6073,490,"153,903",Наличные,"513,01","359,107",Мужской,31-07-1993,Художественная литература,Мастер и Маргарита,TRUE,"[59.924032, 30.317189]"
12:18:03,2024-05-18 00:00:00,"Невский пр., 30",6453,490,"62,17",Карта,"767,62","705,45",Мужской,31-07-1993,Учебники,Химия 9 класс,TRUE,"[59.935543, 30.327349]"
11:36:44,2024-05-18 00:00:00,"Московский пр., 90",7956,436,"125,27",Онлайн,"576,4","451,13",Женский,02-09-1974,Учебники,История России 10 класс,TRUE,"[59.924032, 30.317189]"
13:08:19,2024-05-18 00:00:00,"Ул. Рубинштейна, 24",8712,326,"49,62",Онлайн,"945,1","895,48",Мужской,31-10-1962,Комиксы,Человек-Паук,TRUE,"[59.929700, 30.344695]"
07:32:36,2024-05-19 00:00:00,"Московский пр., 90",1358,105,"142,3",Наличные,"800,43","658,13",Женский,24-10-1979,Путеводители,Мексика,TRUE,"[59.924032, 30.317189]"
07:24:53,2024-05-19 00:00:00,"Гагаринская ул., 12",1452,267,"185,673",Наличные,"618,91","433,237",Женский,09-09-1985,Научная литература,Философия науки,TRUE,"[59.946153, 30.342916]"
13:28:54,2024-05-19 00:00:00,"Ул. Декабристов, 15",2809,237,"67,01",Карта,"670,07","603,06",Женский,25-01-1974,Научная литература,Палеонтология,TRUE,"[59.928154, 30.302429]"
21:39:50,2024-05-19 00:00:00,"Московский пр., 90",2839,306,"172,92",Онлайн,"576,4","403,48",Мужской,05-01-1961,Учебники,История России 10 класс,TRUE,"[59.924032, 30.317189]"
19:08:37,2024-05-19 00:00:00,"Московский пр., 90",7926,67,"266,256",Наличные,"887,52","621,264",Мужской,20-11-1959,Учебники,География 6 класс,TRUE,"[59.924032, 30.317189]"
19:13:45,2024-05-20 00:00:00,"Ул. Декабристов, 15",1234,411,"246,58",Карта,"900,53","653,95",Женский,12-01-2001,Комиксы,Бэтмен,TRUE,"[59.928154, 30.302429]"
07:06:53,2024-05-20 00:00:00,"Ул. Декабристов, 15",2229,401,"224,514",Карта,"748,38","523,866",Женский,23-06-1999,Комиксы,Человек-Паук,TRUE,"[59.928154, 30.302429]"
12:49:13,2024-05-20 00:00:00,"Гагаринская ул., 12",2586,419,"233,08",Наличные,"1336,73","1103,65",Женский,10-07-1994,Учебники,Химия 9 класс,TRUE,"[59.946153, 30.342916]"
03:47:03,2024-05-20 00:00:00,"Ул. Рубинштейна, 24",5095,239,"185,079",Онлайн,"616,93","431,851",Женский,20-02-2001,Художественная литература,Обломов,TRUE,"[59.929700, 30.344695]"
12:17:40,2024-05-20 00:00:00,"Ул. Декабристов, 15",5278,395,"162,981",Наличные,"543,27","380,289",Женский,18-05-2004,Путеводители,Индонезия,TRUE,"[59.928154, 30.302429]"
16:17:35,2024-05-20 00:00:00,"Ул. Рубинштейна, 24",6234,158,"180,177",Наличные,"600,59","420,413",Женский,05-03-1973,Комиксы,Бэтмен,TRUE,"[59.929700, 30.344695]"
02:59:55,2024-05-20 00:00:00,"Гагаринская ул., 12",9814,8,"172,95",Карта,"576,5","403,55",Женский,30-08-1982,Научная литература,Микробиология,TRUE,"[59.946153, 30.342916]"
23:44:09,2024-05-21 00:00:00,"Невский пр., 30",2330,9,"231,477",Онлайн,"771,59","540,113",Мужской,27-03-1970,Учебники,История России 10 класс,TRUE,"[59.935543, 30.327349]"
11:28:39,2024-05-21 00:00:00,"Московский пр., 90",2420,206,"190,23",Карта,"745,32","555,09",Женский,16-04-1994,Путеводители,Италия,TRUE,"[59.924032, 30.317189]"
05:44:39,2024-05-21 00:00:00,"Ул. Декабристов, 15",2449,35,"155,145",Наличные,"517,15","362,005",Женский,27-07-1973,Учебники,Химия 9 класс,TRUE,"[59.928154, 30.302429]"
06:29:27,2024-05-21 00:00:00,"Ул. Рубинштейна, 24",3024,362,"126,64",Наличные,"844,3","717,66",Мужской,15-12-1999,Путеводители,Турция,TRUE,"[59.929700, 30.344695]"
15:50:08,2024-05-21 00:00:00,"Московский пр., 90",8495,183,"54,94",Карта,"549,43","494,49",Мужской,03-03-1957,Учебники,История России 10 класс,TRUE,"[59.924032, 30.317189]"
12:49:52,2024-05-21 00:00:00,"Ул. Рубинштейна, 24",8970,286,"52,35",Онлайн,"504,2","451,85",Женский,10-09-1974,Учебники,Химия 9 класс,TRUE,"[59.929700, 30.344695]"
14:36:30,2024-05-21 00:00:00,"Ул. Декабристов, 15",9036,434,"81,75",Наличные,"745,32","663,57",Женский,03-08-1978,Путеводители,Италия,TRUE,"[59.928154, 30.302429]"
18:49:26,2024-05-21 00:00:00,"Московский пр., 90",9762,449,"144,73",Наличные,"778,93","634,2",Мужской,09-07-1959,Путеводители,Турция,TRUE,"[59.924032, 30.317189]"
08:23:24,2024-05-22 00:00:00,"Ул. Декабристов, 15",3602,407,"39,64",Наличные,"609,74","570,1",Женский,11-05-1984,Учебники,Химия 9 класс,TRUE,"[59.928154, 30.302429]"
01:22:18,2024-05-22 00:00:00,"Ул. Рубинштейна, 24",4116,154,"29,34",Карта,"543,27","513,93",Женский,20-12-1971,Путеводители,Индонезия,TRUE,"[59.929700, 30.344695]"
19:00:51,2024-05-22 00:00:00,"Ул. Рубинштейна, 24",6189,299,"189,309",Онлайн,"631,03","441,721",Женский,19-02-1972,Путеводители,Турция,TRUE,"[59.929700, 30.344695]"
06:20:29,2024-05-22 00:00:00,"Невский пр., 30",6322,322,"151,395",Наличные,"504,65","353,255",Женский,02-11-1963,Путеводители,Индонезия,TRUE,"[59.935543, 30.327349]"
15:50:36,2024-05-22 00:00:00,"Ул. Рубинштейна, 24",7909,483,"151,395",Онлайн,"504,65","353,255",Женский,28-03-1957,Путеводители,Индонезия,TRUE,"[59.929700, 30.344695]"
09:16:42,2024-05-22 00:00:00,"Московский пр., 90",9533,320,"85,65",Онлайн,"532,9","447,25",Мужской,12-12-1977,Художественная литература,Преступление и наказание,TRUE,"[59.924032, 30.317189]"
23:18:08,2024-05-23 00:00:00,"Московский пр., 90",1581,446,"183,897",Карта,"612,99","429,093",Мужской,05-05-1991,Комиксы,Доктор Стрэндж,TRUE,"[59.924032, 30.317189]"
02:29:00,2024-05-23 00:00:00,"Ул. Декабристов, 15",6300,428,"198,67",Карта,"664,06","465,39",Женский,28-03-1961,Учебники,Алгебра 7 класс,TRUE,"[59.928154, 30.302429]"
12:14:07,2024-05-23 00:00:00,"Ул. Декабристов, 15",6906,78,"177,639",Онлайн,"592,13","414,491",Мужской,21-09-1955,Комиксы,Доктор Стрэндж,TRUE,"[59.928154, 30.302429]"
21:28:25,2024-05-23 00:00:00,"Невский пр., 30",8789,421,"167,307",Карта,"557,69","390,383",Женский,04-03-1986,Учебники,Химия 9 класс,TRUE,"[59.935543, 30.327349]"
18:57:08,2024-05-23 00:00:00,"Ул. Декабристов, 15",8804,360,"134,75",Наличные,"620,05","485,3",Женский,21-08-1995,Научная литература,Микробиология,TRUE,"[59.928154, 30.302429]"
16:51:02,2024-05-23 00:00:00,"Ул. Рубинштейна, 24",9137,188,"31,1",Карта,"621,96","590,86",Мужской,02-07-1968,Художественная литература,Отцы и дети,TRUE,"[59.929700, 30.344695]"
09:40:33,2024-05-23 00:00:00,"Ул. Рубинштейна, 24",9645,137,"226,974",Наличные,"756,58","529,606",Женский,25-09-2002,Художественная литература,Преступление и наказание,TRUE,"[59.929700, 30.344695]"
09:49:38,2024-05-24 00:00:00,"Невский пр., 30",1258,411,"189,09",Карта,"1017,66","828,57",Женский,12-01-2001,Комиксы,Флэш,TRUE,"[59.935543, 30.327349]"
22:46:59,2024-05-24 00:00:00,"Гагаринская ул., 12",1603,56,"183,897",Карта,"612,99","429,093",Женский,12-09-1959,Комиксы,Доктор Стрэндж,TRUE,"[59.946153, 30.342916]"
18:48:25,2024-05-24 00:00:00,"Московский пр., 90",4514,292,"161,061",Онлайн,"536,87","375,809",Мужской,17-01-1964,Путеводители,Турция,TRUE,"[59.924032, 30.317189]"
11:44:44,2024-05-24 00:00:00,"Московский пр., 90",5752,129,"162,789",Карта,"542,63","379,841",Мужской,25-08-2006,Художественная литература,Отцы и дети,TRUE,"[59.924032, 30.317189]"
20:15:00,2024-05-24 00:00:00,"Ул. Рубинштейна, 24",5961,205,"73,25",Наличные,"557,93","484,68",Мужской,07-08-1994,Комиксы,Бэтмен,TRUE,"[59.929700, 30.344695]"
05:18:08,2024-05-24 00:00:00,"Гагаринская ул., 12",7155,70,"161,427",Онлайн,"538,09","376,663",Женский,03-09-1971,Научная литература,Микробиология,TRUE,"[59.946153, 30.342916]"
11:35:14,2024-05-24 00:00:00,"Московский пр., 90",7166,39,"38,19",Наличные,"711,9","673,71",Женский,31-07-1969,Научная литература,Палеонтология,TRUE,"[59.924032, 30.317189]"
00:26:23,2024-05-24 00:00:00,"Гагаринская ул., 12",7880,244,"123,82",Онлайн,"526,77","402,95",Женский,18-05-1970,Научная литература,Философия науки,TRUE,"[59.946153, 30.342916]"
00:59:29,2024-05-24 00:00:00,"Ул. Декабристов, 15",9031,488,"152,274",Онлайн,"507,58","355,306",Женский,14-01-1997,Комиксы,Человек-Паук,TRUE,"[59.928154, 30.302429]"
06:27:18,2024-05-24 00:00:00,"Ул. Рубинштейна, 24",9044,302,"139,34",Наличные,"615,58","476,24",Мужской,14-05-1999,Художественная литература,Мастер и Маргарита,TRUE,"[59.929700, 30.344695]"
04:15:47,2024-05-24 00:00:00,"Ул. Декабристов, 15",9501,266,"170,154",Онлайн,"567,18","397,026",Мужской,17-10-1975,Учебники,Алгебра 7 класс,TRUE,"[59.928154, 30.302429]"
05:45:56,2024-05-24 00:00:00,"Ул. Рубинштейна, 24",9821,290,"162,789",Наличные,"542,63","379,841",Мужской,19-03-1998,Художественная литература,Отцы и дети,TRUE,"[59.929700, 30.344695]"
20:26:14,2024-05-25 00:00:00,"Ул. Декабристов, 15",1502,106,"83,33",Наличные,"549,07","465,74",Женский,02-08-1973,Путеводители,Мексика,TRUE,"[59.928154, 30.302429]"
11:09:29,2024-05-25 00:00:00,"Гагаринская ул., 12",2301,460,"68,52",Наличные,"789,88","721,36",Мужской,23-11-1981,Художественная литература,Обломов,TRUE,"[59.946153, 30.342916]"
13:52:21,2024-05-25 00:00:00,"Московский пр., 90",3080,85,"159,33",Онлайн,"1212,61","1053,28",Женский,01-09-1961,Путеводители,Мексика,TRUE,"[59.924032, 30.317189]"
02:08:54,2024-05-25 00:00:00,"Московский пр., 90",3186,344,"211,503",Наличные,"705,01","493,507",Женский,08-01-1996,Учебники,География 6 класс,TRUE,"[59.924032, 30.317189]"
16:43:28,2024-05-25 00:00:00,"Московский пр., 90",3631,404,"74,88",Онлайн,"615,58","540,7",Женский,21-12-1993,Художественная литература,Мастер и Маргарита,TRUE,"[59.924032, 30.317189]"
05:55:12,2024-05-25 00:00:00,"Ул. Декабристов, 15",3695,76,"67,76",Наличные,"826,91","759,15",Женский,19-01-1958,Учебники,Физика 8 класс,TRUE,"[59.928154, 30.302429]"
12:16:59,2024-05-25 00:00:00,"Невский пр., 30",4500,205,"245,72",Наличные,"1160,44","914,72",Мужской,07-08-1994,Комиксы,Флэш,TRUE,"[59.935543, 30.327349]"
13:27:29,2024-05-25 00:00:00,"Невский пр., 30",4929,110,"214,419",Наличные,"714,73","500,311",Женский,03-04-1976,Учебники,История России 10 класс,TRUE,"[59.935543, 30.327349]"
13:42:07,2024-05-25 00:00:00,"Невский пр., 30",6042,76,"155,427",Наличные,"518,09","362,663",Женский,19-01-1958,Научная литература,Микробиология,TRUE,"[59.935543, 30.327349]"
08:36:41,2024-05-25 00:00:00,"Ул. Рубинштейна, 24",6473,106,"106,61",Карта,"541,96","435,35",Женский,02-08-1973,Комиксы,Бэтмен,TRUE,"[59.929700, 30.344695]"
13:53:16,2024-05-25 00:00:00,"Ул. Рубинштейна, 24",8560,164,"126,85",Карта,"578,34","451,49",Женский,09-11-1957,Путеводители,Мексика,TRUE,"[59.929700, 30.344695]"
02:08:19,2024-05-26 00:00:00,"Невский пр., 30",4756,186,"221,17",Онлайн,"1160,44","939,27",Женский,07-07-1990,Комиксы,Флэш,TRUE,"[59.935543, 30.327349]"
13:27:52,2024-05-26 00:00:00,"Московский пр., 90",5173,290,"50,99",Наличные,"509,92","458,93",Мужской,19-03-1998,Художественная литература,Преступление и наказание,TRUE,"[59.924032, 30.317189]"
13:43:10,2024-05-26 00:00:00,"Ул. Декабристов, 15",5960,288,"152,3",Наличные,"507,68","355,38",Мужской,18-04-1969,Комиксы,Человек-Паук,TRUE,"[59.928154, 30.302429]"
02:58:00,2024-05-26 00:00:00,"Ул. Рубинштейна, 24",6609,97,"167,742",Наличные,"559,14","391,398",Мужской,01-09-1957,Художественная литература,Обломов,TRUE,"[59.929700, 30.344695]"
21:19:32,2024-05-26 00:00:00,"Гагаринская ул., 12",6959,135,"182,325",Карта,"607,75","425,425",Женский,08-09-2004,Комиксы,Человек-Паук,TRUE,"[59.946153, 30.342916]"
17:07:38,2024-05-26 00:00:00,"Ул. Декабристов, 15",7585,337,"154,19",Наличные,"705,01","550,82",Мужской,28-02-2005,Учебники,География 6 класс,TRUE,"[59.928154, 30.302429]"
16:14:10,2024-05-26 00:00:00,"Ул. Рубинштейна, 24",8093,176,"171,96",Онлайн,"573,2","401,24",Мужской,11-07-1984,Учебники,Физика 8 класс,TRUE,"[59.929700, 30.344695]"
21:39:57,2024-05-26 00:00:00,"Гагаринская ул., 12",8606,369,"162,588",Онлайн,"541,96","379,372",Женский,21-03-2001,Комиксы,Бэтмен,TRUE,"[59.946153, 30.342916]"
04:46:12,2024-05-26 00:00:00,"Московский пр., 90",9232,23,"154,476",Наличные,"514,92","360,444",Женский,17-11-1986,Комиксы,Супермен,TRUE,"[59.924032, 30.317189]"
21:49:13,2024-05-27 00:00:00,"Ул. Рубинштейна, 24",1254,149,"153,63",Онлайн,"512,1","358,47",Мужской,14-06-1984,Учебники,Алгебра 7 класс,TRUE,"[59.929700, 30.344695]"
18:40:15,2024-05-27 00:00:00,"Невский пр., 30",1321,192,"286,515",Наличные,"955,05","668,535",Мужской,03-03-1973,Комиксы,Флэш,TRUE,"[59.935543, 30.327349]"
10:40:04,2024-05-27 00:00:00,"Московский пр., 90",2573,206,"203,29",Наличные,"900,53","697,24",Женский,16-04-1994,Комиксы,Бэтмен,TRUE,"[59.924032, 30.317189]"
12:07:37,2024-05-27 00:00:00,"Гагаринская ул., 12",2971,73,"158,061",Онлайн,"526,87","368,809",Женский,08-04-2002,Путеводители,Швейцария,TRUE,"[59.946153, 30.342916]"
23:31:01,2024-05-27 00:00:00,"Московский пр., 90",4005,334,"179,4",Наличные,"838,73","659,33",Мужской,08-06-1961,Путеводители,Индонезия,TRUE,"[59.924032, 30.317189]"
21:57:36,2024-05-27 00:00:00,"Ул. Рубинштейна, 24",4124,312,"171,192",Карта,"570,64","399,448",Женский,12-04-1999,Учебники,Алгебра 7 класс,TRUE,"[59.929700, 30.344695]"
01:09:04,2024-05-27 00:00:00,"Ул. Декабристов, 15",8630,269,"45,03",Карта,"900,53","855,5",Женский,21-10-1968,Комиксы,Бэтмен,TRUE,"[59.928154, 30.302429]"
20:00:40,2024-05-27 00:00:00,"Ул. Рубинштейна, 24",9510,480,"186,522",Онлайн,"621,74","435,218",Мужской,14-03-1958,Научная литература,Экономика труда,TRUE,"[59.929700, 30.344695]"
18:36:45,2024-05-28 00:00:00,"Ул. Декабристов, 15",2127,185,"156,261",Карта,"520,87","364,609",Женский,01-01-2006,Научная литература,Экономика труда,TRUE,"[59.928154, 30.302429]"
22:31:15,2024-05-28 00:00:00,"Ул. Декабристов, 15",2596,51,"162,429",Онлайн,"541,43","379,001",Женский,03-11-1955,Художественная литература,Обломов,TRUE,"[59.928154, 30.302429]"
04:10:19,2024-05-28 00:00:00,"Ул. Рубинштейна, 24",4489,115,"155,457",Онлайн,"518,19","362,733",Мужской,10-05-1968,Путеводители,Италия,TRUE,"[59.929700, 30.344695]"
12:18:17,2024-05-28 00:00:00,"Московский пр., 90",5233,388,"174,75",Карта,"610,29","435,54",Мужской,26-08-1974,Художественная литература,Отцы и дети,TRUE,"[59.924032, 30.317189]"
15:28:21,2024-05-28 00:00:00,"Ул. Рубинштейна, 24",5724,17,"122,26",Онлайн,"905,49","783,23",Мужской,27-12-1962,Комиксы,Супермен,TRUE,"[59.929700, 30.344695]"
14:01:55,2024-05-28 00:00:00,"Ул. Рубинштейна, 24",6637,241,"210,525",Наличные,"701,75","491,225",Женский,28-09-1979,Научная литература,Палеонтология,TRUE,"[59.929700, 30.344695]"
18:49:14,2024-05-28 00:00:00,"Ул. Рубинштейна, 24",7437,110,"173,646",Онлайн,"578,82","405,174",Женский,03-04-1976,Научная литература,Экономика труда,TRUE,"[59.929700, 30.344695]"
03:36:07,2024-05-28 00:00:00,"Невский пр., 30",7445,328,"211,503",Наличные,"705,01","493,507",Женский,22-10-1957,Учебники,География 6 класс,TRUE,"[59.935543, 30.327349]"
14:39:36,2024-05-28 00:00:00,"Невский пр., 30",8981,444,"206,45",Карта,"713,2","506,75",Женский,28-02-1955,Учебники,История России 10 класс,TRUE,"[59.935543, 30.327349]"
03:04:22,2024-05-28 00:00:00,"Московский пр., 90",9197,288,"93,36",Карта,"933,57","840,21",Мужской,18-04-1969,Комиксы,Супермен,TRUE,"[59.924032, 30.317189]"
15:50:08,2024-05-28 00:00:00,"Московский пр., 90",9297,337,"183,468",Карта,"611,56","428,092",Мужской,28-02-2005,Комиксы,Супермен,TRUE,"[59.924032, 30.317189]"
05:35:49,2024-05-29 00:00:00,"Московский пр., 90",1080,381,"211,812",Онлайн,"706,04","494,228",Женский,01-07-2003,Научная литература,Квантовая физика,TRUE,"[59.924032, 30.317189]"
11:23:27,2024-05-29 00:00:00,"Невский пр., 30",1236,225,"117,62",Карта,"542,63","425,01",Женский,25-01-1991,Художественная литература,Отцы и дети,TRUE,"[59.935543, 30.327349]"
19:04:11,2024-05-29 00:00:00,"Невский пр., 30",2506,104,"153,75",Онлайн,"512,5","358,75",Мужской,18-12-1982,Научная литература,Микробиология,TRUE,"[59.935543, 30.327349]"
23:58:46,2024-05-29 00:00:00,"Ул. Декабристов, 15",3564,235,"155,457",Онлайн,"518,19","362,733",Мужской,23-02-2004,Путеводители,Италия,TRUE,"[59.928154, 30.302429]"
22:53:29,2024-05-29 00:00:00,"Невский пр., 30",4283,253,"363,783",Онлайн,"1212,61","848,827",Мужской,17-11-1957,Путеводители,Мексика,TRUE,"[59.935543, 30.327349]"
07:33:38,2024-05-29 00:00:00,"Московский пр., 90",4508,274,"165,414",Онлайн,"551,38","385,966",Мужской,22-10-1958,Комиксы,Доктор Стрэндж,TRUE,"[59.924032, 30.317189]"
23:20:04,2024-05-29 00:00:00,"Московский пр., 90",5838,144,"186,5",Онлайн,"735,82","549,32",Мужской,11-03-1969,Художественная литература,Преступление и наказание,TRUE,"[59.924032, 30.317189]"
05:27:33,2024-05-29 00:00:00,"Ул. Рубинштейна, 24",7647,202,"132,4",Онлайн,"630,51","498,11",Женский,25-04-1995,Путеводители,Швейцария,TRUE,"[59.929700, 30.344695]"
09:27:45,2024-05-29 00:00:00,"Невский пр., 30",8172,450,"214,419",Наличные,"714,73","500,311",Мужской,26-11-1995,Учебники,История России 10 класс,TRUE,"[59.935543, 30.327349]"
16:27:48,2024-05-29 00:00:00,"Ул. Декабристов, 15",8569,230,"126,53",Онлайн,"633,54","507,01",Женский,02-04-1993,Учебники,Алгебра 7 класс,TRUE,"[59.928154, 30.302429]"
10:40:18,2024-05-29 00:00:00,"Ул. Рубинштейна, 24",8962,74,"193,26",Карта,"758,37","565,11",Мужской,09-01-1956,Научная литература,Палеонтология,TRUE,"[59.929700, 30.344695]"
14:46:19,2024-05-29 00:00:00,"Ул. Декабристов, 15",9799,326,"190,062",Онлайн,"633,54","443,478",Мужской,31-10-1962,Учебники,Алгебра 7 класс,TRUE,"[59.928154, 30.302429]"
06:23:43,2024-05-30 00:00:00,"Ул. Декабристов, 15",1642,286,"166,587",Наличные,"555,29","388,703",Женский,10-09-1974,Научная литература,Экономика труда,TRUE,"[59.928154, 30.302429]"
02:22:54,2024-05-30 00:00:00,"Ул. Рубинштейна, 24",3133,384,"194,484",Наличные,"648,28","453,796",Женский,20-12-1976,Научная литература,Микробиология,TRUE,"[59.929700, 30.344695]"
11:49:32,2024-05-30 00:00:00,"Московский пр., 90",3624,376,"172,602",Онлайн,"575,34","402,738",Мужской,05-03-1969,Путеводители,Мексика,TRUE,"[59.924032, 30.317189]"
04:34:58,2024-05-30 00:00:00,"Ул. Рубинштейна, 24",4571,148,"162,063",Наличные,"540,21","378,147",Мужской,29-06-1967,Учебники,Физика 8 класс,TRUE,"[59.929700, 30.344695]"
14:26:06,2024-05-30 00:00:00,"Московский пр., 90",6216,37,"152,016",Карта,"506,72","354,704",Женский,31-07-1980,Художественная литература,Преступление и наказание,TRUE,"[59.924032, 30.317189]"
09:19:53,2024-05-30 00:00:00,"Московский пр., 90",7635,494,"213,735",Онлайн,"712,45","498,715",Женский,03-10-1977,Путеводители,Швейцария,TRUE,"[59.924032, 30.317189]"
05:52:03,2024-05-31 00:00:00,"Невский пр., 30",1806,289,"393,11",Карта,"1965,57","1572,46",Женский,24-03-1955,Художественная литература,Преступление и наказание,TRUE,"[59.935543, 30.327349]"
10:24:43,2024-05-31 00:00:00,"Московский пр., 90",1958,97,"32,51",Карта,"552,35","519,84",Мужской,01-09-1957,Художественная литература,Обломов,TRUE,"[59.924032, 30.317189]"
01:09:26,2024-05-31 00:00:00,"Гагаринская ул., 12",4979,10,"162,789",Карта,"542,63","379,841",Женский,27-04-1998,Художественная литература,Отцы и дети,TRUE,"[59.946153, 30.342916]"
18:18:23,2024-05-31 00:00:00,"Ул. Рубинштейна, 24",5223,320,"154,94",Онлайн,"700,86","545,92",Мужской,12-12-1977,Комиксы,Флэш,TRUE,"[59.929700, 30.344695]"
10:26:37,2024-05-31 00:00:00,"Гагаринская ул., 12",5785,165,"53,57",Наличные,"701,75","648,18",Женский,06-03-1971,Научная литература,Палеонтология,TRUE,"[59.946153, 30.342916]"
02:36:37,2024-05-31 00:00:00,"Гагаринская ул., 12",5847,153,"234,381",Карта,"781,27","546,889",Мужской,21-12-1999,Учебники,Химия 9 класс,TRUE,"[59.946153, 30.342916]"
22:43:12,2024-05-31 00:00:00,"Ул. Декабристов, 15",7470,79,"171,96",Наличные,"573,2","401,24",Женский,21-03-2005,Учебники,Физика 8 класс,TRUE,"[59.928154, 30.302429]"
08:32:54,2024-06-01 00:00:00,"Ул. Декабристов, 15",3182,84,"203,289",Наличные,"677,63","474,341",Женский,09-10-1969,Научная литература,Квантовая физика,TRUE,"[59.928154, 30.302429]"
02:30:42,2024-06-01 00:00:00,"Ул. Декабристов, 15",3968,476,"164,829",Наличные,"549,43","384,601",Женский,04-02-1973,Учебники,История России 10 класс,TRUE,"[59.928154, 30.302429]"
14:40:17,2024-06-01 00:00:00,"Ул. Декабристов, 15",3986,244,"195,396",Онлайн,"651,32","455,924",Женский,18-05-1970,Художественная литература,Лолита,TRUE,"[59.928154, 30.302429]"
03:57:49,2024-06-01 00:00:00,"Ул. Декабристов, 15",5089,237,"168,11",Онлайн,"684,58","516,47",Женский,25-01-1974,Научная литература,Палеонтология,TRUE,"[59.928154, 30.302429]"
16:27:54,2024-06-01 00:00:00,"Невский пр., 30",6429,228,"50,04",Карта,"555,29","505,25",Мужской,03-02-1967,Научная литература,Экономика труда,TRUE,"[59.935543, 30.327349]"
18:46:51,2024-06-01 00:00:00,"Ул. Рубинштейна, 24",8258,453,"112,04",Онлайн,"555,57","443,53",Женский,05-08-1986,Путеводители,Мексика,TRUE,"[59.929700, 30.344695]"
05:12:25,2024-06-01 00:00:00,"Ул. Рубинштейна, 24",9026,333,"166,653",Наличные,"555,51","388,857",Женский,18-04-1988,Учебники,Алгебра 7 класс,TRUE,"[59.929700, 30.344695]"
10:06:18,2024-06-02 00:00:00,"Невский пр., 30",2075,3,"227,51",Карта,"758,37","530,86",Женский,21-11-1982,Научная литература,Палеонтология,TRUE,"[59.935543, 30.327349]"
01:55:17,2024-06-02 00:00:00,"Ул. Декабристов, 15",2683,288,"151,26",Наличные,"504,2","352,94",Мужской,18-04-1969,Учебники,Химия 9 класс,TRUE,"[59.928154, 30.302429]"
17:05:52,2024-06-02 00:00:00,"Ул. Декабристов, 15",3454,41,"150,735",Онлайн,"502,45","351,715",Мужской,11-11-1981,Учебники,Физика 8 класс,TRUE,"[59.928154, 30.302429]"
10:35:18,2024-06-02 00:00:00,"Невский пр., 30",6574,78,"192,02",Наличные,"851,87","659,85",Мужской,21-09-1955,Комиксы,Флэш,TRUE,"[59.935543, 30.327349]"
23:13:11,2024-06-02 00:00:00,"Ул. Декабристов, 15",7025,164,"152,304",Наличные,"507,68","355,376",Женский,09-11-1957,Комиксы,Человек-Паук,TRUE,"[59.928154, 30.302429]"
02:43:18,2024-06-02 00:00:00,"Ул. Рубинштейна, 24",7970,448,"68,59",Наличные,"555,57","486,98",Женский,19-02-1980,Путеводители,Мексика,TRUE,"[59.929700, 30.344695]"
18:13:40,2024-06-03 00:00:00,"Невский пр., 30",3684,164,"225,18",Карта,"809,24","584,06",Женский,09-11-1957,Путеводители,Турция,TRUE,"[59.935543, 30.327349]"
16:47:24,2024-06-03 00:00:00,"Ул. Рубинштейна, 24",4086,3,"179,86",Наличные,"657,74","477,88",Женский,21-11-1982,Учебники,Физика 8 класс,TRUE,"[59.929700, 30.344695]"
14:43:26,2024-06-03 00:00:00,"Гагаринская ул., 12",4230,469,"170,29",Карта,"567,65","397,36",Женский,05-03-1962,Путеводители,Турция,TRUE,"[59.946153, 30.342916]"
16:41:37,2024-06-03 00:00:00,"Гагаринская ул., 12",4672,85,"113,42",Наличные,"511,76","398,34",Женский,01-09-1961,Художественная литература,Преступление и наказание,TRUE,"[59.946153, 30.342916]"
20:23:26,2024-06-03 00:00:00,"Гагаринская ул., 12",4864,299,"216,88",Наличные,"900,53","683,65",Женский,19-02-1972,Комиксы,Бэтмен,TRUE,"[59.946153, 30.342916]"
11:43:00,2024-06-03 00:00:00,"Гагаринская ул., 12",7552,292,"192,024",Онлайн,"640,08","448,056",Мужской,17-01-1964,Художественная литература,Отцы и дети,TRUE,"[59.946153, 30.342916]"
11:35:06,2024-06-03 00:00:00,"Ул. Рубинштейна, 24",9448,279,"200,472",Наличные,"668,24","467,768",Женский,10-06-1996,Путеводители,Италия,TRUE,"[59.929700, 30.344695]"
23:54:34,2024-06-04 00:00:00,"Невский пр., 30",1758,101,"185,079",Онлайн,"616,93","431,851",Мужской,24-08-1958,Художественная литература,Обломов,TRUE,"[59.935543, 30.327349]"
12:48:31,2024-06-04 00:00:00,"Невский пр., 30",1780,195,"178,263",Карта,"594,21","415,947",Женский,03-12-2004,Учебники,Алгебра 7 класс,TRUE,"[59.935543, 30.327349]"
10:46:01,2024-06-04 00:00:00,"Ул. Рубинштейна, 24",4370,350,"191,319",Онлайн,"637,73","446,411",Мужской,16-05-1983,Учебники,Физика 8 класс,TRUE,"[59.929700, 30.344695]"
00:37:54,2024-06-04 00:00:00,"Ул. Рубинштейна, 24",4461,392,"158,031",Наличные,"526,77","368,739",Мужской,22-06-1995,Научная литература,Философия науки,TRUE,"[59.929700, 30.344695]"
00:45:03,2024-06-04 00:00:00,"Гагаринская ул., 12",6151,249,"115,37",Онлайн,"668,63","553,26",Мужской,13-07-1962,Художественная литература,Обломов,TRUE,"[59.946153, 30.342916]"
03:22:46,2024-06-04 00:00:00,"Ул. Рубинштейна, 24",6761,7,"177,618",Онлайн,"592,06","414,442",Мужской,31-12-1959,Путеводители,Италия,TRUE,"[59.929700, 30.344695]"
20:07:09,2024-06-04 00:00:00,"Невский пр., 30",6801,281,"237,75",Карта,"884,41","646,66",Мужской,26-01-1982,Художественная литература,Отцы и дети,TRUE,"[59.935543, 30.327349]"
10:52:14,2024-06-04 00:00:00,"Невский пр., 30",6859,404,"138,41",Онлайн,"514,92","376,51",Женский,21-12-1993,Комиксы,Супермен,TRUE,"[59.935543, 30.327349]"
18:34:48,2024-06-04 00:00:00,"Гагаринская ул., 12",8470,95,"282,927",Наличные,"943,09","660,163",Женский,27-07-1986,Учебники,Алгебра 7 класс,TRUE,"[59.946153, 30.342916]"
03:01:18,2024-06-04 00:00:00,"Ул. Декабристов, 15",8625,335,"194,148",Наличные,"647,16","453,012",Мужской,24-08-2006,Учебники,История России 10 класс,TRUE,"[59.928154, 30.302429]"
10:46:36,2024-06-04 00:00:00,"Невский пр., 30",8948,478,"69,23",Онлайн,"541,43","472,2",Мужской,11-07-1981,Художественная литература,Обломов,TRUE,"[59.935543, 30.327349]"
08:35:09,2024-06-04 00:00:00,"Гагаринская ул., 12",9149,488,"157,113",Онлайн,"523,71","366,597",Женский,14-01-1997,Учебники,География 6 класс,TRUE,"[59.946153, 30.342916]"
18:55:16,2024-06-05 00:00:00,"Московский пр., 90",1627,95,"164,829",Карта,"549,43","384,601",Женский,27-07-1986,Учебники,История России 10 класс,TRUE,"[59.924032, 30.317189]"
05:53:06,2024-06-05 00:00:00,"Невский пр., 30",4899,404,"95,23",Наличные,"576,5","481,27",Женский,21-12-1993,Научная литература,Микробиология,TRUE,"[59.935543, 30.327349]"
13:13:03,2024-06-05 00:00:00,"Гагаринская ул., 12",5386,146,"173,637",Карта,"578,79","405,153",Женский,13-04-1957,Научная литература,Квантовая физика,TRUE,"[59.946153, 30.342916]"
17:55:20,2024-06-05 00:00:00,"Московский пр., 90",6204,230,"35,99",Наличные,"599,26","563,27",Женский,02-04-1993,Путеводители,Индонезия,TRUE,"[59.924032, 30.317189]"
12:14:43,2024-06-05 00:00:00,"Ул. Декабристов, 15",6991,454,"173,502",Онлайн,"578,34","404,838",Женский,30-01-1961,Путеводители,Мексика,TRUE,"[59.928154, 30.302429]"
05:18:03,2024-06-05 00:00:00,"Ул. Рубинштейна, 24",8976,463,"242,772",Карта,"809,24","566,468",Женский,23-06-1964,Путеводители,Турция,TRUE,"[59.929700, 30.344695]"
00:20:17,2024-06-05 00:00:00,"Невский пр., 30",9782,236,"151,632",Онлайн,"505,44","353,808",Мужской,12-09-1971,Научная литература,Философия науки,TRUE,"[59.935543, 30.327349]"
09:22:44,2024-06-06 00:00:00,"Московский пр., 90",2358,241,"133,21",Наличные,"570,64","437,43",Женский,28-09-1979,Учебники,Алгебра 7 класс,TRUE,"[59.924032, 30.317189]"
06:29:18,2024-06-06 00:00:00,"Ул. Декабристов, 15",2394,56,"110,79",Онлайн,"688,38","577,59",Женский,12-09-1959,Художественная литература,Мастер и Маргарита,TRUE,"[59.928154, 30.302429]"
11:59:43,2024-06-06 00:00:00,"Невский пр., 30",2634,233,"125,88",Онлайн,"547,56","421,68",Мужской,09-11-1992,Комиксы,Доктор Стрэндж,TRUE,"[59.935543, 30.327349]"
11:47:07,2024-06-06 00:00:00,"Гагаринская ул., 12",3895,76,"166,653",Наличные,"555,51","388,857",Женский,19-01-1958,Учебники,Алгебра 7 класс,TRUE,"[59.946153, 30.342916]"
00:31:48,2024-06-06 00:00:00,"Московский пр., 90",6527,189,"113,7",Онлайн,"547,05","433,35",Мужской,23-04-1974,Комиксы,Бэтмен,TRUE,"[59.924032, 30.317189]"
06:35:50,2024-06-06 00:00:00,"Гагаринская ул., 12",9173,70,"247,8",Карта,"980,26","732,46",Женский,03-09-1971,Комиксы,Бэтмен,TRUE,"[59.946153, 30.342916]"
20:43:08,2024-06-07 00:00:00,"Московский пр., 90",2240,114,"177,639",Наличные,"592,13","414,491",Мужской,24-11-2003,Комиксы,Доктор Стрэндж,TRUE,"[59.924032, 30.317189]"
19:47:15,2024-06-07 00:00:00,"Московский пр., 90",3616,301,"212,313",Наличные,"707,71","495,397",Мужской,03-11-1981,Научная литература,Экономика труда,TRUE,"[59.924032, 30.317189]"
15:33:24,2024-06-07 00:00:00,"Гагаринская ул., 12",3855,122,"214,419",Наличные,"714,73","500,311",Мужской,24-07-1959,Учебники,История России 10 класс,TRUE,"[59.946153, 30.342916]"
07:37:21,2024-06-07 00:00:00,"Гагаринская ул., 12",4206,215,"162,981",Онлайн,"543,27","380,289",Мужской,07-10-1974,Путеводители,Индонезия,TRUE,"[59.946153, 30.342916]"
15:01:41,2024-06-07 00:00:00,"Гагаринская ул., 12",4917,318,"77,83",Наличные,"507,58","429,75",Женский,03-08-1995,Комиксы,Человек-Паук,TRUE,"[59.946153, 30.342916]"
07:23:47,2024-06-07 00:00:00,"Ул. Декабристов, 15",5984,499,"92,67",Наличные,"768,2","675,53",Женский,13-01-1961,Художественная литература,Мастер и Маргарита,TRUE,"[59.928154, 30.302429]"
10:57:05,2024-06-07 00:00:00,"Ул. Декабристов, 15",7283,392,"126,57",Онлайн,"648,28","521,71",Мужской,22-06-1995,Научная литература,Микробиология,TRUE,"[59.928154, 30.302429]"
23:11:02,2024-06-07 00:00:00,"Московский пр., 90",7514,395,"128,02",Наличные,"640,08","512,06",Женский,18-05-2004,Художественная литература,Отцы и дети,TRUE,"[59.924032, 30.317189]"
19:47:12,2024-06-07 00:00:00,"Ул. Декабристов, 15",8624,314,"69,8",Наличные,"512,1","442,3",Женский,17-09-1955,Учебники,Алгебра 7 класс,TRUE,"[59.928154, 30.302429]"
13:27:16,2024-06-07 00:00:00,"Ул. Декабристов, 15",8758,488,"200,589",Онлайн,"668,63","468,041",Женский,14-01-1997,Художественная литература,Обломов,TRUE,"[59.928154, 30.302429]"
20:38:49,2024-06-07 00:00:00,"Гагаринская ул., 12",8999,33,"170,55",Онлайн,"568,5","397,95",Мужской,27-11-1995,Путеводители,Индонезия,TRUE,"[59.946153, 30.342916]"
10:40:17,2024-06-07 00:00:00,"Московский пр., 90",9374,428,"159,09",Онлайн,"717,2","558,11",Женский,28-03-1961,Комиксы,Супермен,TRUE,"[59.924032, 30.317189]"
15:24:10,2024-06-07 00:00:00,"Гагаринская ул., 12",9771,241,"151,26",Карта,"504,2","352,94",Женский,28-09-1979,Учебники,Химия 9 класс,TRUE,"[59.946153, 30.342916]"
10:50:51,2024-06-08 00:00:00,"Ул. Декабристов, 15",1496,476,"106,83",Карта,"517,15","410,32",Женский,04-02-1973,Учебники,Химия 9 класс,TRUE,"[59.928154, 30.302429]"
16:29:36,2024-06-08 00:00:00,"Московский пр., 90",2192,14,"26,42",Наличные,"504,2","477,78",Женский,05-12-1998,Учебники,Химия 9 класс,TRUE,"[59.924032, 30.317189]"
22:09:45,2024-06-08 00:00:00,"Гагаринская ул., 12",2531,3,"116,77",Карта,"555,57","438,8",Женский,21-11-1982,Путеводители,Мексика,TRUE,"[59.946153, 30.342916]"
13:13:44,2024-06-08 00:00:00,"Гагаринская ул., 12",3867,344,"153,63",Наличные,"512,1","358,47",Женский,08-01-1996,Учебники,Алгебра 7 класс,TRUE,"[59.946153, 30.342916]"
13:22:35,2024-06-08 00:00:00,"Ул. Рубинштейна, 24",6093,284,"206,166",Онлайн,"687,22","481,054",Мужской,25-07-2006,Художественная литература,Лолита,TRUE,"[59.929700, 30.344695]"
06:01:45,2024-06-08 00:00:00,"Гагаринская ул., 12",6123,148,"80,1",Карта,"512,1",432,Мужской,29-06-1967,Учебники,Алгебра 7 класс,TRUE,"[59.946153, 30.342916]"
22:53:01,2024-06-08 00:00:00,"Московский пр., 90",7194,343,"81,24",Наличные,"700,16","618,92",Женский,15-05-1962,Комиксы,Доктор Стрэндж,TRUE,"[59.924032, 30.317189]"
06:59:32,2024-06-09 00:00:00,"Московский пр., 90",1013,72,"113,04",Карта,"599,26","486,22",Мужской,04-10-1977,Путеводители,Индонезия,TRUE,"[59.924032, 30.317189]"
17:16:55,2024-06-09 00:00:00,"Гагаринская ул., 12",2732,228,"117,87",Наличные,"785,78","667,91",Мужской,03-02-1967,Путеводители,Мексика,TRUE,"[59.946153, 30.342916]"
21:49:05,2024-06-09 00:00:00,"Ул. Декабристов, 15",3216,167,"93,14",Наличные,"568,5","475,36",Женский,13-02-1978,Путеводители,Индонезия,TRUE,"[59.928154, 30.302429]"
02:35:58,2024-06-09 00:00:00,"Гагаринская ул., 12",3352,247,"173,502",Карта,"578,34","404,838",Женский,28-07-1958,Путеводители,Мексика,TRUE,"[59.946153, 30.342916]"
07:45:55,2024-06-09 00:00:00,"Московский пр., 90",4364,392,"279,42",Онлайн,"980,26","700,84",Мужской,22-06-1995,Комиксы,Бэтмен,TRUE,"[59.924032, 30.317189]"
02:36:59,2024-06-09 00:00:00,"Ул. Декабристов, 15",4372,428,"162,429",Наличные,"541,43","379,001",Женский,28-03-1961,Художественная литература,Обломов,TRUE,"[59.928154, 30.302429]"
13:47:50,2024-06-09 00:00:00,"Гагаринская ул., 12",7070,224,"224,982",Наличные,"749,94","524,958",Женский,20-08-1979,Учебники,Химия 9 класс,TRUE,"[59.946153, 30.342916]"
18:43:20,2024-06-09 00:00:00,"Невский пр., 30",7618,437,"30,49",Карта,"609,74","579,25",Мужской,26-03-1979,Учебники,Химия 9 класс,TRUE,"[59.935543, 30.327349]"
01:18:58,2024-06-09 00:00:00,"Ул. Рубинштейна, 24",7819,171,"192,765",Наличные,"642,55","449,785",Мужской,24-04-1985,Художественная литература,Лолита,TRUE,"[59.929700, 30.344695]"
09:16:07,2024-06-09 00:00:00,"Невский пр., 30",8413,99,"171,726",Онлайн,"572,42","400,694",Женский,17-03-1976,Художественная литература,Отцы и дети,TRUE,"[59.935543, 30.327349]"
01:51:37,2024-06-10 00:00:00,"Ул. Декабристов, 15",1402,361,"179,71",Карта,"688,38","508,67",Мужской,15-06-1972,Художественная литература,Мастер и Маргарита,TRUE,"[59.928154, 30.302429]"
19:43:42,2024-06-10 00:00:00,"Московский пр., 90",1500,399,"162,213",Онлайн,"540,71","378,497",Женский,29-04-1991,Научная литература,Экономика труда,TRUE,"[59.924032, 30.317189]"
06:51:22,2024-06-10 00:00:00,"Невский пр., 30",1842,454,"153,903",Карта,"513,01","359,107",Женский,30-01-1961,Художественная литература,Мастер и Маргарита,TRUE,"[59.935543, 30.327349]"
20:44:02,2024-06-10 00:00:00,"Московский пр., 90",2020,153,"143,29",Карта,"872,18","728,89",Мужской,21-12-1999,Учебники,География 6 класс,TRUE,"[59.924032, 30.317189]"
08:18:35,2024-06-10 00:00:00,"Невский пр., 30",2724,49,"85,08",Наличные,"668,63","583,55",Мужской,25-10-1963,Художественная литература,Обломов,TRUE,"[59.935543, 30.327349]"
02:22:34,2024-06-10 00:00:00,"Ул. Рубинштейна, 24",3744,360,"199,092",Карта,"663,64","464,548",Женский,21-08-1995,Путеводители,Турция,TRUE,"[59.929700, 30.344695]"
23:26:20,2024-06-10 00:00:00,"Невский пр., 30",5071,384,"170,154",Онлайн,"567,18","397,026",Женский,20-12-1976,Учебники,Алгебра 7 класс,TRUE,"[59.935543, 30.327349]"
10:50:07,2024-06-10 00:00:00,"Гагаринская ул., 12",5398,194,"163,809",Онлайн,"546,03","382,221",Мужской,02-09-1986,Художественная литература,Лолита,TRUE,"[59.946153, 30.342916]"
10:12:17,2024-06-10 00:00:00,"Невский пр., 30",9555,168,"210,273",Наличные,"700,91","490,637",Женский,21-05-1960,Научная литература,Квантовая физика,TRUE,"[59.935543, 30.327349]"
17:07:11,2024-06-11 00:00:00,"Невский пр., 30",1238,129,"103,26",Наличные,"688,38","585,12",Мужской,25-08-2006,Художественная литература,Мастер и Маргарита,TRUE,"[59.935543, 30.327349]"
07:12:41,2024-06-11 00:00:00,"Московский пр., 90",1793,195,"35,86",Наличные,"717,2","681,34",Женский,03-12-2004,Комиксы,Супермен,TRUE,"[59.924032, 30.317189]"
23:53:58,2024-06-11 00:00:00,"Гагаринская ул., 12",3341,95,"215,685",Онлайн,"718,95","503,265",Женский,27-07-1986,Путеводители,Индонезия,TRUE,"[59.946153, 30.342916]"
11:22:27,2024-06-11 00:00:00,"Невский пр., 30",4928,204,"63,03",Онлайн,"526,77","463,74",Мужской,30-01-1976,Научная литература,Философия науки,TRUE,"[59.935543, 30.327349]"
00:29:58,2024-06-11 00:00:00,"Ул. Декабристов, 15",6296,283,"156,261",Наличные,"520,87","364,609",Мужской,22-05-1987,Научная литература,Экономика труда,TRUE,"[59.928154, 30.302429]"
09:12:01,2024-06-11 00:00:00,"Ул. Рубинштейна, 24",6885,269,"164,115",Наличные,"547,05","382,935",Женский,21-10-1968,Комиксы,Бэтмен,TRUE,"[59.929700, 30.344695]"
00:01:56,2024-06-12 00:00:00,"Невский пр., 30",3976,362,"223,596",Карта,"745,32","521,724",Мужской,15-12-1999,Путеводители,Италия,TRUE,"[59.935543, 30.327349]"
02:55:31,2024-06-12 00:00:00,"Гагаринская ул., 12",4287,253,"69,13",Наличные,"506,72","437,59",Мужской,17-11-1957,Художественная литература,Преступление и наказание,TRUE,"[59.946153, 30.342916]"
02:33:22,2024-06-12 00:00:00,"Невский пр., 30",5411,17,"158,031",Онлайн,"526,77","368,739",Мужской,27-12-1962,Научная литература,Философия науки,TRUE,"[59.935543, 30.327349]"
14:07:12,2024-06-12 00:00:00,"Московский пр., 90",5755,205,"242,772",Онлайн,"809,24","566,468",Мужской,07-08-1994,Путеводители,Турция,TRUE,"[59.924032, 30.317189]"
05:57:02,2024-06-12 00:00:00,"Ул. Рубинштейна, 24",5943,66,"206,166",Наличные,"687,22","481,054",Женский,28-03-1961,Художественная литература,Лолита,TRUE,"[59.929700, 30.344695]"
03:55:18,2024-06-12 00:00:00,"Невский пр., 30",7154,79,"167,742",Карта,"559,14","391,398",Женский,21-03-2005,Художественная литература,Обломов,TRUE,"[59.935543, 30.327349]"
03:04:13,2024-06-12 00:00:00,"Ул. Рубинштейна, 24",8005,297,"54,26",Онлайн,"547,42","493,16",Женский,06-11-1962,Путеводители,Турция,TRUE,"[59.929700, 30.344695]"
21:41:58,2024-06-12 00:00:00,"Ул. Декабристов, 15",8265,62,"114,69",Наличные,"943,09","828,4",Мужской,01-06-1981,Учебники,Алгебра 7 класс,TRUE,"[59.928154, 30.302429]"
04:01:46,2024-06-12 00:00:00,"Ул. Декабристов, 15",8610,93,"109,35",Карта,"707,71","598,36",Мужской,02-05-1960,Научная литература,Экономика труда,TRUE,"[59.928154, 30.302429]"
04:00:53,2024-06-13 00:00:00,"Ул. Рубинштейна, 24",1449,327,"67,76",Карта,"769,82","702,06",Женский,17-02-1985,Комиксы,Человек-Паук,TRUE,"[59.929700, 30.344695]"
15:35:43,2024-06-13 00:00:00,"Ул. Рубинштейна, 24",1755,464,"186,015",Карта,"620,05","434,035",Мужской,02-11-1991,Научная литература,Микробиология,TRUE,"[59.929700, 30.344695]"
00:09:53,2024-06-13 00:00:00,"Гагаринская ул., 12",2213,405,"227,649",Онлайн,"758,83","531,181",Женский,07-09-1982,Научная литература,Философия науки,TRUE,"[59.946153, 30.342916]"
14:23:51,2024-06-13 00:00:00,"Московский пр., 90",3788,369,"119,23",Карта,"980,26","861,03",Женский,21-03-2001,Комиксы,Бэтмен,TRUE,"[59.924032, 30.317189]"
00:38:37,2024-06-13 00:00:00,"Ул. Рубинштейна, 24",5135,390,"165,34",Карта,"826,91","661,57",Женский,18-09-1975,Учебники,Физика 8 класс,TRUE,"[59.929700, 30.344695]"
20:01:15,2024-06-13 00:00:00,"Московский пр., 90",5527,79,"212,331",Карта,"707,77","495,439",Женский,21-03-2005,Комиксы,Доктор Стрэндж,TRUE,"[59.924032, 30.317189]"
09:29:06,2024-06-13 00:00:00,"Московский пр., 90",5696,29,"203,07",Наличные,"676,9","473,83",Женский,14-11-2004,Путеводители,Швейцария,TRUE,"[59.924032, 30.317189]"
04:40:56,2024-06-13 00:00:00,"Гагаринская ул., 12",6030,291,"31,97",Наличные,"600,59","568,62",Мужской,15-11-1990,Комиксы,Бэтмен,TRUE,"[59.946153, 30.342916]"
21:53:33,2024-06-13 00:00:00,"Невский пр., 30",7042,490,"184,773",Онлайн,"615,91","431,137",Мужской,31-07-1993,Путеводители,Швейцария,TRUE,"[59.935543, 30.327349]"
21:37:54,2024-06-13 00:00:00,"Невский пр., 30",7094,44,"168,47",Онлайн,"568,5","400,03",Женский,13-04-1970,Путеводители,Индонезия,TRUE,"[59.935543, 30.327349]"
12:44:45,2024-06-13 00:00:00,"Московский пр., 90",7204,455,"102,57",Наличные,"700,16","597,59",Мужской,01-02-1982,Комиксы,Доктор Стрэндж,TRUE,"[59.924032, 30.317189]"
16:06:32,2024-06-13 00:00:00,"Московский пр., 90",7233,176,"233,679",Наличные,"778,93","545,251",Мужской,11-07-1984,Путеводители,Турция,TRUE,"[59.924032, 30.317189]"
22:28:47,2024-06-13 00:00:00,"Ул. Декабристов, 15",8002,99,"124,1",Онлайн,"763,41","639,31",Женский,17-03-1976,Научная литература,Квантовая физика,TRUE,"[59.928154, 30.302429]"
16:19:22,2024-06-13 00:00:00,"Ул. Рубинштейна, 24",8048,244,"48,43",Онлайн,"700,86","652,43",Женский,18-05-1970,Комиксы,Флэш,TRUE,"[59.929700, 30.344695]"
07:59:43,2024-06-13 00:00:00,"Московский пр., 90",9700,206,"346,479",Наличные,"1154,93","808,451",Женский,16-04-1994,Художественная литература,Мастер и Маргарита,TRUE,"[59.924032, 30.317189]"
11:59:29,2024-06-14 00:00:00,"Ул. Декабристов, 15",2959,178,"161,1",Наличные,537,"375,9",Женский,02-04-1962,Учебники,География 6 класс,TRUE,"[59.928154, 30.302429]"
21:25:41,2024-06-14 00:00:00,"Ул. Рубинштейна, 24",3299,235,"42,53",Карта,"621,96","579,43",Мужской,23-02-2004,Художественная литература,Отцы и дети,TRUE,"[59.929700, 30.344695]"
15:53:44,2024-06-14 00:00:00,"Невский пр., 30",3466,350,"166,2",Карта,"573,2",407,Мужской,16-05-1983,Учебники,Физика 8 класс,TRUE,"[59.935543, 30.327349]"
02:36:04,2024-06-14 00:00:00,"Ул. Декабристов, 15",5726,353,"130,06",Онлайн,"711,9","581,84",Мужской,04-05-1990,Научная литература,Палеонтология,TRUE,"[59.928154, 30.302429]"
15:24:48,2024-06-14 00:00:00,"Ул. Рубинштейна, 24",6014,85,"40,75",Онлайн,"583,23","542,48",Женский,01-09-1961,Научная литература,Микробиология,TRUE,"[59.929700, 30.344695]"
00:16:35,2024-06-14 00:00:00,"Ул. Декабристов, 15",6282,119,"215,68",Наличные,"971,13","755,45",Женский,13-07-1973,Путеводители,Италия,TRUE,"[59.928154, 30.302429]"
06:37:38,2024-06-14 00:00:00,"Ул. Декабристов, 15",7109,277,"210,45",Наличные,"803,08","592,63",Мужской,07-04-1972,Путеводители,Италия,TRUE,"[59.928154, 30.302429]"
14:42:37,2024-06-14 00:00:00,"Гагаринская ул., 12",8142,52,"199,74",Карта,"665,8","466,06",Мужской,12-01-2000,Путеводители,Турция,TRUE,"[59.946153, 30.342916]"
11:36:44,2024-06-14 00:00:00,"Невский пр., 30",8316,22,"74,86",Онлайн,"559,14","484,28",Мужской,05-06-2006,Художественная литература,Обломов,TRUE,"[59.935543, 30.327349]"
11:37:07,2024-06-15 00:00:00,"Московский пр., 90",1889,228,"122,44",Онлайн,"585,86","463,42",Мужской,03-02-1967,Художественная литература,Лолита,TRUE,"[59.924032, 30.317189]"
03:23:38,2024-06-15 00:00:00,"Московский пр., 90",2400,499,"183,087",Наличные,"610,29","427,203",Женский,13-01-1961,Художественная литература,Отцы и дети,TRUE,"[59.924032, 30.317189]"
06:42:37,2024-06-15 00:00:00,"Московский пр., 90",2736,269,"74,85",Онлайн,"507,68","432,83",Женский,21-10-1968,Комиксы,Человек-Паук,TRUE,"[59.924032, 30.317189]"
01:27:46,2024-06-15 00:00:00,"Ул. Рубинштейна, 24",3328,368,"168,744",Карта,"562,48","393,736",Мужской,03-07-1967,Путеводители,Италия,TRUE,"[59.929700, 30.344695]"
14:37:00,2024-06-15 00:00:00,"Гагаринская ул., 12",6220,404,"51,08",Наличные,"510,83","459,75",Женский,21-12-1993,Художественная литература,Лолита,TRUE,"[59.946153, 30.342916]"
13:03:21,2024-06-15 00:00:00,"Гагаринская ул., 12",6287,488,"65,09",Наличные,"557,69","492,6",Женский,14-01-1997,Учебники,Химия 9 класс,TRUE,"[59.946153, 30.342916]"
15:47:16,2024-06-15 00:00:00,"Невский пр., 30",6658,91,"125,42",Онлайн,"631,56","506,14",Мужской,08-04-1995,Путеводители,Индонезия,TRUE,"[59.935543, 30.327349]"
15:34:52,2024-06-15 00:00:00,"Московский пр., 90",8764,46,"195,396",Карта,"651,32","455,924",Женский,22-08-2000,Художественная литература,Лолита,TRUE,"[59.924032, 30.317189]"
10:47:44,2024-06-15 00:00:00,"Московский пр., 90",9719,377,"200,92",Карта,"714,73","513,81",Мужской,28-11-1966,Учебники,История России 10 класс,TRUE,"[59.924032, 30.317189]"
11:22:17,2024-06-16 00:00:00,"Ул. Декабристов, 15",3478,333,"167,235",Онлайн,"557,45","390,215",Женский,18-04-1988,Учебники,Физика 8 класс,TRUE,"[59.928154, 30.302429]"
17:16:44,2024-06-16 00:00:00,"Невский пр., 30",5201,282,"186,015",Карта,"620,05","434,035",Женский,14-07-1957,Научная литература,Микробиология,TRUE,"[59.935543, 30.327349]"
17:49:27,2024-06-16 00:00:00,"Ул. Рубинштейна, 24",5267,241,"158,529",Наличные,"528,43","369,901",Женский,28-09-1979,Комиксы,Доктор Стрэндж,TRUE,"[59.929700, 30.344695]"
04:38:00,2024-06-16 00:00:00,"Невский пр., 30",5522,494,"61,71",Онлайн,"718,95","657,24",Женский,03-10-1977,Путеводители,Индонезия,TRUE,"[59.935543, 30.327349]"
20:09:54,2024-06-16 00:00:00,"Невский пр., 30",6027,463,"206,595",Карта,"688,65","482,055",Женский,23-06-1964,Художественная литература,Мастер и Маргарита,TRUE,"[59.935543, 30.327349]"
01:34:29,2024-06-16 00:00:00,"Невский пр., 30",7755,150,"79,79",Карта,"578,82","499,03",Женский,05-11-1991,Научная литература,Экономика труда,TRUE,"[59.935543, 30.327349]"
21:31:58,2024-06-17 00:00:00,"Гагаринская ул., 12",2097,220,"130,96",Наличные,"836,87","705,91",Мужской,11-09-1984,Научная литература,Экономика труда,TRUE,"[59.946153, 30.342916]"
19:53:00,2024-06-17 00:00:00,"Ул. Декабристов, 15",2305,430,"167,379",Онлайн,"557,93","390,551",Мужской,07-07-1980,Комиксы,Бэтмен,TRUE,"[59.928154, 30.302429]"
13:23:20,2024-06-17 00:00:00,"Ул. Рубинштейна, 24",2497,276,"150,165",Онлайн,"500,55","350,385",Мужской,12-07-1980,Путеводители,Швейцария,TRUE,"[59.929700, 30.344695]"
16:36:35,2024-06-17 00:00:00,"Невский пр., 30",2815,263,"173,502",Наличные,"578,34","404,838",Женский,29-09-2001,Путеводители,Мексика,TRUE,"[59.935543, 30.327349]"
09:36:36,2024-06-17 00:00:00,"Гагаринская ул., 12",2977,473,"118,48",Наличные,"585,86","467,38",Мужской,23-09-1954,Художественная литература,Лолита,TRUE,"[59.946153, 30.342916]"
23:10:48,2024-06-17 00:00:00,"Ул. Рубинштейна, 24",3255,287,"164,403",Карта,"548,01","383,607",Женский,03-12-1982,Учебники,Алгебра 7 класс,TRUE,"[59.929700, 30.344695]"
07:22:05,2024-06-17 00:00:00,"Ул. Рубинштейна, 24",3410,239,"58,01",Онлайн,"768,26","710,25",Женский,20-02-2001,Научная литература,Квантовая физика,TRUE,"[59.929700, 30.344695]"
12:16:55,2024-06-17 00:00:00,"Ул. Рубинштейна, 24",3784,112,"183,468",Карта,"611,56","428,092",Мужской,04-06-1985,Комиксы,Супермен,TRUE,"[59.929700, 30.344695]"
16:44:33,2024-06-17 00:00:00,"Ул. Рубинштейна, 24",3988,5,"188,553",Наличные,"628,51","439,957",Мужской,30-03-1955,Путеводители,Индонезия,TRUE,"[59.929700, 30.344695]"
23:46:18,2024-06-17 00:00:00,"Невский пр., 30",4319,464,"80,94",Наличные,"541,43","460,49",Мужской,02-11-1991,Художественная литература,Обломов,TRUE,"[59.935543, 30.327349]"
14:00:20,2024-06-17 00:00:00,"Ул. Рубинштейна, 24",5191,59,"213,57",Наличные,"711,9","498,33",Женский,26-03-1972,Научная литература,Палеонтология,TRUE,"[59.929700, 30.344695]"
19:53:28,2024-06-17 00:00:00,"Гагаринская ул., 12",6818,198,"105,12",Карта,"1306,51","1201,39",Мужской,01-03-1983,Научная литература,Палеонтология,TRUE,"[59.946153, 30.342916]"
20:29:47,2024-06-17 00:00:00,"Ул. Рубинштейна, 24",7419,59,"127,9",Наличные,"576,4","448,5",Женский,26-03-1972,Учебники,История России 10 класс,TRUE,"[59.929700, 30.344695]"
22:37:51,2024-06-17 00:00:00,"Московский пр., 90",7967,128,"188,35",Наличные,"980,26","791,91",Женский,28-11-1955,Комиксы,Бэтмен,TRUE,"[59.924032, 30.317189]"
20:02:46,2024-06-17 00:00:00,"Ул. Декабристов, 15",7986,67,"151,008",Наличные,"503,36","352,352",Мужской,20-11-1959,Художественная литература,Преступление и наказание,TRUE,"[59.928154, 30.302429]"
06:25:16,2024-06-18 00:00:00,"Ул. Декабристов, 15",2488,340,"152,976",Карта,"509,92","356,944",Женский,02-03-1971,Художественная литература,Преступление и наказание,TRUE,"[59.928154, 30.302429]"
02:25:44,2024-06-18 00:00:00,"Гагаринская ул., 12",3920,153,"145,99",Карта,"750,64","604,65",Мужской,21-12-1999,Художественная литература,Лолита,TRUE,"[59.946153, 30.342916]"
21:24:19,2024-06-18 00:00:00,"Ул. Рубинштейна, 24",3957,450,"153,099",Онлайн,"510,33","357,231",Мужской,26-11-1995,Художественная литература,Мастер и Маргарита,TRUE,"[59.929700, 30.344695]"
10:00:25,2024-06-18 00:00:00,"Невский пр., 30",4581,415,"164,355",Карта,"547,85","383,495",Женский,04-01-1994,Научная литература,Квантовая физика,TRUE,"[59.935543, 30.327349]"
03:48:05,2024-06-18 00:00:00,"Ул. Декабристов, 15",5065,222,90,Карта,"570,64","480,64",Женский,29-03-1990,Учебники,Алгебра 7 класс,TRUE,"[59.928154, 30.302429]"
00:48:07,2024-06-18 00:00:00,"Ул. Декабристов, 15",6025,84,"215,685",Карта,"718,95","503,265",Женский,09-10-1969,Путеводители,Индонезия,TRUE,"[59.928154, 30.302429]"
10:45:34,2024-06-18 00:00:00,"Ул. Декабристов, 15",6265,463,"171,96",Онлайн,"573,2","401,24",Женский,23-06-1964,Учебники,Физика 8 класс,TRUE,"[59.928154, 30.302429]"
15:11:31,2024-06-18 00:00:00,"Московский пр., 90",8282,390,"194,484",Карта,"648,28","453,796",Женский,18-09-1975,Научная литература,Микробиология,TRUE,"[59.924032, 30.317189]"
20:00:54,2024-06-18 00:00:00,"Гагаринская ул., 12",8534,3,"129,93",Наличные,"866,19","736,26",Женский,21-11-1982,Научная литература,Палеонтология,TRUE,"[59.946153, 30.342916]"
02:43:14,2024-06-18 00:00:00,"Московский пр., 90",8859,476,"173,646",Наличные,"578,82","405,174",Женский,04-02-1973,Научная литература,Экономика труда,TRUE,"[59.924032, 30.317189]"
04:27:58,2024-06-19 00:00:00,"Ул. Декабристов, 15",2726,395,"184,68",Наличные,"718,95","534,27",Женский,18-05-2004,Путеводители,Индонезия,TRUE,"[59.928154, 30.302429]"
17:52:49,2024-06-19 00:00:00,"Гагаринская ул., 12",2847,251,"172,812",Онлайн,"576,04","403,228",Мужской,26-02-1983,Художественная литература,Обломов,TRUE,"[59.946153, 30.342916]"
22:42:20,2024-06-19 00:00:00,"Гагаринская ул., 12",3609,76,"248,25",Онлайн,"827,5","579,25",Женский,19-01-1958,Художественная литература,Мастер и Маргарита,TRUE,"[59.946153, 30.342916]"
21:44:35,2024-06-19 00:00:00,"Московский пр., 90",5520,338,"145,54",Наличные,"976,83","831,29",Мужской,21-08-1983,Художественная литература,Отцы и дети,TRUE,"[59.924032, 30.317189]"
17:58:05,2024-06-19 00:00:00,"Ул. Рубинштейна, 24",7386,348,"61,61",Карта,"573,2","511,59",Мужской,05-04-1987,Учебники,Физика 8 класс,TRUE,"[59.929700, 30.344695]"
20:49:54,2024-06-19 00:00:00,"Московский пр., 90",8155,184,"191,8",Онлайн,"866,19","674,39",Женский,25-02-1992,Научная литература,Палеонтология,TRUE,"[59.924032, 30.317189]"
09:49:01,2024-06-20 00:00:00,"Невский пр., 30",1197,392,"153,042",Карта,"510,14","357,098",Мужской,22-06-1995,Комиксы,Доктор Стрэндж,TRUE,"[59.935543, 30.327349]"
12:14:17,2024-06-20 00:00:00,"Ул. Декабристов, 15",2368,375,"115,16",Онлайн,"555,29","440,13",Мужской,17-06-1958,Научная литература,Экономика труда,TRUE,"[59.928154, 30.302429]"
05:26:58,2024-06-20 00:00:00,"Невский пр., 30",3082,62,"230,946",Онлайн,"769,82","538,874",Мужской,01-06-1981,Комиксы,Человек-Паук,TRUE,"[59.935543, 30.327349]"
06:51:27,2024-06-20 00:00:00,"Гагаринская ул., 12",3366,68,"194,484",Онлайн,"648,28","453,796",Женский,01-06-1979,Научная литература,Микробиология,TRUE,"[59.946153, 30.342916]"
00:08:00,2024-06-20 00:00:00,"Ул. Рубинштейна, 24",3537,32,"85,75",Наличные,"506,81","421,06",Мужской,11-08-1975,Научная литература,Микробиология,TRUE,"[59.929700, 30.344695]"
01:56:48,2024-06-20 00:00:00,"Гагаринская ул., 12",4000,290,"109,48",Наличные,"547,42","437,94",Мужской,19-03-1998,Путеводители,Турция,TRUE,"[59.946153, 30.342916]"
14:31:33,2024-06-20 00:00:00,"Московский пр., 90",4310,1,"186,522",Онлайн,"621,74","435,218",Женский,12-02-2003,Научная литература,Экономика труда,TRUE,"[59.924032, 30.317189]"
09:03:32,2024-06-20 00:00:00,"Невский пр., 30",4496,488,"145,44",Онлайн,"523,71","378,27",Женский,14-01-1997,Учебники,География 6 класс,TRUE,"[59.935543, 30.327349]"
23:36:22,2024-06-20 00:00:00,"Московский пр., 90",4942,492,"95,31",Наличные,"596,02","500,71",Женский,17-06-1997,Учебники,Алгебра 7 класс,TRUE,"[59.924032, 30.317189]"
04:53:57,2024-06-20 00:00:00,"Ул. Декабристов, 15",5162,73,"294,21",Карта,"980,7","686,49",Женский,08-04-2002,Комиксы,Флэш,TRUE,"[59.928154, 30.302429]"
03:37:04,2024-06-20 00:00:00,"Гагаринская ул., 12",6310,4,"87,89",Наличные,"583,61","495,72",Женский,19-01-1956,Комиксы,Супермен,TRUE,"[59.946153, 30.342916]"
19:41:51,2024-06-20 00:00:00,"Ул. Декабристов, 15",6620,220,"168,744",Наличные,"562,48","393,736",Мужской,11-09-1984,Путеводители,Италия,TRUE,"[59.928154, 30.302429]"
10:43:00,2024-06-20 00:00:00,"Невский пр., 30",9206,25,"63,68",Онлайн,"500,55","436,87",Женский,02-05-1955,Путеводители,Швейцария,TRUE,"[59.935543, 30.327349]"
11:38:29,2024-06-20 00:00:00,"Московский пр., 90",9809,406,"160,668",Онлайн,"535,56","374,892",Мужской,01-12-1966,Комиксы,Флэш,TRUE,"[59.924032, 30.317189]"
18:12:57,2024-06-21 00:00:00,"Московский пр., 90",1012,119,"136,41",Карта,"631,03","494,62",Женский,13-07-1973,Путеводители,Турция,TRUE,"[59.924032, 30.317189]"
11:44:07,2024-06-21 00:00:00,"Московский пр., 90",1517,68,"42,75",Карта,"557,45","514,7",Женский,01-06-1979,Учебники,Физика 8 класс,TRUE,"[59.924032, 30.317189]"
06:52:35,2024-06-21 00:00:00,"Ул. Рубинштейна, 24",1990,40,"152,274",Онлайн,"507,58","355,306",Мужской,08-07-1979,Комиксы,Человек-Паук,TRUE,"[59.929700, 30.344695]"
19:56:20,2024-06-21 00:00:00,"Ул. Декабристов, 15",2464,294,"240,75",Карта,"1154,93","914,18",Женский,09-04-2002,Художественная литература,Мастер и Маргарита,TRUE,"[59.928154, 30.302429]"
19:22:11,2024-06-21 00:00:00,"Московский пр., 90",4080,143,"110,11",Онлайн,"514,92","404,81",Женский,12-06-2003,Комиксы,Супермен,TRUE,"[59.924032, 30.317189]"
21:53:34,2024-06-21 00:00:00,"Московский пр., 90",4957,70,"194,484",Наличные,"648,28","453,796",Женский,03-09-1971,Научная литература,Микробиология,TRUE,"[59.924032, 30.317189]"
20:06:05,2024-06-21 00:00:00,"Гагаринская ул., 12",8408,298,"111,24",Карта,"741,58","630,34",Женский,18-04-1969,Путеводители,Италия,TRUE,"[59.946153, 30.342916]"
09:30:27,2024-06-22 00:00:00,"Невский пр., 30",1281,28,"219,582",Наличные,"731,94","512,358",Женский,30-11-1963,Художественная литература,Лолита,TRUE,"[59.935543, 30.327349]"
13:33:46,2024-06-22 00:00:00,"Невский пр., 30",1329,165,"353,358",Наличные,"1177,86","824,502",Женский,06-03-1971,Научная литература,Экономика труда,TRUE,"[59.935543, 30.327349]"
13:20:32,2024-06-22 00:00:00,"Ул. Рубинштейна, 24",2894,457,"153,249",Онлайн,"510,83","357,581",Женский,08-11-1996,Художественная литература,Лолита,TRUE,"[59.929700, 30.344695]"
16:45:06,2024-06-22 00:00:00,"Гагаринская ул., 12",5681,436,"215,685",Онлайн,"718,95","503,265",Женский,02-09-1974,Путеводители,Индонезия,TRUE,"[59.946153, 30.342916]"
13:06:41,2024-06-22 00:00:00,"Ул. Рубинштейна, 24",7247,354,"86,82",Карта,"578,79","491,97",Мужской,04-10-1989,Научная литература,Квантовая физика,TRUE,"[59.929700, 30.344695]"
13:13:30,2024-06-22 00:00:00,"Ул. Декабристов, 15",7272,25,"115,23",Онлайн,"689,78","574,55",Женский,02-05-1955,Научная литература,Философия науки,TRUE,"[59.928154, 30.302429]"
01:31:02,2024-06-22 00:00:00,"Московский пр., 90",7453,261,"168,528",Онлайн,"561,76","393,232",Женский,19-12-1991,Научная литература,Философия науки,TRUE,"[59.924032, 30.317189]"
21:35:47,2024-06-22 00:00:00,"Московский пр., 90",7943,345,"106,16",Наличные,"707,71","601,55",Женский,17-02-2004,Научная литература,Экономика труда,TRUE,"[59.924032, 30.317189]"
10:47:26,2024-06-22 00:00:00,"Ул. Декабристов, 15",9931,124,"152,274",Наличные,"507,58","355,306",Мужской,28-12-2003,Комиксы,Человек-Паук,TRUE,"[59.928154, 30.302429]"
11:00:38,2024-06-22 00:00:00,"Ул. Декабристов, 15",9953,124,"120,12",Карта,"768,2","648,08",Мужской,28-12-2003,Художественная литература,Мастер и Маргарита,TRUE,"[59.928154, 30.302429]"
21:55:29,2024-06-23 00:00:00,"Ул. Рубинштейна, 24",1731,470,"147,38",Онлайн,"884,41","737,03",Мужской,24-12-2004,Художественная литература,Отцы и дети,TRUE,"[59.929700, 30.344695]"
16:50:56,2024-06-23 00:00:00,"Невский пр., 30",3318,210,"170,601",Онлайн,"568,67","398,069",Мужской,29-11-1957,Художественная литература,Преступление и наказание,TRUE,"[59.935543, 30.327349]"
07:05:04,2024-06-23 00:00:00,"Невский пр., 30",3625,205,"123,95",Наличные,"518,09","394,14",Мужской,07-08-1994,Научная литература,Микробиология,TRUE,"[59.935543, 30.327349]"
13:44:26,2024-06-23 00:00:00,"Ул. Декабристов, 15",3883,87,"152,043",Онлайн,"506,81","354,767",Женский,29-06-1994,Научная литература,Микробиология,TRUE,"[59.928154, 30.302429]"
19:48:59,2024-06-23 00:00:00,"Московский пр., 90",4418,87,"64,6",Карта,"734,96","670,36",Женский,29-06-1994,Комиксы,Человек-Паук,TRUE,"[59.924032, 30.317189]"
17:36:10,2024-06-23 00:00:00,"Ул. Декабристов, 15",4420,1,"152,016",Онлайн,"506,72","354,704",Женский,12-02-2003,Художественная литература,Преступление и наказание,TRUE,"[59.928154, 30.302429]"
04:12:47,2024-06-23 00:00:00,"Ул. Рубинштейна, 24",6203,197,"154,422",Карта,"514,74","360,318",Мужской,09-03-1957,Учебники,История России 10 класс,TRUE,"[59.929700, 30.344695]"
13:09:43,2024-06-23 00:00:00,"Невский пр., 30",9274,158,"102,03",Наличные,"827,5","725,47",Женский,05-03-1973,Художественная литература,Мастер и Маргарита,TRUE,"[59.935543, 30.327349]"
20:12:39,2024-06-24 00:00:00,"Ул. Рубинштейна, 24",1346,102,"34,35",Карта,"562,48","528,13",Женский,17-07-1978,Путеводители,Италия,TRUE,"[59.929700, 30.344695]"
06:26:07,2024-06-24 00:00:00,"Невский пр., 30",1689,197,"154,87",Наличные,"677,63","522,76",Мужской,09-03-1957,Научная литература,Квантовая физика,TRUE,"[59.935543, 30.327349]"
20:44:32,2024-06-24 00:00:00,"Гагаринская ул., 12",1850,334,"137,76",Наличные,"572,42","434,66",Мужской,08-06-1961,Художественная литература,Отцы и дети,TRUE,"[59.946153, 30.342916]"
04:02:29,2024-06-24 00:00:00,"Ул. Декабристов, 15",2069,245,"162,063",Онлайн,"540,21","378,147",Женский,16-06-1986,Учебники,Физика 8 класс,TRUE,"[59.928154, 30.302429]"
10:45:11,2024-06-24 00:00:00,"Московский пр., 90",2828,152,"170,154",Онлайн,"567,18","397,026",Женский,19-08-2002,Учебники,Алгебра 7 класс,TRUE,"[59.924032, 30.317189]"
04:23:41,2024-06-24 00:00:00,"Ул. Рубинштейна, 24",4803,343,"124,22",Онлайн,"526,77","402,55",Женский,15-05-1962,Научная литература,Философия науки,TRUE,"[59.929700, 30.344695]"
02:02:43,2024-06-25 00:00:00,"Ул. Декабристов, 15",2042,46,"210,273",Наличные,"700,91","490,637",Женский,22-08-2000,Научная литература,Квантовая физика,TRUE,"[59.928154, 30.302429]"
02:35:28,2024-06-25 00:00:00,"Ул. Декабристов, 15",3598,62,"211,503",Наличные,"705,01","493,507",Мужской,01-06-1981,Учебники,География 6 класс,TRUE,"[59.928154, 30.302429]"
23:38:35,2024-06-25 00:00:00,"Московский пр., 90",3599,370,"200,472",Наличные,"668,24","467,768",Мужской,30-08-1995,Путеводители,Италия,TRUE,"[59.924032, 30.317189]"
00:40:26,2024-06-25 00:00:00,"Ул. Декабристов, 15",4007,338,"153,46",Онлайн,"576,4","422,94",Мужской,21-08-1983,Учебники,История России 10 класс,TRUE,"[59.928154, 30.302429]"
04:54:07,2024-06-25 00:00:00,"Гагаринская ул., 12",4133,488,"168,375",Онлайн,"561,25","392,875",Женский,14-01-1997,Научная литература,Философия науки,TRUE,"[59.946153, 30.342916]"
02:26:26,2024-06-25 00:00:00,"Ул. Рубинштейна, 24",6225,367,"58,48",Карта,"1169,61","1111,13",Мужской,15-09-1994,Учебники,История России 10 класс,TRUE,"[59.929700, 30.344695]"
03:20:52,2024-06-25 00:00:00,"Московский пр., 90",7161,102,"172,812",Онлайн,"576,04","403,228",Женский,17-07-1978,Художественная литература,Обломов,TRUE,"[59.924032, 30.317189]"
06:24:10,2024-06-25 00:00:00,"Невский пр., 30",8676,224,"50,06",Карта,"500,55","450,49",Женский,20-08-1979,Путеводители,Швейцария,TRUE,"[59.935543, 30.327349]"
10:43:29,2024-06-26 00:00:00,"Ул. Декабристов, 15",1469,434,"203,553",Онлайн,"678,51","474,957",Женский,03-08-1978,Комиксы,Флэш,TRUE,"[59.928154, 30.302429]"
10:45:32,2024-06-26 00:00:00,"Московский пр., 90",1767,191,"172,95",Карта,"576,5","403,55",Мужской,25-12-2001,Научная литература,Микробиология,TRUE,"[59.924032, 30.317189]"
22:43:59,2024-06-26 00:00:00,"Московский пр., 90",2945,55,"36,13",Онлайн,"541,78","505,65",Женский,15-08-1996,Путеводители,Мексика,TRUE,"[59.924032, 30.317189]"
02:56:08,2024-06-26 00:00:00,"Гагаринская ул., 12",3740,470,"35,59",Онлайн,"596,02","560,43",Мужской,24-12-2004,Учебники,Алгебра 7 класс,TRUE,"[59.946153, 30.342916]"
22:31:10,2024-06-26 00:00:00,"Московский пр., 90",3847,269,"103,35",Карта,"741,58","638,23",Женский,21-10-1968,Путеводители,Италия,TRUE,"[59.924032, 30.317189]"
11:19:22,2024-06-26 00:00:00,"Гагаринская ул., 12",4042,443,"25,27",Наличные,"505,44","480,17",Мужской,26-07-1985,Научная литература,Философия науки,TRUE,"[59.946153, 30.342916]"
08:57:32,2024-06-26 00:00:00,"Ул. Декабристов, 15",4622,420,"164,829",Онлайн,"549,43","384,601",Мужской,03-05-1966,Учебники,История России 10 класс,TRUE,"[59.928154, 30.302429]"
21:21:14,2024-06-26 00:00:00,"Гагаринская ул., 12",5798,153,"51,37",Карта,"557,69","506,32",Мужской,21-12-1999,Учебники,Химия 9 класс,TRUE,"[59.946153, 30.342916]"
21:25:43,2024-06-26 00:00:00,"Гагаринская ул., 12",7831,128,"151,632",Онлайн,"505,44","353,808",Женский,28-11-1955,Научная литература,Философия науки,TRUE,"[59.946153, 30.342916]"
10:08:11,2024-06-26 00:00:00,"Гагаринская ул., 12",8463,426,"250,13",Наличные,"1082,59","832,46",Женский,01-01-1980,Научная литература,Философия науки,TRUE,"[59.946153, 30.342916]"
13:24:32,2024-06-26 00:00:00,"Московский пр., 90",8467,140,"82,54",Онлайн,"572,42","489,88",Мужской,16-04-1995,Художественная литература,Отцы и дети,TRUE,"[59.924032, 30.317189]"
10:04:33,2024-06-26 00:00:00,"Московский пр., 90",9385,4,"164,268",Наличные,"547,56","383,292",Женский,19-01-1956,Комиксы,Доктор Стрэндж,TRUE,"[59.924032, 30.317189]"
23:36:11,2024-06-26 00:00:00,"Невский пр., 30",9476,191,"153,042",Наличные,"510,14","357,098",Мужской,25-12-2001,Комиксы,Доктор Стрэндж,TRUE,"[59.935543, 30.327349]"
14:01:43,2024-06-27 00:00:00,"Ул. Декабристов, 15",1360,295,"96,17",Онлайн,"872,18","776,01",Женский,24-05-2000,Учебники,География 6 класс,TRUE,"[59.928154, 30.302429]"
19:44:25,2024-06-27 00:00:00,"Московский пр., 90",4047,260,"119,68",Карта,"778,93","659,25",Мужской,28-06-1992,Путеводители,Турция,TRUE,"[59.924032, 30.317189]"
13:20:28,2024-06-28 00:00:00,"Гагаринская ул., 12",2604,302,"280,071",Карта,"933,57","653,499",Мужской,14-05-1999,Комиксы,Супермен,TRUE,"[59.946153, 30.342916]"
14:08:16,2024-06-28 00:00:00,"Ул. Рубинштейна, 24",5106,306,"38,41",Карта,"768,2","729,79",Мужской,05-01-1961,Художественная литература,Мастер и Маргарита,TRUE,"[59.929700, 30.344695]"
00:35:18,2024-06-28 00:00:00,"Ул. Рубинштейна, 24",5697,430,"305,298",Карта,"1017,66","712,362",Мужской,07-07-1980,Комиксы,Флэш,TRUE,"[59.929700, 30.344695]"
09:38:25,2024-06-28 00:00:00,"Московский пр., 90",5772,469,"132,83",Онлайн,"689,78","556,95",Женский,05-03-1962,Научная литература,Философия науки,TRUE,"[59.924032, 30.317189]"
12:09:44,2024-06-28 00:00:00,"Московский пр., 90",6178,192,"107,5",Карта,"594,21","486,71",Мужской,03-03-1973,Учебники,Алгебра 7 класс,TRUE,"[59.924032, 30.317189]"
17:02:02,2024-06-28 00:00:00,"Ул. Декабристов, 15",6367,49,"109,49",Карта,"631,03","521,54",Мужской,25-10-1963,Путеводители,Турция,TRUE,"[59.928154, 30.302429]"
00:38:07,2024-06-28 00:00:00,"Гагаринская ул., 12",7440,294,"152,976",Карта,"509,92","356,944",Женский,09-04-2002,Художественная литература,Преступление и наказание,TRUE,"[59.946153, 30.342916]"
06:54:21,2024-06-28 00:00:00,"Гагаринская ул., 12",7464,484,"95,13",Онлайн,"1169,61","1074,48",Мужской,28-05-1964,Учебники,История России 10 класс,TRUE,"[59.946153, 30.342916]"
10:41:45,2024-06-28 00:00:00,"Невский пр., 30",8010,411,"211,284",Наличные,"704,28","492,996",Женский,12-01-2001,Художественная литература,Мастер и Маргарита,TRUE,"[59.935543, 30.327349]"
12:20:24,2024-06-28 00:00:00,"Гагаринская ул., 12",8980,18,"213,96",Наличные,"713,2","499,24",Женский,27-04-1959,Учебники,История России 10 класс,TRUE,"[59.946153, 30.342916]"
07:19:10,2024-06-28 00:00:00,"Ул. Рубинштейна, 24",9597,348,"161,34",Онлайн,"992,29","830,95",Мужской,05-04-1987,Художественная литература,Обломов,TRUE,"[59.929700, 30.344695]"
14:32:44,2024-06-29 00:00:00,"Невский пр., 30",1377,428,"295,68",Наличные,"1043,61","747,93",Женский,28-03-1961,Комиксы,Флэш,TRUE,"[59.935543, 30.327349]"
00:01:49,2024-06-29 00:00:00,"Ул. Декабристов, 15",1847,136,"153,28",Карта,"1066,2","912,92",Мужской,20-11-1962,Комиксы,Бэтмен,TRUE,"[59.928154, 30.302429]"
23:36:15,2024-06-29 00:00:00,"Ул. Рубинштейна, 24",3966,125,"41,9",Наличные,"573,2","531,3",Женский,03-03-1994,Учебники,Физика 8 класс,TRUE,"[59.929700, 30.344695]"
07:37:47,2024-06-29 00:00:00,"Ул. Рубинштейна, 24",7245,367,"152,976",Наличные,"509,92","356,944",Мужской,15-09-1994,Художественная литература,Преступление и наказание,TRUE,"[59.929700, 30.344695]"
12:44:50,2024-06-29 00:00:00,"Московский пр., 90",8225,473,"110,42",Карта,"541,96","431,54",Мужской,23-09-1954,Комиксы,Бэтмен,TRUE,"[59.924032, 30.317189]"
15:09:08,2024-06-29 00:00:00,"Ул. Декабристов, 15",8577,487,"251,619",Онлайн,"838,73","587,111",Женский,20-07-1997,Путеводители,Индонезия,TRUE,"[59.928154, 30.302429]"
09:22:49,2024-06-30 00:00:00,"Московский пр., 90",1460,149,"111,8",Карта,"745,32","633,52",Мужской,14-06-1984,Путеводители,Италия,TRUE,"[59.924032, 30.317189]"
02:13:28,2024-06-30 00:00:00,"Ул. Рубинштейна, 24",3871,1,"91,42",Карта,"869,75","778,33",Женский,12-02-2003,Путеводители,Швейцария,TRUE,"[59.929700, 30.344695]"
20:50:57,2024-06-30 00:00:00,"Невский пр., 30",3999,81,"99,36",Карта,"994,5","895,14",Мужской,18-06-1987,Художественная литература,Обломов,TRUE,"[59.935543, 30.327349]"
01:37:29,2024-06-30 00:00:00,"Гагаринская ул., 12",6832,73,"280,071",Карта,"933,57","653,499",Женский,08-04-2002,Комиксы,Супермен,TRUE,"[59.946153, 30.342916]"
10:04:39,2024-07-01 00:00:00,"Московский пр., 90",2203,493,"170,16",Наличные,"869,75","699,59",Мужской,23-12-1977,Путеводители,Швейцария,TRUE,"[59.924032, 30.317189]"
11:16:21,2024-07-01 00:00:00,"Гагаринская ул., 12",3312,75,"85,98",Карта,"573,2","487,22",Мужской,11-08-1997,Учебники,Физика 8 класс,TRUE,"[59.946153, 30.342916]"
21:21:44,2024-07-01 00:00:00,"Невский пр., 30",8533,233,"213,57",Онлайн,"711,9","498,33",Мужской,09-11-1992,Научная литература,Палеонтология,TRUE,"[59.935543, 30.327349]"
03:05:40,2024-07-01 00:00:00,"Ул. Рубинштейна, 24",8788,362,"139,69",Карта,"503,36","363,67",Мужской,15-12-1999,Художественная литература,Преступление и наказание,TRUE,"[59.929700, 30.344695]"
08:44:23,2024-07-01 00:00:00,"Ул. Рубинштейна, 24",9335,437,"142,27",Карта,"549,07","406,8",Мужской,26-03-1979,Путеводители,Мексика,TRUE,"[59.929700, 30.344695]"
22:30:51,2024-07-01 00:00:00,"Ул. Рубинштейна, 24",9451,401,"149,35",Карта,"583,34","433,99",Женский,23-06-1999,Учебники,Химия 9 класс,TRUE,"[59.929700, 30.344695]"
11:19:06,2024-07-02 00:00:00,"Московский пр., 90",1516,254,"293,049",Онлайн,"976,83","683,781",Мужской,09-05-1975,Художественная литература,Отцы и дети,TRUE,"[59.924032, 30.317189]"
03:29:42,2024-07-02 00:00:00,"Московский пр., 90",2274,91,"176,091",Карта,"586,97","410,879",Мужской,08-04-1995,Научная литература,Палеонтология,TRUE,"[59.924032, 30.317189]"
08:58:01,2024-07-02 00:00:00,"Ул. Рубинштейна, 24",2878,202,"273,71",Онлайн,"1212,61","938,9",Женский,25-04-1995,Путеводители,Мексика,TRUE,"[59.929700, 30.344695]"
15:40:13,2024-07-02 00:00:00,"Московский пр., 90",2968,361,"153,042",Карта,"510,14","357,098",Мужской,15-06-1972,Комиксы,Доктор Стрэндж,TRUE,"[59.924032, 30.317189]"
10:43:32,2024-07-02 00:00:00,"Московский пр., 90",3512,76,"159,012",Карта,"530,04","371,028",Женский,19-01-1958,Комиксы,Доктор Стрэндж,TRUE,"[59.924032, 30.317189]"
20:47:18,2024-07-02 00:00:00,"Ул. Рубинштейна, 24",3669,110,"152,304",Карта,"507,68","355,376",Женский,03-04-1976,Комиксы,Человек-Паук,TRUE,"[59.929700, 30.344695]"
11:28:58,2024-07-02 00:00:00,"Гагаринская ул., 12",4504,469,"100,1",Карта,"657,74","557,64",Женский,05-03-1962,Учебники,Физика 8 класс,TRUE,"[59.946153, 30.342916]"
22:59:44,2024-07-02 00:00:00,"Невский пр., 30",4603,78,"108,46",Наличные,"578,79","470,33",Мужской,21-09-1955,Научная литература,Квантовая физика,TRUE,"[59.935543, 30.327349]"
09:23:23,2024-07-02 00:00:00,"Ул. Декабристов, 15",5111,56,"80,36",Карта,"523,33","442,97",Женский,12-09-1959,Путеводители,Мексика,TRUE,"[59.928154, 30.302429]"
23:29:01,2024-07-03 00:00:00,"Московский пр., 90",3594,28,"206,595",Карта,"688,65","482,055",Женский,30-11-1963,Художественная литература,Мастер и Маргарита,TRUE,"[59.924032, 30.317189]"
03:28:53,2024-07-03 00:00:00,"Гагаринская ул., 12",5418,390,"85,8",Карта,"1017,66","931,86",Женский,18-09-1975,Комиксы,Флэш,TRUE,"[59.946153, 30.342916]"
13:14:56,2024-07-03 00:00:00,"Невский пр., 30",5684,293,"48,66",Карта,"638,34","589,68",Женский,01-06-1993,Комиксы,Бэтмен,TRUE,"[59.935543, 30.327349]"
11:12:16,2024-07-03 00:00:00,"Гагаринская ул., 12",6447,395,"98,54",Карта,"555,29","456,75",Женский,18-05-2004,Научная литература,Экономика труда,TRUE,"[59.946153, 30.342916]"
09:47:59,2024-07-03 00:00:00,"Невский пр., 30",6489,195,"126,91",Наличные,"555,51","428,6",Женский,03-12-2004,Учебники,Алгебра 7 класс,TRUE,"[59.935543, 30.327349]"
03:16:18,2024-07-03 00:00:00,"Ул. Рубинштейна, 24",7218,10,"78,6",Наличные,"748,38","669,78",Женский,27-04-1998,Комиксы,Человек-Паук,TRUE,"[59.929700, 30.344695]"
18:54:34,2024-07-03 00:00:00,"Московский пр., 90",7752,241,"227,511",Наличные,"758,37","530,859",Женский,28-09-1979,Научная литература,Палеонтология,TRUE,"[59.924032, 30.317189]"
05:42:53,2024-07-03 00:00:00,"Гагаринская ул., 12",8355,298,"135,52",Наличные,"869,75","734,23",Женский,18-04-1969,Путеводители,Швейцария,TRUE,"[59.946153, 30.342916]"
16:06:20,2024-07-03 00:00:00,"Невский пр., 30",8873,9,"171,96",Онлайн,"573,2","401,24",Мужской,27-03-1970,Учебники,Физика 8 класс,TRUE,"[59.935543, 30.327349]"
06:24:44,2024-07-04 00:00:00,"Невский пр., 30",3524,214,"156,999",Карта,"523,33","366,331",Мужской,08-06-1978,Путеводители,Мексика,TRUE,"[59.935543, 30.327349]"
19:27:32,2024-07-04 00:00:00,"Ул. Рубинштейна, 24",6862,128,"136,38",Наличные,"689,78","553,4",Женский,28-11-1955,Научная литература,Философия науки,TRUE,"[59.929700, 30.344695]"
00:12:10,2024-07-04 00:00:00,"Московский пр., 90",7303,268,"132,64",Онлайн,"637,73","505,09",Мужской,24-06-1973,Учебники,Физика 8 класс,TRUE,"[59.924032, 30.317189]"
20:58:13,2024-07-04 00:00:00,"Гагаринская ул., 12",7917,18,"149,9",Наличные,"1349,07","1199,17",Женский,27-04-1959,Научная литература,Философия науки,TRUE,"[59.946153, 30.342916]"
03:44:22,2024-07-04 00:00:00,"Ул. Рубинштейна, 24",9271,186,"125,79",Карта,"788,8","663,01",Женский,07-07-1990,Путеводители,Турция,TRUE,"[59.929700, 30.344695]"
06:12:01,2024-07-04 00:00:00,"Невский пр., 30",9554,482,"33,29",Наличные,"665,8","632,51",Женский,29-08-1974,Путеводители,Турция,TRUE,"[59.935543, 30.327349]"
08:47:26,2024-07-04 00:00:00,"Московский пр., 90",850348,29,"94,02",Карта,"616,93","522,91",Женский,14-11-2004,Художественная литература,Обломов,TRUE,"[59.924032, 30.317189]"
14:05:10,2024-07-05 00:00:00,"Невский пр., 30",1035,370,"152,043",Наличные,"506,81","354,767",Мужской,30-08-1995,Научная литература,Микробиология,TRUE,"[59.935543, 30.327349]"
05:32:08,2024-07-05 00:00:00,"Ул. Рубинштейна, 24",1230,68,"203,07",Онлайн,"676,9","473,83",Женский,01-06-1979,Путеводители,Швейцария,TRUE,"[59.929700, 30.344695]"
02:08:56,2024-07-05 00:00:00,"Ул. Рубинштейна, 24",4532,197,"165,705",Онлайн,"552,35","386,645",Мужской,09-03-1957,Художественная литература,Обломов,TRUE,"[59.929700, 30.344695]"
04:54:39,2024-07-05 00:00:00,"Ул. Декабристов, 15",4753,468,"126,52",Онлайн,"540,71","414,19",Женский,24-04-1974,Научная литература,Экономика труда,TRUE,"[59.928154, 30.302429]"
08:15:37,2024-07-05 00:00:00,"Гагаринская ул., 12",5316,418,"353,358",Онлайн,"1177,86","824,502",Мужской,04-02-1965,Научная литература,Экономика труда,TRUE,"[59.946153, 30.342916]"
20:09:55,2024-07-05 00:00:00,"Ул. Рубинштейна, 24",6580,32,"213,96",Наличные,"713,2","499,24",Мужской,11-08-1975,Учебники,История России 10 класс,TRUE,"[59.929700, 30.344695]"
02:29:03,2024-07-05 00:00:00,"Невский пр., 30",7728,377,"287,16",Карта,"957,2","670,04",Мужской,28-11-1966,Комиксы,Доктор Стрэндж,TRUE,"[59.935543, 30.327349]"
01:58:51,2024-07-05 00:00:00,"Ул. Декабристов, 15",8030,167,"257,016",Онлайн,"856,72","599,704",Женский,13-02-1978,Комиксы,Супермен,TRUE,"[59.928154, 30.302429]"
05:54:49,2024-07-05 00:00:00,"Ул. Декабристов, 15",8729,156,"181,932",Карта,"606,44","424,508",Женский,25-11-2001,Путеводители,Италия,TRUE,"[59.928154, 30.302429]"
05:37:33,2024-07-05 00:00:00,"Ул. Рубинштейна, 24",9599,370,"66,84",Наличные,"1336,73","1269,89",Мужской,30-08-1995,Учебники,Химия 9 класс,TRUE,"[59.929700, 30.344695]"
19:48:37,2024-07-06 00:00:00,"Ул. Рубинштейна, 24",3983,299,"163,45",Карта,"958,04","794,59",Женский,19-02-1972,Путеводители,Индонезия,TRUE,"[59.929700, 30.344695]"
01:15:46,2024-07-06 00:00:00,"Невский пр., 30",3996,203,"240,924",Онлайн,"803,08","562,156",Мужской,23-04-1961,Путеводители,Италия,TRUE,"[59.935543, 30.327349]"
06:14:03,2024-07-06 00:00:00,"Гагаринская ул., 12",4191,225,"145,81",Онлайн,"704,28","558,47",Женский,25-01-1991,Художественная литература,Мастер и Маргарита,TRUE,"[59.946153, 30.342916]"
19:51:32,2024-07-06 00:00:00,"Московский пр., 90",4248,51,"85,86",Наличные,"768,2","682,34",Женский,03-11-1955,Художественная литература,Мастер и Маргарита,TRUE,"[59.924032, 30.317189]"
15:38:17,2024-07-06 00:00:00,"Невский пр., 30",4551,369,"126,87",Наличные,"750,64","623,77",Женский,21-03-2001,Художественная литература,Лолита,TRUE,"[59.935543, 30.327349]"
22:07:10,2024-07-06 00:00:00,"Ул. Декабристов, 15",4673,199,"200,589",Карта,"668,63","468,041",Мужской,09-06-1971,Художественная литература,Обломов,TRUE,"[59.928154, 30.302429]"
21:31:19,2024-07-06 00:00:00,"Московский пр., 90",4823,166,"183,897",Наличные,"612,99","429,093",Женский,31-10-1993,Комиксы,Доктор Стрэндж,TRUE,"[59.924032, 30.317189]"
11:04:13,2024-07-06 00:00:00,"Невский пр., 30",8105,224,"151,008",Наличные,"503,36","352,352",Женский,20-08-1979,Художественная литература,Преступление и наказание,TRUE,"[59.935543, 30.327349]"
03:50:07,2024-07-06 00:00:00,"Гагаринская ул., 12",8362,112,"183,087",Карта,"610,29","427,203",Мужской,04-06-1985,Художественная литература,Отцы и дети,TRUE,"[59.946153, 30.342916]"
02:58:51,2024-07-06 00:00:00,"Московский пр., 90",8638,410,"255,561",Онлайн,"851,87","596,309",Женский,11-11-1988,Комиксы,Флэш,TRUE,"[59.924032, 30.317189]"
00:05:07,2024-07-07 00:00:00,"Ул. Рубинштейна, 24",1428,439,"167,571",Онлайн,"558,57","390,999",Мужской,19-08-1959,Учебники,География 6 класс,TRUE,"[59.929700, 30.344695]"
16:17:25,2024-07-07 00:00:00,"Ул. Рубинштейна, 24",1719,165,"66,21",Наличные,"788,8","722,59",Женский,06-03-1971,Путеводители,Турция,TRUE,"[59.929700, 30.344695]"
12:20:13,2024-07-07 00:00:00,"Невский пр., 30",1824,270,"34,92",Онлайн,"633,54","598,62",Женский,30-05-1994,Учебники,Алгебра 7 класс,TRUE,"[59.935543, 30.327349]"
17:28:03,2024-07-07 00:00:00,"Невский пр., 30",2652,232,"175,785",Онлайн,"585,95","410,165",Мужской,16-05-1998,Научная литература,Экономика труда,TRUE,"[59.935543, 30.327349]"
02:30:49,2024-07-07 00:00:00,"Невский пр., 30",2960,390,"32,73",Карта,"654,66","621,93",Женский,18-09-1975,Научная литература,Микробиология,TRUE,"[59.935543, 30.327349]"
00:39:25,2024-07-07 00:00:00,"Гагаринская ул., 12",3302,103,"182,676",Онлайн,"608,92","426,244",Женский,09-04-1964,Учебники,География 6 класс,TRUE,"[59.946153, 30.342916]"
00:49:42,2024-07-07 00:00:00,"Ул. Рубинштейна, 24",3416,367,"285,27",Онлайн,"954,32","669,05",Мужской,15-09-1994,Путеводители,Швейцария,TRUE,"[59.929700, 30.344695]"
15:17:44,2024-07-07 00:00:00,"Невский пр., 30",4095,413,"215,16",Онлайн,"717,2","502,04",Женский,17-05-1994,Комиксы,Супермен,TRUE,"[59.935543, 30.327349]"
22:23:19,2024-07-07 00:00:00,"Гагаринская ул., 12",6040,361,"152,976",Наличные,"509,92","356,944",Мужской,15-06-1972,Художественная литература,Преступление и наказание,TRUE,"[59.946153, 30.342916]"
15:22:07,2024-07-07 00:00:00,"Ул. Рубинштейна, 24",6561,451,"40,95",Онлайн,"803,08","762,13",Женский,28-08-1960,Путеводители,Италия,TRUE,"[59.929700, 30.344695]"
07:33:49,2024-07-07 00:00:00,"Московский пр., 90",8302,244,"189,309",Онлайн,"631,03","441,721",Женский,18-05-1970,Путеводители,Турция,TRUE,"[59.924032, 30.317189]"
23:56:17,2024-07-07 00:00:00,"Ул. Рубинштейна, 24",8553,106,"236,067",Наличные,"786,89","550,823",Женский,02-08-1973,Художественная литература,Отцы и дети,TRUE,"[59.929700, 30.344695]"
00:12:30,2024-07-07 00:00:00,"Московский пр., 90",8832,46,"71,44",Наличные,"507,68","436,24",Женский,22-08-2000,Комиксы,Человек-Паук,TRUE,"[59.924032, 30.317189]"
06:21:49,2024-07-07 00:00:00,"Московский пр., 90",9369,469,"136,75",Карта,"763,41","626,66",Женский,05-03-1962,Научная литература,Квантовая физика,TRUE,"[59.924032, 30.317189]"
04:51:22,2024-07-07 00:00:00,"Московский пр., 90",9648,148,"134,26",Онлайн,"1278,7","1144,44",Мужской,29-06-1967,Художественная литература,Преступление и наказание,TRUE,"[59.924032, 30.317189]"
20:33:48,2024-07-07 00:00:00,"Московский пр., 90",9662,482,"175,002",Карта,"583,34","408,338",Женский,29-08-1974,Учебники,Химия 9 класс,TRUE,"[59.924032, 30.317189]"
02:19:40,2024-07-08 00:00:00,"Ул. Декабристов, 15",1803,9,"171,192",Наличные,"570,64","399,448",Мужской,27-03-1970,Учебники,Алгебра 7 класс,TRUE,"[59.928154, 30.302429]"
08:20:52,2024-07-08 00:00:00,"Ул. Декабристов, 15",2908,253,"173,646",Наличные,"578,82","405,174",Мужской,17-11-1957,Научная литература,Экономика труда,TRUE,"[59.928154, 30.302429]"
04:45:08,2024-07-08 00:00:00,"Ул. Рубинштейна, 24",3818,298,"46,24",Онлайн,"506,81","460,57",Женский,18-04-1969,Научная литература,Микробиология,TRUE,"[59.929700, 30.344695]"
13:14:35,2024-07-08 00:00:00,"Гагаринская ул., 12",4003,18,"257,277",Онлайн,"857,59","600,313",Женский,27-04-1959,Научная литература,Палеонтология,TRUE,"[59.946153, 30.342916]"
04:03:15,2024-07-08 00:00:00,"Ул. Декабристов, 15",5974,97,"204,714",Онлайн,"682,38","477,666",Мужской,01-09-1957,Комиксы,Человек-Паук,TRUE,"[59.928154, 30.302429]"
03:57:12,2024-07-08 00:00:00,"Московский пр., 90",6806,142,"53,56",Онлайн,"594,21","540,65",Мужской,09-11-1980,Учебники,Алгебра 7 класс,TRUE,"[59.924032, 30.317189]"
04:25:41,2024-07-08 00:00:00,"Ул. Декабристов, 15",7404,488,"70,78",Карта,"707,77","636,99",Женский,14-01-1997,Комиксы,Доктор Стрэндж,TRUE,"[59.928154, 30.302429]"
21:01:41,2024-07-08 00:00:00,"Невский пр., 30",7574,236,"169,548",Карта,"565,16","395,612",Мужской,12-09-1971,Учебники,Химия 9 класс,TRUE,"[59.935543, 30.327349]"
02:46:20,2024-07-08 00:00:00,"Ул. Рубинштейна, 24",7990,482,"167,307",Наличные,"557,69","390,383",Женский,29-08-1974,Учебники,Химия 9 класс,TRUE,"[59.929700, 30.344695]"
15:43:37,2024-07-08 00:00:00,"Ул. Рубинштейна, 24",9733,271,"169,548",Карта,"565,16","395,612",Мужской,03-10-1956,Учебники,Химия 9 класс,TRUE,"[59.929700, 30.344695]"
22:41:10,2024-07-09 00:00:00,"Невский пр., 30",1309,40,"151,008",Онлайн,"503,36","352,352",Мужской,08-07-1979,Художественная литература,Преступление и наказание,TRUE,"[59.935543, 30.327349]"
09:02:17,2024-07-09 00:00:00,"Московский пр., 90",1374,197,"105,4",Наличные,"547,85","442,45",Мужской,09-03-1957,Научная литература,Квантовая физика,TRUE,"[59.924032, 30.317189]"
20:25:01,2024-07-09 00:00:00,"Московский пр., 90",2162,349,"166,653",Онлайн,"555,51","388,857",Женский,07-05-1983,Учебники,Алгебра 7 класс,TRUE,"[59.924032, 30.317189]"
17:34:55,2024-07-09 00:00:00,"Московский пр., 90",3687,67,"109,54",Наличные,"844,3","734,76",Мужской,20-11-1959,Путеводители,Турция,TRUE,"[59.924032, 30.317189]"
14:06:10,2024-07-09 00:00:00,"Гагаринская ул., 12",3764,182,"107,96",Наличные,"538,09","430,13",Женский,21-08-1977,Научная литература,Микробиология,TRUE,"[59.946153, 30.342916]"
04:20:13,2024-07-09 00:00:00,"Московский пр., 90",3827,271,"266,27",Карта,"971,13","704,86",Мужской,03-10-1956,Путеводители,Италия,TRUE,"[59.924032, 30.317189]"
02:06:46,2024-07-09 00:00:00,"Московский пр., 90",4317,233,"149,93",Наличные,"594,21","444,28",Мужской,09-11-1992,Учебники,Алгебра 7 класс,TRUE,"[59.924032, 30.317189]"
03:42:57,2024-07-09 00:00:00,"Ул. Рубинштейна, 24",6647,5,"283,53",Наличные,"945,1","661,57",Мужской,30-03-1955,Комиксы,Человек-Паук,TRUE,"[59.929700, 30.344695]"
13:52:29,2024-07-09 00:00:00,"Московский пр., 90",7411,453,"34,34",Карта,"665,8","631,46",Женский,05-08-1986,Путеводители,Турция,TRUE,"[59.924032, 30.317189]"
23:08:46,2024-07-09 00:00:00,"Ул. Декабристов, 15",8406,485,"167,571",Карта,"558,57","390,999",Мужской,14-04-1993,Учебники,География 6 класс,TRUE,"[59.928154, 30.302429]"
13:16:44,2024-07-10 00:00:00,"Ул. Декабристов, 15",2103,298,"206,49",Карта,"851,87","645,38",Женский,18-04-1969,Комиксы,Флэш,TRUE,"[59.928154, 30.302429]"
03:02:20,2024-07-10 00:00:00,"Невский пр., 30",2983,451,"169,548",Наличные,"565,16","395,612",Женский,28-08-1960,Учебники,Химия 9 класс,TRUE,"[59.935543, 30.327349]"
07:46:24,2024-07-10 00:00:00,"Ул. Декабристов, 15",3276,62,"257,277",Наличные,"857,59","600,313",Мужской,01-06-1981,Научная литература,Палеонтология,TRUE,"[59.928154, 30.302429]"
07:32:44,2024-07-10 00:00:00,"Ул. Рубинштейна, 24",3378,224,"70,96",Карта,"562,48","491,52",Женский,20-08-1979,Путеводители,Италия,TRUE,"[59.929700, 30.344695]"
11:16:22,2024-07-10 00:00:00,"Невский пр., 30",3563,343,"65,92",Наличные,"621,96","556,04",Женский,15-05-1962,Художественная литература,Отцы и дети,TRUE,"[59.935543, 30.327349]"
07:46:16,2024-07-10 00:00:00,"Московский пр., 90",3961,354,"64,33",Карта,"980,26","915,93",Мужской,04-10-1989,Комиксы,Бэтмен,TRUE,"[59.924032, 30.317189]"
15:53:49,2024-07-10 00:00:00,"Гагаринская ул., 12",3971,306,"61,69",Карта,"616,93","555,24",Мужской,05-01-1961,Художественная литература,Обломов,TRUE,"[59.946153, 30.342916]"
05:15:21,2024-07-10 00:00:00,"Невский пр., 30",5116,103,"48,09",Онлайн,"943,09",895,Женский,09-04-1964,Учебники,Алгебра 7 класс,TRUE,"[59.935543, 30.327349]"
04:14:49,2024-07-10 00:00:00,"Невский пр., 30",6497,200,"165,414",Онлайн,"551,38","385,966",Женский,25-06-1977,Комиксы,Доктор Стрэндж,TRUE,"[59.935543, 30.327349]"
12:40:36,2024-07-10 00:00:00,"Ул. Декабристов, 15",7006,143,"153,099",Наличные,"510,33","357,231",Женский,12-06-2003,Художественная литература,Мастер и Маргарита,TRUE,"[59.928154, 30.302429]"
22:28:38,2024-07-10 00:00:00,"Невский пр., 30",8641,185,"159,87",Карта,"532,9","373,03",Женский,01-01-2006,Художественная литература,Преступление и наказание,TRUE,"[59.935543, 30.327349]"
16:59:32,2024-07-10 00:00:00,"Ул. Декабристов, 15",9656,321,"168,528",Карта,"561,76","393,232",Мужской,11-08-1982,Научная литература,Философия науки,TRUE,"[59.928154, 30.302429]"
16:16:40,2024-07-11 00:00:00,"Ул. Рубинштейна, 24",1783,260,"157,113",Наличные,"523,71","366,597",Мужской,28-06-1992,Учебники,География 6 класс,TRUE,"[59.929700, 30.344695]"
19:22:09,2024-07-11 00:00:00,"Ул. Декабристов, 15",1980,194,"153,099",Карта,"510,33","357,231",Мужской,02-09-1986,Художественная литература,Мастер и Маргарита,TRUE,"[59.928154, 30.302429]"
05:20:11,2024-07-11 00:00:00,"Ул. Декабристов, 15",3380,430,"130,62",Наличные,"547,85","417,23",Мужской,07-07-1980,Научная литература,Квантовая физика,TRUE,"[59.928154, 30.302429]"
02:43:50,2024-07-11 00:00:00,"Ул. Рубинштейна, 24",5762,377,"158,529",Онлайн,"528,43","369,901",Мужской,28-11-1966,Комиксы,Доктор Стрэндж,TRUE,"[59.929700, 30.344695]"
18:22:56,2024-07-11 00:00:00,"Ул. Декабристов, 15",6565,483,"183,468",Наличные,"611,56","428,092",Женский,28-03-1957,Комиксы,Супермен,TRUE,"[59.928154, 30.302429]"
16:34:17,2024-07-11 00:00:00,"Гагаринская ул., 12",8422,85,"51,91",Онлайн,"530,04","478,13",Женский,01-09-1961,Комиксы,Доктор Стрэндж,TRUE,"[59.946153, 30.342916]"
11:47:57,2024-07-11 00:00:00,"Гагаринская ул., 12",8471,356,"257,016",Наличные,"856,72","599,704",Женский,10-02-2005,Комиксы,Супермен,TRUE,"[59.946153, 30.342916]"
20:10:56,2024-07-11 00:00:00,"Гагаринская ул., 12",9075,248,"170,649",Наличные,"568,83","398,181",Женский,02-10-1964,Художественная литература,Отцы и дети,TRUE,"[59.946153, 30.342916]"
05:23:00,2024-07-11 00:00:00,"Московский пр., 90",9325,62,"103,59",Онлайн,"657,74","554,15",Мужской,01-06-1981,Учебники,Физика 8 класс,TRUE,"[59.924032, 30.317189]"
04:08:38,2024-07-11 00:00:00,"Невский пр., 30",9389,99,"174,969",Наличные,"583,23","408,261",Женский,17-03-1976,Научная литература,Микробиология,TRUE,"[59.935543, 30.327349]"
20:13:09,2024-07-12 00:00:00,"Ул. Рубинштейна, 24",2561,188,"159,87",Карта,"532,9","373,03",Мужской,02-07-1968,Художественная литература,Преступление и наказание,TRUE,"[59.929700, 30.344695]"
18:14:26,2024-07-12 00:00:00,"Московский пр., 90",3392,289,"188,553",Карта,"628,51","439,957",Женский,24-03-1955,Путеводители,Индонезия,TRUE,"[59.924032, 30.317189]"
10:32:55,2024-07-12 00:00:00,"Московский пр., 90",5368,206,"51,67",Наличные,"1017,66","965,99",Женский,16-04-1994,Комиксы,Флэш,TRUE,"[59.924032, 30.317189]"
03:25:10,2024-07-12 00:00:00,"Невский пр., 30",6090,146,"203,289",Онлайн,"677,63","474,341",Женский,13-04-1957,Научная литература,Квантовая физика,TRUE,"[59.935543, 30.327349]"
00:05:59,2024-07-12 00:00:00,"Гагаринская ул., 12",7393,361,"152,304",Карта,"507,68","355,376",Мужской,15-06-1972,Комиксы,Человек-Паук,TRUE,"[59.946153, 30.342916]"
02:58:16,2024-07-12 00:00:00,"Невский пр., 30",7441,430,"149,55",Наличные,"621,96","472,41",Мужской,07-07-1980,Художественная литература,Отцы и дети,TRUE,"[59.935543, 30.327349]"
00:20:18,2024-07-12 00:00:00,"Ул. Рубинштейна, 24",7924,210,"242,772",Онлайн,"809,24","566,468",Мужской,29-11-1957,Путеводители,Турция,TRUE,"[59.929700, 30.344695]"
22:08:55,2024-07-12 00:00:00,"Московский пр., 90",8841,345,"86,1",Онлайн,"568,5","482,4",Женский,17-02-2004,Путеводители,Индонезия,TRUE,"[59.924032, 30.317189]"
07:07:20,2024-07-12 00:00:00,"Ул. Рубинштейна, 24",9216,243,"105,1",Наличные,"618,91","513,81",Женский,12-10-1997,Научная литература,Философия науки,TRUE,"[59.929700, 30.344695]"
03:28:21,2024-07-12 00:00:00,"Ул. Рубинштейна, 24",9308,421,"224,28",Карта,"749,94","525,66",Женский,04-03-1986,Учебники,Химия 9 класс,TRUE,"[59.929700, 30.344695]"
07:38:24,2024-07-12 00:00:00,"Ул. Декабристов, 15",9457,432,"113,81",Онлайн,"576,4","462,59",Женский,11-11-2004,Учебники,История России 10 класс,TRUE,"[59.928154, 30.302429]"
14:05:35,2024-07-12 00:00:00,"Невский пр., 30",9924,199,"205,17",Онлайн,"684,58","479,41",Мужской,09-06-1971,Научная литература,Палеонтология,TRUE,"[59.935543, 30.327349]"
08:50:27,2024-07-13 00:00:00,"Гагаринская ул., 12",1813,353,"158,66",Карта,"528,88","370,22",Мужской,04-05-1990,Комиксы,Человек-Паук,TRUE,"[59.946153, 30.342916]"
17:20:46,2024-07-13 00:00:00,"Гагаринская ул., 12",3825,272,"171,96",Наличные,"573,2","401,24",Женский,15-08-1957,Учебники,Физика 8 класс,TRUE,"[59.946153, 30.342916]"
03:55:29,2024-07-13 00:00:00,"Ул. Декабристов, 15",4824,220,"220,746",Наличные,"735,82","515,074",Мужской,11-09-1984,Художественная литература,Преступление и наказание,TRUE,"[59.928154, 30.302429]"
22:06:19,2024-07-13 00:00:00,"Невский пр., 30",4896,365,"125,6",Карта,"668,24","542,64",Женский,03-01-1997,Путеводители,Италия,TRUE,"[59.935543, 30.327349]"
17:42:17,2024-07-13 00:00:00,"Невский пр., 30",5023,8,"206,31",Онлайн,"699,97","493,66",Женский,30-08-1982,Научная литература,Квантовая физика,TRUE,"[59.935543, 30.327349]"
18:44:11,2024-07-13 00:00:00,"Ул. Рубинштейна, 24",5634,183,"105,43",Наличные,"651,32","545,89",Мужской,03-03-1957,Художественная литература,Лолита,TRUE,"[59.929700, 30.344695]"
11:00:55,2024-07-13 00:00:00,"Ул. Рубинштейна, 24",6630,456,"155,394",Наличные,"517,98","362,586",Женский,13-05-1991,Художественная литература,Мастер и Маргарита,TRUE,"[59.929700, 30.344695]"
12:10:58,2024-07-13 00:00:00,"Московский пр., 90",7092,185,"139,52",Онлайн,"506,72","367,2",Женский,01-01-2006,Художественная литература,Преступление и наказание,TRUE,"[59.924032, 30.317189]"
22:15:27,2024-07-13 00:00:00,"Гагаринская ул., 12",7126,276,"155,145",Карта,"517,15","362,005",Мужской,12-07-1980,Учебники,Химия 9 класс,TRUE,"[59.946153, 30.342916]"
11:58:55,2024-07-13 00:00:00,"Невский пр., 30",7403,487,"164,355",Наличные,"547,85","383,495",Женский,20-07-1997,Научная литература,Квантовая физика,TRUE,"[59.935543, 30.327349]"
19:34:27,2024-07-13 00:00:00,"Гагаринская ул., 12",8038,10,"158,664",Карта,"528,88","370,216",Женский,27-04-1998,Комиксы,Человек-Паук,TRUE,"[59.946153, 30.342916]"
03:02:38,2024-07-14 00:00:00,"Московский пр., 90",2335,367,"205,374",Наличные,"684,58","479,206",Мужской,15-09-1994,Научная литература,Палеонтология,TRUE,"[59.924032, 30.317189]"
15:43:21,2024-07-14 00:00:00,"Ул. Декабристов, 15",2413,389,"211,503",Онлайн,"705,01","493,507",Мужской,13-02-1984,Учебники,География 6 класс,TRUE,"[59.928154, 30.302429]"
18:33:09,2024-07-14 00:00:00,"Ул. Декабристов, 15",4438,460,"89,67",Онлайн,"513,01","423,34",Мужской,23-11-1981,Художественная литература,Мастер и Маргарита,TRUE,"[59.928154, 30.302429]"
03:16:36,2024-07-14 00:00:00,"Невский пр., 30",4943,476,"143,04",Наличные,"670,07","527,03",Женский,04-02-1973,Научная литература,Палеонтология,TRUE,"[59.935543, 30.327349]"
04:58:46,2024-07-14 00:00:00,"Московский пр., 90",6456,253,"173,502",Карта,"578,34","404,838",Мужской,17-11-1957,Путеводители,Мексика,TRUE,"[59.924032, 30.317189]"
01:22:16,2024-07-14 00:00:00,"Ул. Рубинштейна, 24",6825,299,"305,298",Онлайн,"1017,66","712,362",Женский,19-02-1972,Комиксы,Флэш,TRUE,"[59.929700, 30.344695]"
17:38:17,2024-07-14 00:00:00,"Московский пр., 90",6854,458,"240,129",Карта,"800,43","560,301",Женский,01-10-1977,Путеводители,Мексика,TRUE,"[59.924032, 30.317189]"
18:32:45,2024-07-14 00:00:00,"Ул. Рубинштейна, 24",7029,78,"170,295",Онлайн,"567,65","397,355",Мужской,21-09-1955,Путеводители,Турция,TRUE,"[59.929700, 30.344695]"
01:11:39,2024-07-14 00:00:00,"Гагаринская ул., 12",7641,470,"127,2",Карта,"734,96","607,76",Мужской,24-12-2004,Комиксы,Человек-Паук,TRUE,"[59.946153, 30.342916]"
12:04:01,2024-07-14 00:00:00,"Гагаринская ул., 12",9346,7,"240,129",Карта,"800,43","560,301",Мужской,31-12-1959,Путеводители,Мексика,TRUE,"[59.946153, 30.342916]"
12:43:22,2024-07-14 00:00:00,"Ул. Рубинштейна, 24",9430,285,"181,932",Карта,"606,44","424,508",Женский,28-10-1986,Путеводители,Италия,TRUE,"[59.929700, 30.344695]"
02:01:51,2024-07-14 00:00:00,"Московский пр., 90",9935,281,"236,64",Онлайн,"788,8","552,16",Мужской,26-01-1982,Путеводители,Турция,TRUE,"[59.924032, 30.317189]"
16:33:24,2024-07-15 00:00:00,"Московский пр., 90",2324,489,"143,11",Карта,"620,05","476,94",Женский,21-10-1974,Научная литература,Микробиология,TRUE,"[59.924032, 30.317189]"
06:47:07,2024-07-15 00:00:00,"Гагаринская ул., 12",2758,46,"155,145",Наличные,"517,15","362,005",Женский,22-08-2000,Учебники,Химия 9 класс,TRUE,"[59.946153, 30.342916]"
10:44:42,2024-07-15 00:00:00,"Гагаринская ул., 12",2804,473,"134,4",Наличные,"826,91","692,51",Мужской,23-09-1954,Учебники,Физика 8 класс,TRUE,"[59.946153, 30.342916]"
07:23:36,2024-07-15 00:00:00,"Ул. Декабристов, 15",5443,325,"401,019",Карта,"1336,73","935,711",Мужской,31-01-1982,Учебники,Химия 9 класс,TRUE,"[59.928154, 30.302429]"
01:18:02,2024-07-15 00:00:00,"Гагаринская ул., 12",5652,218,"204,44",Наличные,"707,77","503,33",Женский,06-05-1969,Комиксы,Доктор Стрэндж,TRUE,"[59.946153, 30.342916]"
00:48:03,2024-07-15 00:00:00,"Гагаринская ул., 12",6696,47,"177,49",Карта,"785,78","608,29",Женский,03-08-1977,Путеводители,Мексика,TRUE,"[59.946153, 30.342916]"
13:50:15,2024-07-15 00:00:00,"Ул. Рубинштейна, 24",8309,79,"98,04",Онлайн,"592,13","494,09",Женский,21-03-2005,Комиксы,Доктор Стрэндж,TRUE,"[59.929700, 30.344695]"
20:17:19,2024-07-15 00:00:00,"Гагаринская ул., 12",8806,56,"84,87",Наличные,"541,78","456,91",Женский,12-09-1959,Путеводители,Мексика,TRUE,"[59.946153, 30.342916]"
20:18:42,2024-07-15 00:00:00,"Невский пр., 30",9559,306,"41,87",Карта,"665,8","623,93",Мужской,05-01-1961,Путеводители,Турция,TRUE,"[59.935543, 30.327349]"
09:46:53,2024-07-16 00:00:00,"Ул. Декабристов, 15",2004,443,"148,23",Карта,"505,44","357,21",Мужской,26-07-1985,Научная литература,Философия науки,TRUE,"[59.928154, 30.302429]"
19:00:28,2024-07-16 00:00:00,"Московский пр., 90",2239,451,"240,195",Онлайн,"800,65","560,455",Женский,28-08-1960,Учебники,История России 10 класс,TRUE,"[59.924032, 30.317189]"
06:00:24,2024-07-16 00:00:00,"Невский пр., 30",2272,433,"186,588",Онлайн,"621,96","435,372",Мужской,12-11-1992,Художественная литература,Отцы и дети,TRUE,"[59.935543, 30.327349]"
07:21:47,2024-07-16 00:00:00,"Московский пр., 90",3477,333,"175,758",Карта,"585,86","410,102",Женский,18-04-1988,Художественная литература,Лолита,TRUE,"[59.924032, 30.317189]"
00:06:31,2024-07-16 00:00:00,"Ул. Декабристов, 15",4683,220,"155,457",Наличные,"518,19","362,733",Мужской,11-09-1984,Путеводители,Италия,TRUE,"[59.928154, 30.302429]"
05:10:33,2024-07-16 00:00:00,"Ул. Декабристов, 15",5982,101,"130,26",Карта,"651,32","521,06",Мужской,24-08-1958,Художественная литература,Лолита,TRUE,"[59.928154, 30.302429]"
01:38:17,2024-07-16 00:00:00,"Ул. Рубинштейна, 24",6066,199,"240,129",Наличные,"800,43","560,301",Мужской,09-06-1971,Путеводители,Мексика,TRUE,"[59.929700, 30.344695]"
03:39:06,2024-07-16 00:00:00,"Гагаринская ул., 12",6536,468,"155,145",Карта,"517,15","362,005",Женский,24-04-1974,Учебники,Химия 9 класс,TRUE,"[59.946153, 30.342916]"
16:17:14,2024-07-16 00:00:00,"Гагаринская ул., 12",7481,66,"307,31",Наличные,"1336,73","1029,42",Женский,28-03-1961,Учебники,Химия 9 класс,TRUE,"[59.946153, 30.342916]"
08:39:57,2024-07-16 00:00:00,"Невский пр., 30",7540,3,"101,92",Онлайн,"647,16","545,24",Женский,21-11-1982,Учебники,История России 10 класс,TRUE,"[59.935543, 30.327349]"
00:33:14,2024-07-16 00:00:00,"Ул. Декабристов, 15",8212,432,"153,24",Наличные,"745,32","592,08",Женский,11-11-2004,Путеводители,Италия,TRUE,"[59.928154, 30.302429]"
11:31:11,2024-07-16 00:00:00,"Гагаринская ул., 12",8692,119,"183,468",Онлайн,"611,56","428,092",Женский,13-07-1973,Комиксы,Супермен,TRUE,"[59.946153, 30.342916]"
21:52:34,2024-07-17 00:00:00,"Ул. Декабристов, 15",1033,454,"185,988",Онлайн,"619,96","433,972",Женский,30-01-1961,Комиксы,Бэтмен,TRUE,"[59.928154, 30.302429]"
22:56:30,2024-07-17 00:00:00,"Ул. Декабристов, 15",1692,354,"242,772",Онлайн,"809,24","566,468",Мужской,04-10-1989,Путеводители,Турция,TRUE,"[59.928154, 30.302429]"
08:23:34,2024-07-17 00:00:00,"Невский пр., 30",2141,129,"143,35",Онлайн,"687,22","543,87",Мужской,25-08-2006,Художественная литература,Лолита,TRUE,"[59.935543, 30.327349]"
18:19:45,2024-07-17 00:00:00,"Московский пр., 90",2211,157,"235,734",Онлайн,"785,78","550,046",Мужской,11-04-1956,Путеводители,Мексика,TRUE,"[59.924032, 30.317189]"
05:34:09,2024-07-17 00:00:00,"Невский пр., 30",7671,313,"161,427",Наличные,"538,09","376,663",Женский,11-09-2001,Научная литература,Микробиология,TRUE,"[59.935543, 30.327349]"
18:25:17,2024-07-17 00:00:00,"Ул. Декабристов, 15",8745,442,"182,421",Наличные,"608,07","425,649",Женский,04-03-1967,Путеводители,Швейцария,TRUE,"[59.928154, 30.302429]"
12:09:15,2024-07-18 00:00:00,"Невский пр., 30",3715,171,"223,485",Онлайн,"744,95","521,465",Мужской,24-04-1985,Путеводители,Италия,TRUE,"[59.935543, 30.327349]"
23:38:13,2024-07-18 00:00:00,"Гагаринская ул., 12",4351,481,"190,83",Онлайн,"768,2","577,37",Женский,25-02-1988,Художественная литература,Мастер и Маргарита,TRUE,"[59.946153, 30.342916]"
00:59:01,2024-07-18 00:00:00,"Московский пр., 90",4990,148,"162,981",Карта,"543,27","380,289",Мужской,29-06-1967,Путеводители,Индонезия,TRUE,"[59.924032, 30.317189]"
09:34:39,2024-07-18 00:00:00,"Ул. Рубинштейна, 24",5081,272,"196,137",Карта,"653,79","457,653",Женский,15-08-1957,Комиксы,Флэш,TRUE,"[59.929700, 30.344695]"
12:44:53,2024-07-18 00:00:00,"Гагаринская ул., 12",5193,334,"94,95",Онлайн,"518,09","423,14",Мужской,08-06-1961,Научная литература,Микробиология,TRUE,"[59.946153, 30.342916]"
01:18:05,2024-07-18 00:00:00,"Ул. Рубинштейна, 24",5649,427,"157,75",Наличные,"788,75",631,Женский,28-12-1965,Художественная литература,Отцы и дети,TRUE,"[59.929700, 30.344695]"
16:56:25,2024-07-18 00:00:00,"Невский пр., 30",5911,308,"253,29",Наличные,"844,3","591,01",Мужской,01-04-1972,Путеводители,Турция,TRUE,"[59.935543, 30.327349]"
00:36:19,2024-07-18 00:00:00,"Ул. Рубинштейна, 24",6173,260,"157,34",Карта,"528,43","371,09",Мужской,28-06-1992,Комиксы,Доктор Стрэндж,TRUE,"[59.929700, 30.344695]"
20:58:52,2024-07-18 00:00:00,"Ул. Декабристов, 15",7175,111,"242,772",Онлайн,"809,24","566,468",Мужской,06-08-1975,Путеводители,Турция,TRUE,"[59.928154, 30.302429]"
19:58:50,2024-07-18 00:00:00,"Ул. Декабристов, 15",8407,482,"164,226",Карта,"547,42","383,194",Женский,29-08-1974,Путеводители,Турция,TRUE,"[59.928154, 30.302429]"
21:16:28,2024-07-18 00:00:00,"Гагаринская ул., 12",8465,255,"111,29",Онлайн,"518,09","406,8",Женский,21-06-2004,Научная литература,Микробиология,TRUE,"[59.946153, 30.342916]"
11:54:51,2024-07-18 00:00:00,"Ул. Декабристов, 15",8546,214,"167,379",Карта,"557,93","390,551",Мужской,08-06-1978,Комиксы,Бэтмен,TRUE,"[59.928154, 30.302429]"
17:30:08,2024-07-18 00:00:00,"Невский пр., 30",8599,224,"216,59",Онлайн,"869,75","653,16",Женский,20-08-1979,Путеводители,Швейцария,TRUE,"[59.935543, 30.327349]"
01:09:12,2024-07-18 00:00:00,"Ул. Рубинштейна, 24",9227,142,"167,235",Наличные,"557,45","390,215",Мужской,09-11-1980,Учебники,Физика 8 класс,TRUE,"[59.929700, 30.344695]"
02:39:28,2024-07-19 00:00:00,"Гагаринская ул., 12",1464,492,"113,85",Онлайн,"866,19","752,34",Женский,17-06-1997,Научная литература,Палеонтология,TRUE,"[59.946153, 30.342916]"
00:20:13,2024-07-19 00:00:00,"Ул. Декабристов, 15",1537,31,"162,588",Карта,"541,96","379,372",Женский,19-07-1959,Комиксы,Бэтмен,TRUE,"[59.928154, 30.302429]"
15:01:08,2024-07-19 00:00:00,"Московский пр., 90",1591,128,"64,25",Наличные,"642,55","578,3",Женский,28-11-1955,Художественная литература,Лолита,TRUE,"[59.924032, 30.317189]"
04:44:29,2024-07-19 00:00:00,"Невский пр., 30",4205,451,"67,49",Онлайн,"551,38","483,89",Женский,28-08-1960,Комиксы,Доктор Стрэндж,TRUE,"[59.935543, 30.327349]"
13:27:44,2024-07-19 00:00:00,"Невский пр., 30",4665,274,"210,273",Онлайн,"700,91","490,637",Мужской,22-10-1958,Научная литература,Квантовая физика,TRUE,"[59.935543, 30.327349]"
12:23:02,2024-07-19 00:00:00,"Ул. Декабристов, 15",5315,103,"161,061",Наличные,"536,87","375,809",Женский,09-04-1964,Путеводители,Турция,TRUE,"[59.928154, 30.302429]"
07:05:27,2024-07-19 00:00:00,"Ул. Декабристов, 15",7727,218,"162,429",Наличные,"541,43","379,001",Женский,06-05-1969,Художественная литература,Обломов,TRUE,"[59.928154, 30.302429]"
22:27:51,2024-07-20 00:00:00,"Невский пр., 30",1255,349,"59,42",Наличные,"594,21","534,79",Женский,07-05-1983,Учебники,Алгебра 7 класс,TRUE,"[59.935543, 30.327349]"
14:51:08,2024-07-20 00:00:00,"Ул. Декабристов, 15",1617,30,"106,41",Онлайн,"585,95","479,54",Мужской,08-10-1984,Научная литература,Экономика труда,TRUE,"[59.928154, 30.302429]"
08:17:39,2024-07-20 00:00:00,"Ул. Рубинштейна, 24",1809,164,"234,59",Карта,"955,05","720,46",Женский,09-11-1957,Комиксы,Флэш,TRUE,"[59.929700, 30.344695]"
00:46:48,2024-07-20 00:00:00,"Ул. Декабристов, 15",2820,153,"107,08",Онлайн,"809,24","702,16",Мужской,21-12-1999,Путеводители,Турция,TRUE,"[59.928154, 30.302429]"
03:36:19,2024-07-20 00:00:00,"Ул. Декабристов, 15",4810,362,"178,263",Карта,"594,21","415,947",Мужской,15-12-1999,Учебники,Алгебра 7 класс,TRUE,"[59.928154, 30.302429]"
19:10:30,2024-07-20 00:00:00,"Ул. Рубинштейна, 24",6550,1,"124,86",Наличные,"619,96","495,1",Женский,12-02-2003,Комиксы,Бэтмен,TRUE,"[59.929700, 30.344695]"
11:58:40,2024-07-20 00:00:00,"Московский пр., 90",8106,299,"62,24",Наличные,"586,97","524,73",Женский,19-02-1972,Научная литература,Палеонтология,TRUE,"[59.924032, 30.317189]"
00:44:44,2024-07-20 00:00:00,"Ул. Рубинштейна, 24",8175,295,"134,33",Онлайн,"785,78","651,45",Женский,24-05-2000,Путеводители,Мексика,TRUE,"[59.929700, 30.344695]"
23:26:18,2024-07-21 00:00:00,"Московский пр., 90",1585,363,"164,403",Карта,"548,01","383,607",Женский,19-11-1998,Учебники,Алгебра 7 класс,TRUE,"[59.924032, 30.317189]"
05:16:28,2024-07-21 00:00:00,"Ул. Декабристов, 15",2742,146,"200,472",Карта,"668,24","467,768",Женский,13-04-1957,Путеводители,Италия,TRUE,"[59.928154, 30.302429]"
09:23:11,2024-07-21 00:00:00,"Невский пр., 30",2756,246,"178,263",Карта,"594,21","415,947",Мужской,27-12-1971,Учебники,Алгебра 7 класс,TRUE,"[59.935543, 30.327349]"
19:22:43,2024-07-21 00:00:00,"Ул. Рубинштейна, 24",4134,21,"187,82",Онлайн,"788,8","600,98",Мужской,23-12-1958,Путеводители,Турция,TRUE,"[59.929700, 30.344695]"
10:15:05,2024-07-21 00:00:00,"Ул. Рубинштейна, 24",7277,272,"55,13",Онлайн,"532,9","477,77",Женский,15-08-1957,Художественная литература,Преступление и наказание,TRUE,"[59.929700, 30.344695]"
03:26:33,2024-07-21 00:00:00,"Невский пр., 30",7881,416,"92,45",Онлайн,"538,09","445,64",Мужской,09-12-1965,Научная литература,Микробиология,TRUE,"[59.935543, 30.327349]"
21:58:16,2024-07-21 00:00:00,"Невский пр., 30",8254,72,"313,083",Карта,"1043,61","730,527",Мужской,04-10-1977,Комиксы,Флэш,TRUE,"[59.935543, 30.327349]"
20:19:56,2024-07-21 00:00:00,"Невский пр., 30",9200,370,"181,932",Онлайн,"606,44","424,508",Мужской,30-08-1995,Путеводители,Италия,TRUE,"[59.935543, 30.327349]"
12:16:28,2024-07-21 00:00:00,"Невский пр., 30",9298,76,"172,812",Онлайн,"576,04","403,228",Женский,19-01-1958,Художественная литература,Обломов,TRUE,"[59.935543, 30.327349]"
15:28:47,2024-07-21 00:00:00,"Московский пр., 90",9956,185,"99,05",Карта,"572,42","473,37",Женский,01-01-2006,Художественная литература,Отцы и дети,TRUE,"[59.924032, 30.317189]"
08:33:07,2024-07-22 00:00:00,"Ул. Рубинштейна, 24",1017,397,"158,62",Карта,"992,29","833,67",Женский,30-01-1958,Художественная литература,Обломов,TRUE,"[59.929700, 30.344695]"
00:32:15,2024-07-22 00:00:00,"Ул. Декабристов, 15",4143,17,"199,857",Онлайн,"666,19","466,333",Мужской,27-12-1962,Научная литература,Экономика труда,TRUE,"[59.928154, 30.302429]"
22:34:57,2024-07-22 00:00:00,"Московский пр., 90",4606,129,"155,457",Онлайн,"518,19","362,733",Мужской,25-08-2006,Путеводители,Италия,TRUE,"[59.924032, 30.317189]"
06:00:13,2024-07-22 00:00:00,"Ул. Декабристов, 15",4650,57,"181,932",Карта,"606,44","424,508",Женский,17-04-1980,Путеводители,Италия,TRUE,"[59.928154, 30.302429]"
06:58:02,2024-07-22 00:00:00,"Ул. Декабристов, 15",5041,76,"189,153",Наличные,"630,51","441,357",Женский,19-01-1958,Путеводители,Швейцария,TRUE,"[59.928154, 30.302429]"
07:14:20,2024-07-22 00:00:00,"Московский пр., 90",6270,215,"166,671",Наличные,"555,57","388,899",Мужской,07-10-1974,Путеводители,Мексика,TRUE,"[59.924032, 30.317189]"
15:18:27,2024-07-22 00:00:00,"Невский пр., 30",8675,281,"209,991",Карта,"699,97","489,979",Мужской,26-01-1982,Научная литература,Квантовая физика,TRUE,"[59.935543, 30.327349]"
17:02:31,2024-07-22 00:00:00,"Невский пр., 30",9560,210,"214,419",Онлайн,"714,73","500,311",Мужской,29-11-1957,Учебники,История России 10 класс,TRUE,"[59.935543, 30.327349]"
03:07:10,2024-07-23 00:00:00,"Невский пр., 30",1593,419,"213,57",Карта,"711,9","498,33",Женский,10-07-1994,Научная литература,Палеонтология,TRUE,"[59.935543, 30.327349]"
17:34:21,2024-07-23 00:00:00,"Ул. Декабристов, 15",3446,232,"168,375",Наличные,"561,25","392,875",Мужской,16-05-1998,Научная литература,Философия науки,TRUE,"[59.928154, 30.302429]"
07:40:31,2024-07-23 00:00:00,"Гагаринская ул., 12",5573,414,"169,548",Наличные,"565,16","395,612",Мужской,22-04-1973,Учебники,Химия 9 класс,TRUE,"[59.946153, 30.342916]"
13:16:27,2024-07-23 00:00:00,"Ул. Декабристов, 15",5631,354,"182,325",Карта,"607,75","425,425",Мужской,04-10-1989,Комиксы,Человек-Паук,TRUE,"[59.928154, 30.302429]"
00:16:08,2024-07-23 00:00:00,"Ул. Декабристов, 15",6047,79,"156,21",Наличные,"520,7","364,49",Женский,21-03-2005,Научная литература,Квантовая физика,TRUE,"[59.928154, 30.302429]"
00:57:33,2024-07-23 00:00:00,"Ул. Декабристов, 15",6682,323,"161,61",Карта,"630,51","468,9",Мужской,16-09-1977,Путеводители,Швейцария,TRUE,"[59.928154, 30.302429]"
14:40:41,2024-07-23 00:00:00,"Ул. Рубинштейна, 24",6820,418,"89,4",Наличные,"596,02","506,62",Мужской,04-02-1965,Учебники,Алгебра 7 класс,TRUE,"[59.929700, 30.344695]"
15:25:33,2024-07-23 00:00:00,"Гагаринская ул., 12",8667,124,"59,26",Наличные,"576,04","516,78",Мужской,28-12-2003,Художественная литература,Обломов,TRUE,"[59.946153, 30.342916]"
15:49:32,2024-07-24 00:00:00,"Гагаринская ул., 12",1696,204,"178,47",Карта,"900,53","722,06",Мужской,30-01-1976,Комиксы,Бэтмен,TRUE,"[59.946153, 30.342916]"
22:47:00,2024-07-24 00:00:00,"Гагаринская ул., 12",2341,115,"114,48",Наличные,"569,4","454,92",Мужской,10-05-1968,Учебники,Физика 8 класс,TRUE,"[59.946153, 30.342916]"
04:54:32,2024-07-24 00:00:00,"Ул. Рубинштейна, 24",2605,430,"154,52",Наличные,"768,26","613,74",Мужской,07-07-1980,Научная литература,Квантовая физика,TRUE,"[59.929700, 30.344695]"
20:20:23,2024-07-24 00:00:00,"Ул. Декабристов, 15",4066,215,"52,59",Карта,"701,75","649,16",Мужской,07-10-1974,Научная литература,Палеонтология,TRUE,"[59.928154, 30.302429]"
03:13:11,2024-07-24 00:00:00,"Ул. Декабристов, 15",4339,254,"59,9",Наличные,"647,16","587,26",Мужской,09-05-1975,Учебники,История России 10 класс,TRUE,"[59.928154, 30.302429]"
22:01:04,2024-07-24 00:00:00,"Московский пр., 90",5040,43,"152,043",Карта,"506,81","354,767",Женский,14-10-1965,Научная литература,Микробиология,TRUE,"[59.924032, 30.317189]"
06:20:34,2024-07-24 00:00:00,"Ул. Декабристов, 15",6815,228,"199,74",Карта,"665,8","466,06",Мужской,03-02-1967,Путеводители,Турция,TRUE,"[59.928154, 30.302429]"
21:21:06,2024-07-24 00:00:00,"Ул. Декабристов, 15",9580,235,"320,68",Наличные,"1354,07","1033,39",Мужской,23-02-2004,Комиксы,Человек-Паук,TRUE,"[59.928154, 30.302429]"
12:06:09,2024-07-25 00:00:00,"Гагаринская ул., 12",2870,443,"156,21",Наличные,"520,7","364,49",Мужской,26-07-1985,Научная литература,Квантовая физика,TRUE,"[59.946153, 30.342916]"
00:53:08,2024-07-25 00:00:00,"Ул. Декабристов, 15",3746,445,"164,226",Карта,"547,42","383,194",Мужской,17-04-1956,Путеводители,Турция,TRUE,"[59.928154, 30.302429]"
08:32:15,2024-07-25 00:00:00,"Ул. Декабристов, 15",4337,188,"134,19",Наличные,"887,52","753,33",Мужской,02-07-1968,Учебники,География 6 класс,TRUE,"[59.928154, 30.302429]"
16:17:39,2024-07-25 00:00:00,"Ул. Декабристов, 15",4435,180,"151,632",Карта,"505,44","353,808",Женский,29-11-1978,Научная литература,Философия науки,TRUE,"[59.928154, 30.302429]"
19:38:00,2024-07-25 00:00:00,"Московский пр., 90",4513,148,"153,528",Онлайн,"511,76","358,232",Мужской,29-06-1967,Художественная литература,Преступление и наказание,TRUE,"[59.924032, 30.317189]"
13:43:09,2024-07-25 00:00:00,"Московский пр., 90",5357,483,"213,57",Карта,"711,9","498,33",Женский,28-03-1957,Научная литература,Палеонтология,TRUE,"[59.924032, 30.317189]"
15:26:47,2024-07-25 00:00:00,"Московский пр., 90",7073,397,"188,553",Онлайн,"628,51","439,957",Женский,30-01-1958,Путеводители,Индонезия,TRUE,"[59.924032, 30.317189]"
14:57:52,2024-07-26 00:00:00,"Московский пр., 90",1997,232,"92,39",Онлайн,"517,15","424,76",Мужской,16-05-1998,Учебники,Химия 9 класс,TRUE,"[59.924032, 30.317189]"
07:58:47,2024-07-26 00:00:00,"Невский пр., 30",2685,430,"227,511",Карта,"758,37","530,859",Мужской,07-07-1980,Научная литература,Палеонтология,TRUE,"[59.935543, 30.327349]"
05:19:20,2024-07-26 00:00:00,"Московский пр., 90",4058,17,"181,932",Онлайн,"606,44","424,508",Мужской,27-12-1962,Путеводители,Италия,TRUE,"[59.924032, 30.317189]"
23:47:00,2024-07-26 00:00:00,"Невский пр., 30",4977,249,"112,98",Наличные,"607,75","494,77",Мужской,13-07-1962,Комиксы,Человек-Паук,TRUE,"[59.935543, 30.327349]"
22:48:29,2024-07-26 00:00:00,"Ул. Рубинштейна, 24",5395,403,"189,153",Онлайн,"630,51","441,357",Мужской,31-12-1984,Путеводители,Швейцария,TRUE,"[59.929700, 30.344695]"
18:20:56,2024-07-26 00:00:00,"Гагаринская ул., 12",6264,83,"119,44",Наличные,"567,18","447,74",Женский,24-02-1973,Учебники,Алгебра 7 класс,TRUE,"[59.946153, 30.342916]"
16:19:49,2024-07-26 00:00:00,"Ул. Рубинштейна, 24",6281,247,"94,16",Карта,"585,86","491,7",Женский,28-07-1958,Художественная литература,Лолита,TRUE,"[59.929700, 30.344695]"
21:38:24,2024-07-26 00:00:00,"Гагаринская ул., 12",7369,492,"172,92",Наличные,"576,4","403,48",Женский,17-06-1997,Учебники,История России 10 класс,TRUE,"[59.946153, 30.342916]"
00:06:39,2024-07-26 00:00:00,"Московский пр., 90",7717,335,"167,379",Карта,"557,93","390,551",Мужской,24-08-2006,Комиксы,Бэтмен,TRUE,"[59.924032, 30.317189]"
17:48:38,2024-07-26 00:00:00,"Невский пр., 30",8900,483,"38,96",Онлайн,"543,27","504,31",Женский,28-03-1957,Путеводители,Индонезия,TRUE,"[59.935543, 30.327349]"
16:03:04,2024-07-26 00:00:00,"Московский пр., 90",9992,319,"166,98",Онлайн,"556,6","389,62",Мужской,29-06-1986,Путеводители,Мексика,TRUE,"[59.924032, 30.317189]"
09:14:27,2024-07-27 00:00:00,"Гагаринская ул., 12",1410,281,"240,984",Наличные,"803,28","562,296",Мужской,26-01-1982,Комиксы,Бэтмен,TRUE,"[59.946153, 30.342916]"
04:20:18,2024-07-27 00:00:00,"Ул. Рубинштейна, 24",2030,334,"115,2",Онлайн,"549,43","434,23",Мужской,08-06-1961,Учебники,История России 10 класс,TRUE,"[59.929700, 30.344695]"
17:40:52,2024-07-27 00:00:00,"Невский пр., 30",2051,404,"194,148",Онлайн,"647,16","453,012",Женский,21-12-1993,Учебники,История России 10 класс,TRUE,"[59.935543, 30.327349]"
17:02:01,2024-07-27 00:00:00,"Московский пр., 90",2524,306,"229,023",Онлайн,"763,41","534,387",Мужской,05-01-1961,Научная литература,Квантовая физика,TRUE,"[59.924032, 30.317189]"
09:40:06,2024-07-27 00:00:00,"Невский пр., 30",5629,46,"162,534",Карта,"541,78","379,246",Женский,22-08-2000,Путеводители,Мексика,TRUE,"[59.935543, 30.327349]"
05:46:56,2024-07-27 00:00:00,"Московский пр., 90",6800,426,"189,153",Онлайн,"630,51","441,357",Женский,01-01-1980,Путеводители,Швейцария,TRUE,"[59.924032, 30.317189]"
00:31:56,2024-07-27 00:00:00,"Ул. Декабристов, 15",8340,224,"257,358",Карта,"857,86","600,502",Женский,20-08-1979,Научная литература,Микробиология,TRUE,"[59.928154, 30.302429]"
09:16:41,2024-07-27 00:00:00,"Невский пр., 30",8554,85,"76,05",Онлайн,"670,07","594,02",Женский,01-09-1961,Научная литература,Палеонтология,TRUE,"[59.935543, 30.327349]"
19:21:22,2024-07-27 00:00:00,"Московский пр., 90",8985,184,"167,307",Карта,"557,69","390,383",Женский,25-02-1992,Учебники,Химия 9 класс,TRUE,"[59.924032, 30.317189]"
17:29:05,2024-07-27 00:00:00,"Невский пр., 30",9657,139,"80,6",Онлайн,"767,62","687,02",Мужской,22-08-1989,Учебники,Химия 9 класс,TRUE,"[59.935543, 30.327349]"
01:14:18,2024-07-27 00:00:00,"Ул. Рубинштейна, 24",9781,23,"162,588",Онлайн,"541,96","379,372",Женский,17-11-1986,Комиксы,Бэтмен,TRUE,"[59.929700, 30.344695]"
18:45:16,2024-07-28 00:00:00,"Невский пр., 30",1103,56,"60,5",Онлайн,"713,2","652,7",Женский,12-09-1959,Учебники,История России 10 класс,TRUE,"[59.935543, 30.327349]"
18:42:52,2024-07-28 00:00:00,"Ул. Рубинштейна, 24",1871,401,"132,15",Карта,"866,19","734,04",Женский,23-06-1999,Научная литература,Палеонтология,TRUE,"[59.929700, 30.344695]"
22:43:38,2024-07-28 00:00:00,"Московский пр., 90",2325,119,"81,26",Карта,"688,38","607,12",Женский,13-07-1973,Художественная литература,Мастер и Маргарита,TRUE,"[59.924032, 30.317189]"
00:42:41,2024-07-28 00:00:00,"Московский пр., 90",2875,243,"32,25",Наличные,"596,47","564,22",Женский,12-10-1997,Научная литература,Квантовая физика,TRUE,"[59.924032, 30.317189]"
10:46:00,2024-07-28 00:00:00,"Гагаринская ул., 12",2976,270,"171,86",Онлайн,"665,8","493,94",Женский,30-05-1994,Путеводители,Турция,TRUE,"[59.946153, 30.342916]"
21:23:10,2024-07-28 00:00:00,"Московский пр., 90",3308,235,"45,93",Онлайн,"568,5","522,57",Мужской,23-02-2004,Путеводители,Индонезия,TRUE,"[59.924032, 30.317189]"
12:40:58,2024-07-28 00:00:00,"Московский пр., 90",4600,294,"103,96",Онлайн,"864,6","760,64",Женский,09-04-2002,Учебники,География 6 класс,TRUE,"[59.924032, 30.317189]"
18:00:37,2024-07-28 00:00:00,"Невский пр., 30",5098,390,"103,6",Карта,"517,98","414,38",Женский,18-09-1975,Художественная литература,Мастер и Маргарита,TRUE,"[59.935543, 30.327349]"
07:04:50,2024-07-28 00:00:00,"Гагаринская ул., 12",6202,138,"183,468",Карта,"611,56","428,092",Мужской,11-09-1999,Комиксы,Супермен,TRUE,"[59.946153, 30.342916]"
16:28:53,2024-07-28 00:00:00,"Ул. Декабристов, 15",6427,3,"156,84",Карта,"533,61","376,77",Женский,21-11-1982,Комиксы,Супермен,TRUE,"[59.928154, 30.302429]"
12:29:23,2024-07-28 00:00:00,"Ул. Рубинштейна, 24",7581,224,"167,379",Карта,"557,93","390,551",Женский,20-08-1979,Комиксы,Бэтмен,TRUE,"[59.929700, 30.344695]"
16:56:23,2024-07-28 00:00:00,"Ул. Декабристов, 15",7676,184,"183,237",Карта,"610,79","427,553",Женский,25-02-1992,Художественная литература,Лолита,TRUE,"[59.928154, 30.302429]"
08:53:17,2024-07-28 00:00:00,"Невский пр., 30",8079,4,"120,84",Онлайн,"526,77","405,93",Женский,19-01-1956,Научная литература,Философия науки,TRUE,"[59.935543, 30.327349]"
23:58:13,2024-07-28 00:00:00,"Московский пр., 90",8617,372,"110,08",Карта,729,"618,92",Мужской,30-03-1996,Учебники,География 6 класс,TRUE,"[59.924032, 30.317189]"
07:06:03,2024-07-29 00:00:00,"Ул. Рубинштейна, 24",1479,493,"230,46",Наличные,"768,2","537,74",Мужской,23-12-1977,Художественная литература,Мастер и Маргарита,TRUE,"[59.929700, 30.344695]"
11:36:00,2024-07-29 00:00:00,"Московский пр., 90",5492,309,"203,07",Карта,"676,9","473,83",Женский,04-07-1973,Путеводители,Швейцария,TRUE,"[59.924032, 30.317189]"
00:23:15,2024-07-29 00:00:00,"Ул. Декабристов, 15",7471,98,"183,468",Онлайн,"611,56","428,092",Мужской,02-01-1962,Комиксы,Супермен,TRUE,"[59.928154, 30.302429]"
18:25:50,2024-07-29 00:00:00,"Московский пр., 90",8208,230,"109,15",Онлайн,"872,18","763,03",Женский,02-04-1993,Учебники,География 6 класс,TRUE,"[59.924032, 30.317189]"
17:18:49,2024-07-30 00:00:00,"Невский пр., 30",1804,447,"62,7",Онлайн,"788,8","726,1",Мужской,21-01-1992,Путеводители,Турция,TRUE,"[59.935543, 30.327349]"
04:05:20,2024-07-30 00:00:00,"Гагаринская ул., 12",2173,115,"184,674",Карта,"615,58","430,906",Мужской,10-05-1968,Художественная литература,Мастер и Маргарита,TRUE,"[59.946153, 30.342916]"
11:15:23,2024-07-30 00:00:00,"Гагаринская ул., 12",2984,408,"168,744",Онлайн,"562,48","393,736",Мужской,07-02-1961,Путеводители,Италия,TRUE,"[59.946153, 30.342916]"
05:04:29,2024-07-30 00:00:00,"Московский пр., 90",3750,408,"213,735",Наличные,"712,45","498,715",Мужской,07-02-1961,Путеводители,Швейцария,TRUE,"[59.924032, 30.317189]"
03:18:09,2024-07-30 00:00:00,"Ул. Декабристов, 15",3997,10,"190,062",Онлайн,"633,54","443,478",Женский,27-04-1998,Учебники,Алгебра 7 класс,TRUE,"[59.928154, 30.302429]"
02:36:05,2024-07-30 00:00:00,"Гагаринская ул., 12",4245,306,"80,48",Онлайн,"695,59","615,11",Мужской,05-01-1961,Художественная литература,Обломов,TRUE,"[59.946153, 30.342916]"
15:22:16,2024-07-30 00:00:00,"Ул. Рубинштейна, 24",4995,183,"132,81",Карта,"664,06","531,25",Мужской,03-03-1957,Учебники,Алгебра 7 класс,TRUE,"[59.929700, 30.344695]"
11:00:47,2024-07-30 00:00:00,"Невский пр., 30",5965,307,"60,89",Карта,"608,92","548,03",Женский,15-10-1966,Учебники,География 6 класс,TRUE,"[59.935543, 30.327349]"
05:35:55,2024-07-30 00:00:00,"Невский пр., 30",6700,276,"404,721",Онлайн,"1349,07","944,349",Мужской,12-07-1980,Научная литература,Философия науки,TRUE,"[59.935543, 30.327349]"
14:08:23,2024-07-30 00:00:00,"Невский пр., 30",6840,99,"117,91",Карта,"666,19","548,28",Женский,17-03-1976,Научная литература,Экономика труда,TRUE,"[59.935543, 30.327349]"
16:44:40,2024-07-30 00:00:00,"Невский пр., 30",9183,204,"152,016",Наличные,"506,72","354,704",Мужской,30-01-1976,Художественная литература,Преступление и наказание,TRUE,"[59.935543, 30.327349]"
10:55:54,2024-07-30 00:00:00,"Ул. Рубинштейна, 24",9909,337,"153,63",Карта,"512,1","358,47",Мужской,28-02-2005,Учебники,Алгебра 7 класс,TRUE,"[59.929700, 30.344695]"
11:59:05,2024-07-31 00:00:00,"Невский пр., 30",1196,353,"184,674",Онлайн,"615,58","430,906",Мужской,04-05-1990,Художественная литература,Мастер и Маргарита,TRUE,"[59.935543, 30.327349]"
13:53:49,2024-07-31 00:00:00,"Московский пр., 90",1284,6,"191,319",Наличные,"637,73","446,411",Мужской,06-09-1969,Учебники,Физика 8 класс,TRUE,"[59.924032, 30.317189]"
01:01:24,2024-07-31 00:00:00,"Гагаринская ул., 12",3649,403,"199,092",Карта,"663,64","464,548",Мужской,31-12-1984,Путеводители,Турция,TRUE,"[59.946153, 30.342916]"
21:43:07,2024-07-31 00:00:00,"Гагаринская ул., 12",5500,295,"173,637",Наличные,"578,79","405,153",Женский,24-05-2000,Научная литература,Квантовая физика,TRUE,"[59.946153, 30.342916]"
20:46:53,2024-07-31 00:00:00,"Московский пр., 90",9509,116,"166,653",Наличные,"555,51","388,857",Мужской,01-09-1955,Учебники,Алгебра 7 класс,TRUE,"[59.924032, 30.317189]"
05:29:25,2024-08-01 00:00:00,"Гагаринская ул., 12",2915,473,"184,98",Онлайн,"955,05","770,07",Мужской,23-09-1954,Комиксы,Флэш,TRUE,"[59.946153, 30.342916]"
15:38:37,2024-08-01 00:00:00,"Гагаринская ул., 12",6374,171,57,Наличные,"748,38","691,38",Мужской,24-04-1985,Комиксы,Человек-Паук,TRUE,"[59.946153, 30.342916]"
22:47:04,2024-08-01 00:00:00,"Невский пр., 30",7582,493,"200,472",Наличные,"668,24","467,768",Мужской,23-12-1977,Путеводители,Италия,TRUE,"[59.935543, 30.327349]"
09:11:49,2024-08-01 00:00:00,"Невский пр., 30",8552,419,"167,307",Онлайн,"557,69","390,383",Женский,10-07-1994,Учебники,Химия 9 класс,TRUE,"[59.935543, 30.327349]"
23:13:55,2024-08-01 00:00:00,"Ул. Рубинштейна, 24",9114,139,"128,29",Карта,"507,68","379,39",Мужской,22-08-1989,Комиксы,Человек-Паук,TRUE,"[59.929700, 30.344695]"
21:47:42,2024-08-01 00:00:00,"Гагаринская ул., 12",9211,312,"225,44",Онлайн,"826,91","601,47",Женский,12-04-1999,Учебники,Физика 8 класс,TRUE,"[59.946153, 30.342916]"
11:32:03,2024-08-02 00:00:00,"Невский пр., 30",1596,225,"97,79",Наличные,"678,51","580,72",Женский,25-01-1991,Комиксы,Флэш,TRUE,"[59.935543, 30.327349]"
22:39:30,2024-08-02 00:00:00,"Невский пр., 30",4491,370,"87,54",Наличные,"583,61","496,07",Мужской,30-08-1995,Комиксы,Супермен,TRUE,"[59.935543, 30.327349]"
04:21:49,2024-08-02 00:00:00,"Ул. Декабристов, 15",5249,241,"115,49",Наличные,"1154,93","1039,44",Женский,28-09-1979,Художественная литература,Мастер и Маргарита,TRUE,"[59.928154, 30.302429]"
01:27:42,2024-08-02 00:00:00,"Ул. Декабристов, 15",5536,173,"162,789",Наличные,"542,63","379,841",Мужской,11-10-1966,Художественная литература,Отцы и дети,TRUE,"[59.928154, 30.302429]"
01:47:30,2024-08-02 00:00:00,"Московский пр., 90",7428,356,"185,673",Онлайн,"618,91","433,237",Женский,10-02-2005,Научная литература,Философия науки,TRUE,"[59.924032, 30.317189]"
23:23:33,2024-08-03 00:00:00,"Невский пр., 30",1509,481,"257,358",Онлайн,"857,86","600,502",Женский,25-02-1988,Научная литература,Микробиология,TRUE,"[59.935543, 30.327349]"
20:24:11,2024-08-03 00:00:00,"Московский пр., 90",2463,388,"153,75",Карта,"512,5","358,75",Мужской,26-08-1974,Научная литература,Микробиология,TRUE,"[59.924032, 30.317189]"
02:09:50,2024-08-03 00:00:00,"Ул. Рубинштейна, 24",5912,115,"122,21",Карта,"502,45","380,24",Мужской,10-05-1968,Учебники,Физика 8 класс,TRUE,"[59.929700, 30.344695]"
15:42:18,2024-08-03 00:00:00,"Ул. Рубинштейна, 24",7525,383,"261,654",Наличные,"872,18","610,526",Мужской,10-12-1961,Учебники,География 6 класс,TRUE,"[59.929700, 30.344695]"
07:17:23,2024-08-03 00:00:00,"Невский пр., 30",8698,129,"190,19",Наличные,"900,53","710,34",Мужской,25-08-2006,Комиксы,Бэтмен,TRUE,"[59.935543, 30.327349]"
22:36:16,2024-08-03 00:00:00,"Ул. Рубинштейна, 24",9390,455,"28,83",Наличные,"576,5","547,67",Мужской,01-02-1982,Научная литература,Микробиология,TRUE,"[59.929700, 30.344695]"
15:39:53,2024-08-03 00:00:00,"Ул. Декабристов, 15",9395,430,"161,1",Наличные,537,"375,9",Мужской,07-07-1980,Учебники,География 6 класс,TRUE,"[59.928154, 30.302429]"
21:56:14,2024-08-04 00:00:00,"Гагаринская ул., 12",1076,118,"164,39",Карта,"609,74","445,35",Мужской,17-04-2002,Учебники,Химия 9 класс,TRUE,"[59.946153, 30.342916]"
10:37:02,2024-08-04 00:00:00,"Московский пр., 90",2647,195,"168,744",Наличные,"562,48","393,736",Женский,03-12-2004,Путеводители,Италия,TRUE,"[59.924032, 30.317189]"
23:23:06,2024-08-04 00:00:00,"Гагаринская ул., 12",3358,171,"236,067",Наличные,"786,89","550,823",Мужской,24-04-1985,Художественная литература,Отцы и дети,TRUE,"[59.946153, 30.342916]"
06:10:55,2024-08-04 00:00:00,"Ул. Рубинштейна, 24",5729,103,"185,988",Карта,"619,96","433,972",Женский,09-04-1964,Комиксы,Бэтмен,TRUE,"[59.929700, 30.344695]"
15:52:26,2024-08-04 00:00:00,"Ул. Декабристов, 15",5839,446,"252,717",Онлайн,"842,39","589,673",Мужской,05-05-1991,Учебники,Физика 8 класс,TRUE,"[59.928154, 30.302429]"
22:49:17,2024-08-04 00:00:00,"Ул. Рубинштейна, 24",8793,84,"240,195",Карта,"800,65","560,455",Женский,09-10-1969,Учебники,История России 10 класс,TRUE,"[59.929700, 30.344695]"
19:42:25,2024-08-05 00:00:00,"Московский пр., 90",1423,218,"118,48",Наличные,"789,88","671,4",Женский,06-05-1969,Художественная литература,Обломов,TRUE,"[59.924032, 30.317189]"
02:31:21,2024-08-05 00:00:00,"Московский пр., 90",2037,165,"63,91",Карта,"569,4","505,49",Женский,06-03-1971,Учебники,Физика 8 класс,TRUE,"[59.924032, 30.317189]"
06:38:26,2024-08-05 00:00:00,"Ул. Декабристов, 15",3582,197,"153,249",Карта,"510,83","357,581",Мужской,09-03-1957,Художественная литература,Лолита,TRUE,"[59.928154, 30.302429]"
07:52:11,2024-08-05 00:00:00,"Ул. Рубинштейна, 24",3742,378,"171,726",Онлайн,"572,42","400,694",Женский,12-04-1963,Художественная литература,Отцы и дети,TRUE,"[59.929700, 30.344695]"
11:46:42,2024-08-05 00:00:00,"Невский пр., 30",5002,288,"113,2",Наличные,"610,79","497,59",Мужской,18-04-1969,Художественная литература,Лолита,TRUE,"[59.935543, 30.327349]"
15:26:45,2024-08-05 00:00:00,"Гагаринская ул., 12",6977,68,"153,96",Наличные,"769,82","615,86",Женский,01-06-1979,Комиксы,Человек-Паук,TRUE,"[59.946153, 30.342916]"
04:06:07,2024-08-05 00:00:00,"Невский пр., 30",7786,84,"90,09",Наличные,"583,34","493,25",Женский,09-10-1969,Учебники,Химия 9 класс,TRUE,"[59.935543, 30.327349]"
14:01:23,2024-08-05 00:00:00,"Ул. Рубинштейна, 24",7826,54,"162,789",Онлайн,"542,63","379,841",Женский,20-10-1962,Художественная литература,Отцы и дети,TRUE,"[59.929700, 30.344695]"
17:22:25,2024-08-05 00:00:00,"Ул. Декабристов, 15",9744,476,"186,015",Карта,"620,05","434,035",Женский,04-02-1973,Научная литература,Микробиология,TRUE,"[59.928154, 30.302429]"
18:22:44,2024-08-06 00:00:00,"Ул. Декабристов, 15",2879,73,"57,94",Наличные,"677,63","619,69",Женский,08-04-2002,Научная литература,Квантовая физика,TRUE,"[59.928154, 30.302429]"
06:54:18,2024-08-06 00:00:00,"Невский пр., 30",2883,152,"167,307",Наличные,"557,69","390,383",Женский,19-08-2002,Учебники,Химия 9 класс,TRUE,"[59.935543, 30.327349]"
02:13:24,2024-08-06 00:00:00,"Московский пр., 90",3161,377,"156,999",Онлайн,"523,33","366,331",Мужской,28-11-1966,Путеводители,Мексика,TRUE,"[59.924032, 30.317189]"
12:45:14,2024-08-06 00:00:00,"Ул. Декабристов, 15",3267,116,"175,758",Наличные,"585,86","410,102",Мужской,01-09-1955,Художественная литература,Лолита,TRUE,"[59.928154, 30.302429]"
12:31:02,2024-08-06 00:00:00,"Московский пр., 90",4346,463,"170,295",Карта,"567,65","397,355",Женский,23-06-1964,Путеводители,Турция,TRUE,"[59.924032, 30.317189]"
12:32:54,2024-08-06 00:00:00,"Ул. Декабристов, 15",4428,111,"162,588",Карта,"541,96","379,372",Мужской,06-08-1975,Комиксы,Бэтмен,TRUE,"[59.928154, 30.302429]"
04:40:14,2024-08-06 00:00:00,"Ул. Декабристов, 15",5364,383,"123,71",Карта,"514,92","391,21",Мужской,10-12-1961,Комиксы,Супермен,TRUE,"[59.928154, 30.302429]"
02:55:54,2024-08-06 00:00:00,"Ул. Рубинштейна, 24",6328,496,"301,91",Онлайн,"1306,51","1004,6",Женский,13-07-1961,Научная литература,Палеонтология,TRUE,"[59.929700, 30.344695]"
15:28:13,2024-08-06 00:00:00,"Московский пр., 90",6860,59,"173,637",Наличные,"578,79","405,153",Женский,26-03-1972,Научная литература,Квантовая физика,TRUE,"[59.924032, 30.317189]"
19:17:24,2024-08-06 00:00:00,"Ул. Декабристов, 15",7632,337,"161,427",Наличные,"538,09","376,663",Мужской,28-02-2005,Научная литература,Микробиология,TRUE,"[59.928154, 30.302429]"
00:37:03,2024-08-06 00:00:00,"Московский пр., 90",8322,305,"293,049",Карта,"976,83","683,781",Мужской,19-01-1987,Художественная литература,Отцы и дети,TRUE,"[59.924032, 30.317189]"
20:03:42,2024-08-06 00:00:00,"Московский пр., 90",8699,289,"33,12",Наличные,"576,5","543,38",Женский,24-03-1955,Научная литература,Микробиология,TRUE,"[59.924032, 30.317189]"
23:18:16,2024-08-07 00:00:00,"Невский пр., 30",2811,426,"197,35",Наличные,"682,38","485,03",Женский,01-01-1980,Комиксы,Человек-Паук,TRUE,"[59.935543, 30.327349]"
09:40:20,2024-08-07 00:00:00,"Гагаринская ул., 12",4157,418,"261,654",Онлайн,"872,18","610,526",Мужской,04-02-1965,Учебники,География 6 класс,TRUE,"[59.946153, 30.342916]"
05:37:00,2024-08-07 00:00:00,"Гагаринская ул., 12",4167,390,"136,89",Онлайн,"734,96","598,07",Женский,18-09-1975,Комиксы,Человек-Паук,TRUE,"[59.946153, 30.342916]"
08:33:16,2024-08-07 00:00:00,"Ул. Рубинштейна, 24",4812,188,"211,284",Карта,"704,28","492,996",Мужской,02-07-1968,Художественная литература,Мастер и Маргарита,TRUE,"[59.929700, 30.344695]"
05:33:22,2024-08-07 00:00:00,"Ул. Рубинштейна, 24",5003,434,"62,6",Онлайн,"546,03","483,43",Женский,03-08-1978,Художественная литература,Лолита,TRUE,"[59.929700, 30.344695]"
05:50:43,2024-08-07 00:00:00,"Гагаринская ул., 12",5586,453,"154,476",Онлайн,"514,92","360,444",Женский,05-08-1986,Комиксы,Супермен,TRUE,"[59.946153, 30.342916]"
12:10:09,2024-08-07 00:00:00,"Ул. Декабристов, 15",6320,345,"213,735",Онлайн,"712,45","498,715",Женский,17-02-2004,Путеводители,Швейцария,TRUE,"[59.928154, 30.302429]"
13:41:39,2024-08-07 00:00:00,"Ул. Декабристов, 15",7001,390,"57,72",Онлайн,"651,32","593,6",Женский,18-09-1975,Художественная литература,Лолита,TRUE,"[59.928154, 30.302429]"
23:14:06,2024-08-07 00:00:00,"Ул. Декабристов, 15",8255,390,"84,04",Наличные,"803,08","719,04",Женский,18-09-1975,Путеводители,Италия,TRUE,"[59.928154, 30.302429]"
15:01:47,2024-08-07 00:00:00,"Невский пр., 30",9584,7,"221,808",Наличные,"739,36","517,552",Мужской,31-12-1959,Комиксы,Супермен,TRUE,"[59.935543, 30.327349]"
16:56:47,2024-08-08 00:00:00,"Ул. Декабристов, 15",2654,191,"240,66",Онлайн,"954,32","713,66",Мужской,25-12-2001,Путеводители,Швейцария,TRUE,"[59.928154, 30.302429]"
06:35:25,2024-08-08 00:00:00,"Московский пр., 90",4451,293,"240,984",Карта,"803,28","562,296",Женский,01-06-1993,Комиксы,Бэтмен,TRUE,"[59.924032, 30.317189]"
18:28:03,2024-08-08 00:00:00,"Ул. Рубинштейна, 24",4881,54,"174,969",Онлайн,"583,23","408,261",Женский,20-10-1962,Научная литература,Микробиология,TRUE,"[59.929700, 30.344695]"
15:01:03,2024-08-08 00:00:00,"Московский пр., 90",6003,337,"253,29",Наличные,"844,3","591,01",Мужской,28-02-2005,Путеводители,Турция,TRUE,"[59.924032, 30.317189]"
12:59:04,2024-08-08 00:00:00,"Московский пр., 90",8109,198,"119,64",Карта,"541,78","422,14",Мужской,01-03-1983,Путеводители,Мексика,TRUE,"[59.924032, 30.317189]"
11:41:40,2024-08-08 00:00:00,"Гагаринская ул., 12",9800,410,"157,113",Карта,"523,71","366,597",Женский,11-11-1988,Учебники,География 6 класс,TRUE,"[59.946153, 30.342916]"
00:40:38,2024-08-09 00:00:00,"Невский пр., 30",1256,455,"49,99",Наличные,"711,9","661,91",Мужской,01-02-1982,Научная литература,Палеонтология,TRUE,"[59.935543, 30.327349]"
13:24:44,2024-08-09 00:00:00,"Ул. Рубинштейна, 24",1589,109,"113,32",Карта,"668,24","554,92",Мужской,25-04-1969,Путеводители,Италия,TRUE,"[59.929700, 30.344695]"
08:58:23,2024-08-09 00:00:00,"Ул. Рубинштейна, 24",1629,274,"291,339",Онлайн,"971,13","679,791",Мужской,22-10-1958,Путеводители,Италия,TRUE,"[59.929700, 30.344695]"
14:12:28,2024-08-09 00:00:00,"Московский пр., 90",2283,411,"162,063",Онлайн,"540,21","378,147",Женский,12-01-2001,Учебники,Физика 8 класс,TRUE,"[59.924032, 30.317189]"
22:46:30,2024-08-09 00:00:00,"Гагаринская ул., 12",2553,491,"175,89",Карта,"718,95","543,06",Мужской,01-12-1990,Путеводители,Индонезия,TRUE,"[59.946153, 30.342916]"
11:49:42,2024-08-09 00:00:00,"Московский пр., 90",3663,33,"154,91",Наличные,"552,35","397,44",Мужской,27-11-1995,Художественная литература,Обломов,TRUE,"[59.924032, 30.317189]"
05:41:04,2024-08-09 00:00:00,"Ул. Декабристов, 15",3718,274,"132,13",Карта,"541,78","409,65",Мужской,22-10-1958,Путеводители,Мексика,TRUE,"[59.928154, 30.302429]"
03:52:35,2024-08-09 00:00:00,"Ул. Рубинштейна, 24",3893,59,"226,974",Онлайн,"756,58","529,606",Женский,26-03-1972,Художественная литература,Преступление и наказание,TRUE,"[59.929700, 30.344695]"
08:48:57,2024-08-09 00:00:00,"Невский пр., 30",6974,299,"256,14",Онлайн,"869,75","613,61",Женский,19-02-1972,Путеводители,Швейцария,TRUE,"[59.935543, 30.327349]"
06:05:49,2024-08-09 00:00:00,"Гагаринская ул., 12",8250,364,"230,46",Онлайн,"768,2","537,74",Мужской,02-09-1968,Художественная литература,Мастер и Маргарита,TRUE,"[59.946153, 30.342916]"
06:32:03,2024-08-09 00:00:00,"Московский пр., 90",8325,378,"164,355",Онлайн,"547,85","383,495",Женский,12-04-1963,Научная литература,Квантовая физика,TRUE,"[59.924032, 30.317189]"
07:03:14,2024-08-10 00:00:00,"Московский пр., 90",1250,338,"173,502",Наличные,"578,34","404,838",Мужской,21-08-1983,Путеводители,Мексика,TRUE,"[59.924032, 30.317189]"
14:25:33,2024-08-10 00:00:00,"Ул. Декабристов, 15",3250,99,"166,587",Карта,"555,29","388,703",Женский,17-03-1976,Научная литература,Экономика труда,TRUE,"[59.928154, 30.302429]"
00:16:21,2024-08-10 00:00:00,"Невский пр., 30",6283,239,"126,62",Наличные,"592,13","465,51",Женский,20-02-2001,Комиксы,Доктор Стрэндж,TRUE,"[59.935543, 30.327349]"
12:13:13,2024-08-10 00:00:00,"Ул. Рубинштейна, 24",7627,148,"152,976",Онлайн,"509,92","356,944",Мужской,29-06-1967,Художественная литература,Преступление и наказание,TRUE,"[59.929700, 30.344695]"
10:38:40,2024-08-10 00:00:00,"Гагаринская ул., 12",7683,430,"167,742",Онлайн,"559,14","391,398",Мужской,07-07-1980,Художественная литература,Обломов,TRUE,"[59.946153, 30.342916]"
00:34:43,2024-08-10 00:00:00,"Ул. Рубинштейна, 24",8514,294,"151,008",Онлайн,"503,36","352,352",Женский,09-04-2002,Художественная литература,Преступление и наказание,TRUE,"[59.929700, 30.344695]"
07:04:21,2024-08-11 00:00:00,"Гагаринская ул., 12",1631,252,"183,468",Карта,"611,56","428,092",Женский,22-01-1979,Комиксы,Супермен,TRUE,"[59.946153, 30.342916]"
11:20:54,2024-08-11 00:00:00,"Невский пр., 30",2333,493,"246,47",Онлайн,"1278,7","1032,23",Мужской,23-12-1977,Художественная литература,Преступление и наказание,TRUE,"[59.935543, 30.327349]"
01:38:27,2024-08-11 00:00:00,"Ул. Рубинштейна, 24",6029,254,"111,7",Онлайн,"547,56","435,86",Мужской,09-05-1975,Комиксы,Доктор Стрэндж,TRUE,"[59.929700, 30.344695]"
23:29:16,2024-08-11 00:00:00,"Гагаринская ул., 12",6317,168,"167,742",Онлайн,"559,14","391,398",Женский,21-05-1960,Художественная литература,Обломов,TRUE,"[59.946153, 30.342916]"
21:18:09,2024-08-11 00:00:00,"Гагаринская ул., 12",6747,294,"174,969",Онлайн,"583,23","408,261",Женский,09-04-2002,Научная литература,Микробиология,TRUE,"[59.946153, 30.342916]"
00:26:48,2024-08-11 00:00:00,"Московский пр., 90",6766,348,"240,924",Наличные,"803,08","562,156",Мужской,05-04-1987,Путеводители,Италия,TRUE,"[59.924032, 30.317189]"
14:39:06,2024-08-11 00:00:00,"Ул. Декабристов, 15",7217,251,"89,34",Онлайн,"568,67","479,33",Мужской,26-02-1983,Художественная литература,Преступление и наказание,TRUE,"[59.928154, 30.302429]"
20:20:41,2024-08-11 00:00:00,"Ул. Декабристов, 15",7601,353,"152,016",Наличные,"506,72","354,704",Мужской,04-05-1990,Художественная литература,Преступление и наказание,TRUE,"[59.928154, 30.302429]"
15:22:15,2024-08-11 00:00:00,"Невский пр., 30",8364,205,"175,002",Карта,"583,34","408,338",Мужской,07-08-1994,Учебники,Химия 9 класс,TRUE,"[59.935543, 30.327349]"
19:02:07,2024-08-11 00:00:00,"Невский пр., 30",8597,437,"181,47",Онлайн,"945,1","763,63",Мужской,26-03-1979,Комиксы,Человек-Паук,TRUE,"[59.935543, 30.327349]"
16:53:52,2024-08-11 00:00:00,"Гагаринская ул., 12",9612,212,"235,734",Карта,"785,78","550,046",Женский,19-05-1995,Путеводители,Мексика,TRUE,"[59.946153, 30.342916]"
03:34:11,2024-08-11 00:00:00,"Ул. Декабристов, 15",9791,312,"152,49",Наличные,"543,27","390,78",Женский,12-04-1999,Путеводители,Индонезия,TRUE,"[59.928154, 30.302429]"
02:59:41,2024-08-12 00:00:00,"Невский пр., 30",2339,285,"210,258",Карта,"700,86","490,602",Женский,28-10-1986,Комиксы,Флэш,TRUE,"[59.935543, 30.327349]"
09:09:06,2024-08-12 00:00:00,"Невский пр., 30",3148,229,"230,478",Наличные,"768,26","537,782",Женский,07-10-1978,Научная литература,Квантовая физика,TRUE,"[59.935543, 30.327349]"
03:57:52,2024-08-12 00:00:00,"Ул. Декабристов, 15",4203,453,"240,924",Онлайн,"803,08","562,156",Женский,05-08-1986,Путеводители,Италия,TRUE,"[59.928154, 30.302429]"
19:09:03,2024-08-12 00:00:00,"Московский пр., 90",5270,82,"145,53",Карта,"657,74","512,21",Женский,04-11-1967,Учебники,Физика 8 класс,TRUE,"[59.924032, 30.317189]"
14:53:29,2024-08-12 00:00:00,"Ул. Рубинштейна, 24",7543,416,"56,88",Карта,"568,83","511,95",Мужской,09-12-1965,Художественная литература,Отцы и дети,TRUE,"[59.929700, 30.344695]"
17:52:33,2024-08-12 00:00:00,"Невский пр., 30",8203,103,"104,06",Наличные,"668,63","564,57",Женский,09-04-1964,Художественная литература,Обломов,TRUE,"[59.935543, 30.327349]"
01:53:19,2024-08-12 00:00:00,"Ул. Декабристов, 15",8421,344,"160,668",Наличные,"535,56","374,892",Женский,08-01-1996,Комиксы,Флэш,TRUE,"[59.928154, 30.302429]"
00:58:55,2024-08-12 00:00:00,"Ул. Декабристов, 15",8492,291,"56,43",Карта,729,"672,57",Мужской,15-11-1990,Учебники,География 6 класс,TRUE,"[59.928154, 30.302429]"
16:12:17,2024-08-12 00:00:00,"Ул. Рубинштейна, 24",9540,198,"110,94",Наличные,"555,57","444,63",Мужской,01-03-1983,Путеводители,Мексика,TRUE,"[59.929700, 30.344695]"
00:15:15,2024-08-12 00:00:00,"Невский пр., 30",9754,480,"68,57",Онлайн,"528,43","459,86",Мужской,14-03-1958,Комиксы,Доктор Стрэндж,TRUE,"[59.935543, 30.327349]"
11:15:05,2024-08-13 00:00:00,"Невский пр., 30",4045,78,"106,49",Онлайн,"616,93","510,44",Мужской,21-09-1955,Художественная литература,Обломов,TRUE,"[59.935543, 30.327349]"
14:08:59,2024-08-13 00:00:00,"Гагаринская ул., 12",4217,49,"102,07",Карта,"510,33","408,26",Мужской,25-10-1963,Художественная литература,Мастер и Маргарита,TRUE,"[59.946153, 30.342916]"
18:48:40,2024-08-13 00:00:00,"Ул. Декабристов, 15",4800,315,"80,35",Онлайн,"510,14","429,79",Мужской,30-04-1966,Комиксы,Доктор Стрэндж,TRUE,"[59.928154, 30.302429]"
21:29:22,2024-08-13 00:00:00,"Ул. Декабристов, 15",5733,188,"169,548",Наличные,"565,16","395,612",Мужской,02-07-1968,Учебники,Химия 9 класс,TRUE,"[59.928154, 30.302429]"
15:17:57,2024-08-13 00:00:00,"Ул. Декабристов, 15",6376,295,"86,31",Карта,"1169,61","1083,3",Женский,24-05-2000,Учебники,История России 10 класс,TRUE,"[59.928154, 30.302429]"
07:38:00,2024-08-13 00:00:00,"Ул. Рубинштейна, 24",8017,282,"170,601",Наличные,"568,67","398,069",Женский,14-07-1957,Художественная литература,Преступление и наказание,TRUE,"[59.929700, 30.344695]"
06:09:53,2024-08-13 00:00:00,"Ул. Декабристов, 15",9650,351,"172,812",Онлайн,"576,04","403,228",Мужской,01-06-1985,Художественная литература,Обломов,TRUE,"[59.928154, 30.302429]"
20:23:19,2024-08-14 00:00:00,"Невский пр., 30",1102,198,"227,511",Карта,"758,37","530,859",Мужской,01-03-1983,Научная литература,Палеонтология,TRUE,"[59.935543, 30.327349]"
17:33:50,2024-08-14 00:00:00,"Невский пр., 30",1777,483,"235,734",Наличные,"785,78","550,046",Женский,28-03-1957,Путеводители,Мексика,TRUE,"[59.935543, 30.327349]"
06:14:25,2024-08-14 00:00:00,"Ул. Рубинштейна, 24",4599,40,"142,76",Наличные,"851,87","709,11",Мужской,08-07-1979,Комиксы,Флэш,TRUE,"[59.929700, 30.344695]"
07:55:51,2024-08-14 00:00:00,"Московский пр., 90",6011,53,"164,24",Карта,"992,29","828,05",Женский,24-11-1970,Художественная литература,Обломов,TRUE,"[59.924032, 30.317189]"
04:40:03,2024-08-14 00:00:00,"Ул. Рубинштейна, 24",6272,384,"236,067",Наличные,"786,89","550,823",Женский,20-12-1976,Художественная литература,Отцы и дети,TRUE,"[59.929700, 30.344695]"
23:55:58,2024-08-14 00:00:00,"Ул. Рубинштейна, 24",7832,161,"200,589",Онлайн,"668,63","468,041",Мужской,13-01-1976,Художественная литература,Обломов,TRUE,"[59.929700, 30.344695]"
05:10:55,2024-08-14 00:00:00,"Гагаринская ул., 12",8636,277,"240,924",Наличные,"803,08","562,156",Мужской,07-04-1972,Путеводители,Италия,TRUE,"[59.946153, 30.342916]"
15:58:23,2024-08-14 00:00:00,"Невский пр., 30",9535,419,"164,403",Наличные,"548,01","383,607",Женский,10-07-1994,Учебники,Алгебра 7 класс,TRUE,"[59.935543, 30.327349]"
05:56:24,2024-08-15 00:00:00,"Ул. Декабристов, 15",1702,422,"224,982",Онлайн,"749,94","524,958",Мужской,04-08-1954,Учебники,Химия 9 класс,TRUE,"[59.928154, 30.302429]"
16:10:34,2024-08-15 00:00:00,"Ул. Рубинштейна, 24",3107,299,"170,55",Онлайн,"568,5","397,95",Женский,19-02-1972,Путеводители,Индонезия,TRUE,"[59.929700, 30.344695]"
15:24:04,2024-08-15 00:00:00,"Ул. Декабристов, 15",3500,445,"156,21",Онлайн,"520,7","364,49",Мужской,17-04-1956,Научная литература,Квантовая физика,TRUE,"[59.928154, 30.302429]"
21:33:55,2024-08-15 00:00:00,"Гагаринская ул., 12",4691,379,"210,273",Карта,"700,91","490,637",Мужской,24-03-1958,Научная литература,Квантовая физика,TRUE,"[59.946153, 30.342916]"
07:57:18,2024-08-15 00:00:00,"Московский пр., 90",5410,450,"150,165",Онлайн,"500,55","350,385",Мужской,26-11-1995,Путеводители,Швейцария,TRUE,"[59.924032, 30.317189]"
23:22:47,2024-08-15 00:00:00,"Ул. Рубинштейна, 24",6987,482,"132,88",Карта,"504,2","371,32",Женский,29-08-1974,Учебники,Химия 9 класс,TRUE,"[59.929700, 30.344695]"
11:30:12,2024-08-15 00:00:00,"Московский пр., 90",8299,224,"175,083",Наличные,"583,61","408,527",Женский,20-08-1979,Комиксы,Супермен,TRUE,"[59.924032, 30.317189]"
17:16:37,2024-08-15 00:00:00,"Гагаринская ул., 12",8424,203,"201,021",Онлайн,"670,07","469,049",Мужской,23-04-1961,Научная литература,Палеонтология,TRUE,"[59.946153, 30.342916]"
22:44:37,2024-08-16 00:00:00,"Невский пр., 30",2186,469,"140,05",Онлайн,"596,47","456,42",Женский,05-03-1962,Научная литература,Квантовая физика,TRUE,"[59.935543, 30.327349]"
02:01:05,2024-08-16 00:00:00,"Ул. Рубинштейна, 24",2660,388,"219,582",Карта,"731,94","512,358",Мужской,26-08-1974,Художественная литература,Лолита,TRUE,"[59.929700, 30.344695]"
17:06:08,2024-08-16 00:00:00,"Московский пр., 90",6666,285,"170,82",Карта,"569,4","398,58",Женский,28-10-1986,Учебники,Физика 8 класс,TRUE,"[59.924032, 30.317189]"
09:18:13,2024-08-16 00:00:00,"Московский пр., 90",7461,312,"113,32",Карта,"663,64","550,32",Женский,12-04-1999,Путеводители,Турция,TRUE,"[59.924032, 30.317189]"
18:53:48,2024-08-16 00:00:00,"Невский пр., 30",7608,345,"138,16",Онлайн,"704,28","566,12",Женский,17-02-2004,Художественная литература,Мастер и Маргарита,TRUE,"[59.935543, 30.327349]"
14:38:14,2024-08-16 00:00:00,"Невский пр., 30",8036,81,"225,192",Карта,"750,64","525,448",Мужской,18-06-1987,Художественная литература,Лолита,TRUE,"[59.935543, 30.327349]"
10:42:58,2024-08-16 00:00:00,"Ул. Рубинштейна, 24",8166,377,"109,04",Наличные,"836,87","727,83",Мужской,28-11-1966,Научная литература,Экономика труда,TRUE,"[59.929700, 30.344695]"
04:43:49,2024-08-16 00:00:00,"Ул. Декабристов, 15",9292,409,"211,284",Карта,"704,28","492,996",Женский,15-06-1968,Художественная литература,Мастер и Маргарита,TRUE,"[59.928154, 30.302429]"
23:28:48,2024-08-16 00:00:00,"Невский пр., 30",9677,40,"119,24",Онлайн,"600,59","481,35",Мужской,08-07-1979,Комиксы,Бэтмен,TRUE,"[59.935543, 30.327349]"
19:20:21,2024-08-17 00:00:00,"Московский пр., 90",1922,414,"36,15",Онлайн,"688,65","652,5",Мужской,22-04-1973,Художественная литература,Мастер и Маргарита,TRUE,"[59.924032, 30.317189]"
15:51:41,2024-08-17 00:00:00,"Невский пр., 30",3491,23,"166,98",Наличные,"556,6","389,62",Женский,17-11-1986,Путеводители,Мексика,TRUE,"[59.935543, 30.327349]"
23:58:54,2024-08-17 00:00:00,"Ул. Декабристов, 15",6941,157,"162,789",Карта,"542,63","379,841",Мужской,11-04-1956,Художественная литература,Отцы и дети,TRUE,"[59.928154, 30.302429]"
06:56:20,2024-08-18 00:00:00,"Московский пр., 90",1817,436,"92,82",Онлайн,"548,01","455,19",Женский,02-09-1974,Учебники,Алгебра 7 класс,TRUE,"[59.924032, 30.317189]"
16:09:28,2024-08-18 00:00:00,"Московский пр., 90",2402,214,"191,502",Карта,"638,34","446,838",Мужской,08-06-1978,Комиксы,Бэтмен,TRUE,"[59.924032, 30.317189]"
02:44:34,2024-08-18 00:00:00,"Гагаринская ул., 12",4315,329,"236,64",Онлайн,"788,8","552,16",Женский,12-11-1975,Путеводители,Турция,TRUE,"[59.946153, 30.342916]"
04:15:30,2024-08-18 00:00:00,"Гагаринская ул., 12",7515,361,"164,268",Карта,"547,56","383,292",Мужской,15-06-1972,Комиксы,Доктор Стрэндж,TRUE,"[59.946153, 30.342916]"
16:36:22,2024-08-18 00:00:00,"Гагаринская ул., 12",7716,292,"111,91",Наличные,"651,32","539,41",Мужской,17-01-1964,Художественная литература,Лолита,TRUE,"[59.946153, 30.342916]"
07:21:25,2024-08-18 00:00:00,"Ул. Декабристов, 15",9107,440,"170,601",Карта,"568,67","398,069",Женский,16-07-1980,Художественная литература,Преступление и наказание,TRUE,"[59.928154, 30.302429]"
07:04:11,2024-08-19 00:00:00,"Невский пр., 30",1681,384,"220,488",Онлайн,"734,96","514,472",Женский,20-12-1976,Комиксы,Человек-Паук,TRUE,"[59.935543, 30.327349]"
07:19:35,2024-08-19 00:00:00,"Московский пр., 90",5363,49,"115,07",Наличные,"609,74","494,67",Мужской,25-10-1963,Учебники,Химия 9 класс,TRUE,"[59.924032, 30.317189]"
17:04:04,2024-08-19 00:00:00,"Гагаринская ул., 12",9166,49,"201,021",Онлайн,"670,07","469,049",Мужской,25-10-1963,Научная литература,Палеонтология,TRUE,"[59.946153, 30.342916]"
19:57:35,2024-08-20 00:00:00,"Московский пр., 90",1245,463,"87,34",Онлайн,"558,57","471,23",Женский,23-06-1964,Учебники,География 6 класс,TRUE,"[59.924032, 30.317189]"
06:11:30,2024-08-20 00:00:00,"Ул. Рубинштейна, 24",2199,469,"152,274",Онлайн,"507,58","355,306",Женский,05-03-1962,Комиксы,Человек-Паук,TRUE,"[59.929700, 30.344695]"
18:30:58,2024-08-20 00:00:00,"Ул. Декабристов, 15",2432,411,"40,71",Карта,"549,07","508,36",Женский,12-01-2001,Путеводители,Мексика,TRUE,"[59.928154, 30.302429]"
13:47:56,2024-08-20 00:00:00,"Гагаринская ул., 12",2468,40,"113,35",Наличные,"657,74","544,39",Мужской,08-07-1979,Учебники,Физика 8 класс,TRUE,"[59.946153, 30.342916]"
19:04:19,2024-08-20 00:00:00,"Ул. Декабристов, 15",4619,102,"175,002",Наличные,"583,34","408,338",Женский,17-07-1978,Учебники,Химия 9 класс,TRUE,"[59.928154, 30.302429]"
01:12:07,2024-08-20 00:00:00,"Ул. Рубинштейна, 24",5433,454,"59,93",Карта,"599,26","539,33",Женский,30-01-1961,Путеводители,Индонезия,TRUE,"[59.929700, 30.344695]"
12:50:05,2024-08-20 00:00:00,"Ул. Рубинштейна, 24",6928,298,"183,468",Наличные,"611,56","428,092",Женский,18-04-1969,Комиксы,Супермен,TRUE,"[59.929700, 30.344695]"
12:15:49,2024-08-20 00:00:00,"Ул. Рубинштейна, 24",7587,79,"99,48",Карта,"1017,66","918,18",Женский,21-03-2005,Комиксы,Флэш,TRUE,"[59.929700, 30.344695]"
22:52:03,2024-08-20 00:00:00,"Ул. Декабристов, 15",8894,33,"201,021",Наличные,"670,07","469,049",Мужской,27-11-1995,Научная литература,Палеонтология,TRUE,"[59.928154, 30.302429]"
14:45:10,2024-08-20 00:00:00,"Ул. Декабристов, 15",9523,343,"85,15",Карта,"688,38","603,23",Женский,15-05-1962,Художественная литература,Мастер и Маргарита,TRUE,"[59.928154, 30.302429]"
01:56:53,2024-08-21 00:00:00,"Московский пр., 90",6654,17,"186,588",Наличные,"621,96","435,372",Мужской,27-12-1962,Художественная литература,Отцы и дети,TRUE,"[59.924032, 30.317189]"
21:43:57,2024-08-21 00:00:00,"Московский пр., 90",8043,491,"206,934",Карта,"689,78","482,846",Мужской,01-12-1990,Научная литература,Философия науки,TRUE,"[59.924032, 30.317189]"
10:25:59,2024-08-21 00:00:00,"Гагаринская ул., 12",8878,120,"215,44",Онлайн,"758,83","543,39",Мужской,19-05-1966,Научная литература,Философия науки,TRUE,"[59.946153, 30.342916]"
22:18:55,2024-08-21 00:00:00,"Невский пр., 30",9304,386,"94,4",Онлайн,"585,95","491,55",Женский,25-09-1997,Научная литература,Экономика труда,TRUE,"[59.935543, 30.327349]"
17:20:22,2024-08-21 00:00:00,"Московский пр., 90",9949,137,"102,6",Наличные,"513,01","410,41",Женский,25-09-2002,Художественная литература,Мастер и Маргарита,TRUE,"[59.924032, 30.317189]"
06:12:02,2024-08-22 00:00:00,"Московский пр., 90",1068,377,"164,226",Карта,"547,42","383,194",Мужской,28-11-1966,Путеводители,Турция,TRUE,"[59.924032, 30.317189]"
23:58:08,2024-08-22 00:00:00,"Московский пр., 90",2614,23,"312,43",Наличные,"1160,44","848,01",Женский,17-11-1986,Комиксы,Флэш,TRUE,"[59.924032, 30.317189]"
12:37:27,2024-08-22 00:00:00,"Ул. Декабристов, 15",3263,28,"215,15",Наличные,"957,2","742,05",Женский,30-11-1963,Комиксы,Доктор Стрэндж,TRUE,"[59.928154, 30.302429]"
13:42:06,2024-08-22 00:00:00,"Ул. Декабристов, 15",3476,426,"172,602",Наличные,"575,34","402,738",Женский,01-01-1980,Путеводители,Мексика,TRUE,"[59.928154, 30.302429]"
01:07:15,2024-08-22 00:00:00,"Невский пр., 30",3484,112,"98,66",Онлайн,"576,4","477,74",Мужской,04-06-1985,Учебники,История России 10 класс,TRUE,"[59.935543, 30.327349]"
22:01:37,2024-08-22 00:00:00,"Невский пр., 30",4332,17,"105,52",Карта,"567,18","461,66",Мужской,27-12-1962,Учебники,Алгебра 7 класс,TRUE,"[59.935543, 30.327349]"
16:26:13,2024-08-22 00:00:00,"Гагаринская ул., 12",4890,115,"170,154",Наличные,"567,18","397,026",Мужской,10-05-1968,Учебники,Алгебра 7 класс,TRUE,"[59.946153, 30.342916]"
20:54:06,2024-08-22 00:00:00,"Ул. Декабристов, 15",5161,453,"225,192",Онлайн,"750,64","525,448",Женский,05-08-1986,Художественная литература,Лолита,TRUE,"[59.928154, 30.302429]"
09:16:15,2024-08-22 00:00:00,"Московский пр., 90",6667,401,"151,02",Онлайн,"900,53","749,51",Женский,23-06-1999,Комиксы,Бэтмен,TRUE,"[59.924032, 30.317189]"
02:50:58,2024-08-22 00:00:00,"Ул. Рубинштейна, 24",6919,288,"100,95",Онлайн,"1160,44","1059,49",Мужской,18-04-1969,Комиксы,Флэш,TRUE,"[59.929700, 30.344695]"
10:19:25,2024-08-22 00:00:00,"Ул. Декабристов, 15",8591,390,"123,68",Карта,"555,29","431,61",Женский,18-09-1975,Научная литература,Экономика труда,TRUE,"[59.928154, 30.302429]"
08:13:38,2024-08-23 00:00:00,"Гагаринская ул., 12",1876,106,"183,897",Наличные,"612,99","429,093",Женский,02-08-1973,Комиксы,Доктор Стрэндж,TRUE,"[59.946153, 30.342916]"
11:01:42,2024-08-23 00:00:00,"Невский пр., 30",1916,28,"85,98",Карта,"744,95","658,97",Женский,30-11-1963,Путеводители,Италия,TRUE,"[59.935543, 30.327349]"
11:54:54,2024-08-23 00:00:00,"Ул. Рубинштейна, 24",2624,41,"53,88",Карта,"800,65","746,77",Мужской,11-11-1981,Учебники,История России 10 класс,TRUE,"[59.929700, 30.344695]"
06:37:21,2024-08-23 00:00:00,"Московский пр., 90",3279,298,"74,91",Наличные,"695,59","620,68",Женский,18-04-1969,Художественная литература,Обломов,TRUE,"[59.924032, 30.317189]"
14:36:47,2024-08-23 00:00:00,"Ул. Декабристов, 15",3508,312,"96,7",Наличные,"682,38","585,68",Женский,12-04-1999,Комиксы,Человек-Паук,TRUE,"[59.928154, 30.302429]"
16:48:55,2024-08-23 00:00:00,"Ул. Рубинштейна, 24",4168,103,"90,64",Карта,"980,26","889,62",Женский,09-04-1964,Комиксы,Бэтмен,TRUE,"[59.929700, 30.344695]"
21:50:28,2024-08-23 00:00:00,"Невский пр., 30",9118,487,"143,09",Онлайн,"561,25","418,16",Женский,20-07-1997,Научная литература,Философия науки,TRUE,"[59.935543, 30.327349]"
21:21:09,2024-08-23 00:00:00,"Ул. Декабристов, 15",9767,416,"42,53",Карта,"610,29","567,76",Мужской,09-12-1965,Художественная литература,Отцы и дети,TRUE,"[59.928154, 30.302429]"
11:25:54,2024-08-24 00:00:00,"Ул. Рубинштейна, 24",2380,390,"37,29",Наличные,"583,61","546,32",Женский,18-09-1975,Комиксы,Супермен,TRUE,"[59.929700, 30.344695]"
03:36:49,2024-08-24 00:00:00,"Гагаринская ул., 12",3300,493,"87,92",Карта,"528,88","440,96",Мужской,23-12-1977,Комиксы,Человек-Паук,TRUE,"[59.946153, 30.342916]"
00:52:38,2024-08-24 00:00:00,"Гагаринская ул., 12",4243,257,"157,113",Онлайн,"523,71","366,597",Женский,30-12-1995,Учебники,География 6 класс,TRUE,"[59.946153, 30.342916]"
19:42:09,2024-08-24 00:00:00,"Гагаринская ул., 12",4299,474,"59,78",Онлайн,"758,83","699,05",Женский,26-08-1969,Научная литература,Философия науки,TRUE,"[59.946153, 30.342916]"
21:02:08,2024-08-24 00:00:00,"Ул. Декабристов, 15",4629,317,"111,57",Наличные,"509,92","398,35",Женский,17-08-1970,Художественная литература,Преступление и наказание,TRUE,"[59.928154, 30.302429]"
19:24:41,2024-08-24 00:00:00,"Ул. Рубинштейна, 24",4742,404,"191,502",Карта,"638,34","446,838",Женский,21-12-1993,Комиксы,Бэтмен,TRUE,"[59.929700, 30.344695]"
04:22:34,2024-08-24 00:00:00,"Невский пр., 30",5271,405,"220,746",Наличные,"735,82","515,074",Женский,07-09-1982,Художественная литература,Преступление и наказание,TRUE,"[59.935543, 30.327349]"
09:20:07,2024-08-24 00:00:00,"Ул. Декабристов, 15",6764,264,"151,26",Онлайн,"504,2","352,94",Женский,29-06-1992,Учебники,Химия 9 класс,TRUE,"[59.928154, 30.302429]"
13:12:49,2024-08-24 00:00:00,"Гагаринская ул., 12",6896,60,"286,296",Онлайн,"954,32","668,024",Мужской,22-03-1961,Путеводители,Швейцария,TRUE,"[59.946153, 30.342916]"
12:38:27,2024-08-24 00:00:00,"Ул. Декабристов, 15",7773,446,"145,41",Карта,"511,76","366,35",Мужской,05-05-1991,Художественная литература,Преступление и наказание,TRUE,"[59.928154, 30.302429]"
22:05:47,2024-08-24 00:00:00,"Ул. Декабристов, 15",8800,123,"287,16",Онлайн,"957,2","670,04",Женский,17-07-1992,Комиксы,Доктор Стрэндж,TRUE,"[59.928154, 30.302429]"
09:52:41,2024-08-25 00:00:00,"Московский пр., 90",1666,389,"170,295",Наличные,"567,65","397,355",Мужской,13-02-1984,Путеводители,Турция,TRUE,"[59.924032, 30.317189]"
12:50:39,2024-08-25 00:00:00,"Ул. Декабристов, 15",2080,330,"124,86",Онлайн,"586,97","462,11",Женский,01-11-1960,Научная литература,Палеонтология,TRUE,"[59.928154, 30.302429]"
07:06:42,2024-08-25 00:00:00,"Ул. Рубинштейна, 24",2312,495,"189,468",Онлайн,"631,56","442,092",Мужской,03-01-2003,Путеводители,Индонезия,TRUE,"[59.929700, 30.344695]"
19:01:42,2024-08-25 00:00:00,"Московский пр., 90",2688,324,"192,63",Наличные,"872,18","679,55",Женский,15-08-1975,Учебники,География 6 класс,TRUE,"[59.924032, 30.317189]"
16:57:01,2024-08-25 00:00:00,"Московский пр., 90",2731,223,"175,758",Карта,"585,86","410,102",Мужской,24-09-1989,Художественная литература,Лолита,TRUE,"[59.924032, 30.317189]"
06:38:27,2024-08-25 00:00:00,"Невский пр., 30",2775,457,"212,331",Онлайн,"707,77","495,439",Женский,08-11-1996,Комиксы,Доктор Стрэндж,TRUE,"[59.935543, 30.327349]"
17:33:01,2024-08-25 00:00:00,"Ул. Рубинштейна, 24",3053,148,"170,601",Наличные,"568,67","398,069",Мужской,29-06-1967,Художественная литература,Преступление и наказание,TRUE,"[59.929700, 30.344695]"
12:38:27,2024-08-25 00:00:00,"Московский пр., 90",4140,484,"64,41",Наличные,"767,62","703,21",Мужской,28-05-1964,Учебники,Химия 9 класс,TRUE,"[59.924032, 30.317189]"
11:50:41,2024-08-25 00:00:00,"Гагаринская ул., 12",6092,451,"68,72",Наличные,"687,22","618,5",Женский,28-08-1960,Художественная литература,Лолита,TRUE,"[59.946153, 30.342916]"
05:22:56,2024-08-25 00:00:00,"Невский пр., 30",6532,108,"95,1",Онлайн,"567,65","472,55",Мужской,25-09-1999,Путеводители,Турция,TRUE,"[59.935543, 30.327349]"
07:50:55,2024-08-25 00:00:00,"Ул. Декабристов, 15",8365,64,"105,25",Наличные,"526,77","421,52",Мужской,03-01-1997,Научная литература,Философия науки,TRUE,"[59.928154, 30.302429]"
00:45:28,2024-08-25 00:00:00,"Гагаринская ул., 12",9242,452,"166,58",Карта,"610,29","443,71",Мужской,28-08-1998,Художественная литература,Отцы и дети,TRUE,"[59.946153, 30.342916]"
05:48:54,2024-08-26 00:00:00,"Ул. Декабристов, 15",1359,17,"153,042",Наличные,"510,14","357,098",Мужской,27-12-1962,Комиксы,Доктор Стрэндж,TRUE,"[59.928154, 30.302429]"
01:00:59,2024-08-26 00:00:00,"Невский пр., 30",1371,264,"260,925",Карта,"869,75","608,825",Женский,29-06-1992,Путеводители,Швейцария,TRUE,"[59.935543, 30.327349]"
11:33:59,2024-08-26 00:00:00,"Ул. Декабристов, 15",2656,318,"175,083",Карта,"583,61","408,527",Женский,03-08-1995,Комиксы,Супермен,TRUE,"[59.928154, 30.302429]"
00:00:04,2024-08-26 00:00:00,"Невский пр., 30",4071,70,"177,639",Онлайн,"592,13","414,491",Женский,03-09-1971,Комиксы,Доктор Стрэндж,TRUE,"[59.935543, 30.327349]"
18:41:50,2024-08-26 00:00:00,"Московский пр., 90",4725,79,"265,323",Онлайн,"884,41","619,087",Женский,21-03-2005,Художественная литература,Отцы и дети,TRUE,"[59.924032, 30.317189]"
09:25:21,2024-08-26 00:00:00,"Невский пр., 30",4962,414,"51,39",Онлайн,"558,57","507,18",Мужской,22-04-1973,Учебники,География 6 класс,TRUE,"[59.935543, 30.327349]"
10:53:50,2024-08-26 00:00:00,"Ул. Рубинштейна, 24",5284,52,"260,925",Наличные,"869,75","608,825",Мужской,12-01-2000,Путеводители,Швейцария,TRUE,"[59.929700, 30.344695]"
13:09:30,2024-08-26 00:00:00,"Ул. Декабристов, 15",5765,343,"86,74",Онлайн,"547,42","460,68",Женский,15-05-1962,Путеводители,Турция,TRUE,"[59.928154, 30.302429]"
20:08:55,2024-08-26 00:00:00,"Гагаринская ул., 12",5967,146,"121,07",Карта,"608,92","487,85",Женский,13-04-1957,Учебники,География 6 класс,TRUE,"[59.946153, 30.342916]"
22:22:50,2024-08-26 00:00:00,"Ул. Рубинштейна, 24",6578,99,"251,31",Онлайн,"897,95","646,64",Женский,17-03-1976,Комиксы,Супермен,TRUE,"[59.929700, 30.344695]"
07:38:53,2024-08-26 00:00:00,"Ул. Рубинштейна, 24",7060,230,"175,002",Карта,"583,34","408,338",Женский,02-04-1993,Учебники,Химия 9 класс,TRUE,"[59.929700, 30.344695]"
08:03:07,2024-08-26 00:00:00,"Гагаринская ул., 12",7586,4,"162,981",Онлайн,"543,27","380,289",Женский,19-01-1956,Путеводители,Индонезия,TRUE,"[59.946153, 30.342916]"
05:56:15,2024-08-26 00:00:00,"Ул. Декабристов, 15",7593,272,"200,889",Онлайн,"669,63","468,741",Женский,15-08-1957,Учебники,География 6 класс,TRUE,"[59.928154, 30.302429]"
12:53:14,2024-08-26 00:00:00,"Гагаринская ул., 12",7711,464,"114,48",Наличные,"572,42","457,94",Мужской,02-11-1991,Художественная литература,Отцы и дети,TRUE,"[59.946153, 30.342916]"
09:01:56,2024-08-27 00:00:00,"Ул. Декабристов, 15",2532,451,"164,403",Онлайн,"548,01","383,607",Женский,28-08-1960,Учебники,Алгебра 7 класс,TRUE,"[59.928154, 30.302429]"
13:35:40,2024-08-27 00:00:00,"Московский пр., 90",4224,322,"404,721",Наличные,"1349,07","944,349",Женский,02-11-1963,Научная литература,Философия науки,TRUE,"[59.924032, 30.317189]"
13:51:07,2024-08-27 00:00:00,"Ул. Рубинштейна, 24",6004,407,"120,34",Онлайн,"741,58","621,24",Женский,11-05-1984,Путеводители,Италия,TRUE,"[59.929700, 30.344695]"
09:32:23,2024-08-27 00:00:00,"Гагаринская ул., 12",6353,140,"27,72",Онлайн,"535,56","507,84",Мужской,16-04-1995,Комиксы,Флэш,TRUE,"[59.946153, 30.342916]"
06:19:36,2024-08-27 00:00:00,"Московский пр., 90",6361,230,"215,685",Карта,"718,95","503,265",Женский,02-04-1993,Путеводители,Индонезия,TRUE,"[59.924032, 30.317189]"
20:51:01,2024-08-27 00:00:00,"Невский пр., 30",7459,244,"162,49",Наличные,"1518,53","1356,04",Женский,18-05-1970,Путеводители,Швейцария,TRUE,"[59.935543, 30.327349]"
22:56:25,2024-08-27 00:00:00,"Ул. Декабристов, 15",8643,314,"180,177",Онлайн,"600,59","420,413",Женский,17-09-1955,Комиксы,Бэтмен,TRUE,"[59.928154, 30.302429]"
18:11:48,2024-08-27 00:00:00,"Ул. Рубинштейна, 24",9045,166,"113,42",Карта,"612,99","499,57",Женский,31-10-1993,Комиксы,Доктор Стрэндж,TRUE,"[59.929700, 30.344695]"
08:56:57,2024-08-28 00:00:00,"Ул. Декабристов, 15",3556,79,"194,148",Онлайн,"647,16","453,012",Женский,21-03-2005,Учебники,История России 10 класс,TRUE,"[59.928154, 30.302429]"
17:54:01,2024-08-28 00:00:00,"Ул. Декабристов, 15",4821,31,"152,304",Карта,"507,68","355,376",Женский,19-07-1959,Комиксы,Человек-Паук,TRUE,"[59.928154, 30.302429]"
16:53:29,2024-08-28 00:00:00,"Московский пр., 90",4927,28,"41,47",Карта,"700,16","658,69",Женский,30-11-1963,Комиксы,Доктор Стрэндж,TRUE,"[59.924032, 30.317189]"
16:02:03,2024-08-28 00:00:00,"Ул. Декабристов, 15",5792,101,"251,061",Онлайн,"836,87","585,809",Мужской,24-08-1958,Научная литература,Экономика труда,TRUE,"[59.928154, 30.302429]"
00:12:26,2024-08-28 00:00:00,"Московский пр., 90",6814,481,"30,51",Наличные,"610,29","579,78",Женский,25-02-1988,Художественная литература,Отцы и дети,TRUE,"[59.924032, 30.317189]"
01:39:04,2024-08-28 00:00:00,"Невский пр., 30",7220,466,"64,82",Карта,537,"472,18",Мужской,10-05-1976,Учебники,География 6 класс,TRUE,"[59.935543, 30.327349]"
22:18:26,2024-08-28 00:00:00,"Московский пр., 90",8239,167,"200,472",Карта,"668,24","467,768",Женский,13-02-1978,Путеводители,Италия,TRUE,"[59.924032, 30.317189]"
02:23:53,2024-08-28 00:00:00,"Московский пр., 90",9898,177,"111,67",Онлайн,"707,77","596,1",Мужской,15-04-1988,Комиксы,Доктор Стрэндж,TRUE,"[59.924032, 30.317189]"
23:24:41,2024-08-29 00:00:00,"Московский пр., 90",2216,492,"209,991",Наличные,"699,97","489,979",Женский,17-06-1997,Научная литература,Квантовая физика,TRUE,"[59.924032, 30.317189]"
21:27:11,2024-08-29 00:00:00,"Московский пр., 90",5170,388,"186,522",Карта,"621,74","435,218",Мужской,26-08-1974,Научная литература,Экономика труда,TRUE,"[59.924032, 30.317189]"
11:24:59,2024-08-29 00:00:00,"Московский пр., 90",5521,218,"236,625",Онлайн,"788,75","552,125",Женский,06-05-1969,Художественная литература,Отцы и дети,TRUE,"[59.924032, 30.317189]"
07:27:51,2024-08-29 00:00:00,"Гагаринская ул., 12",7152,28,"109,52",Карта,"621,96","512,44",Женский,30-11-1963,Художественная литература,Отцы и дети,TRUE,"[59.946153, 30.342916]"
04:54:18,2024-08-29 00:00:00,"Гагаринская ул., 12",7425,292,"72,98",Карта,"608,07","535,09",Мужской,17-01-1964,Путеводители,Швейцария,TRUE,"[59.946153, 30.342916]"
01:33:49,2024-08-29 00:00:00,"Ул. Декабристов, 15",8682,10,"181,932",Карта,"606,44","424,508",Женский,27-04-1998,Путеводители,Италия,TRUE,"[59.928154, 30.302429]"
16:34:36,2024-08-30 00:00:00,"Московский пр., 90",1161,23,"41,38",Наличные,"827,5","786,12",Женский,17-11-1986,Художественная литература,Мастер и Маргарита,TRUE,"[59.924032, 30.317189]"
19:55:22,2024-08-30 00:00:00,"Гагаринская ул., 12",1361,56,"84,24",Карта,"842,39","758,15",Женский,12-09-1959,Учебники,Физика 8 класс,TRUE,"[59.946153, 30.342916]"
07:57:11,2024-08-30 00:00:00,"Ул. Рубинштейна, 24",2045,395,"200,472",Онлайн,"668,24","467,768",Женский,18-05-2004,Путеводители,Италия,TRUE,"[59.929700, 30.344695]"
00:40:06,2024-08-30 00:00:00,"Ул. Рубинштейна, 24",6802,458,"167,571",Наличные,"558,57","390,999",Женский,01-10-1977,Учебники,География 6 класс,TRUE,"[59.929700, 30.344695]"
05:43:00,2024-08-30 00:00:00,"Ул. Рубинштейна, 24",6965,17,"260,925",Онлайн,"869,75","608,825",Мужской,27-12-1962,Путеводители,Швейцария,TRUE,"[59.929700, 30.344695]"
07:18:59,2024-08-30 00:00:00,"Ул. Декабристов, 15",9643,160,"194,484",Онлайн,"648,28","453,796",Женский,23-03-1980,Научная литература,Микробиология,TRUE,"[59.928154, 30.302429]"
19:36:13,2024-08-31 00:00:00,"Невский пр., 30",1668,314,"180,177",Онлайн,"600,59","420,413",Женский,17-09-1955,Комиксы,Бэтмен,TRUE,"[59.935543, 30.327349]"
15:11:43,2024-08-31 00:00:00,"Ул. Рубинштейна, 24",1795,161,"99,85",Карта,"803,08","703,23",Мужской,13-01-1976,Путеводители,Италия,TRUE,"[59.929700, 30.344695]"
13:08:58,2024-08-31 00:00:00,"Ул. Рубинштейна, 24",2987,4,"170,29",Онлайн,"897,95","727,66",Женский,19-01-1956,Комиксы,Супермен,TRUE,"[59.929700, 30.344695]"
23:06:12,2024-08-31 00:00:00,"Ул. Рубинштейна, 24",4639,381,"43,27",Наличные,"503,36","460,09",Женский,01-07-2003,Художественная литература,Преступление и наказание,TRUE,"[59.929700, 30.344695]"
03:16:27,2024-08-31 00:00:00,"Гагаринская ул., 12",5257,235,"75,89",Карта,"631,56","555,67",Мужской,23-02-2004,Путеводители,Индонезия,TRUE,"[59.946153, 30.342916]"
23:50:52,2024-08-31 00:00:00,"Невский пр., 30",5548,32,"211,5",Карта,"705,01","493,51",Мужской,11-08-1975,Учебники,География 6 класс,TRUE,"[59.935543, 30.327349]"
13:39:30,2024-08-31 00:00:00,"Невский пр., 30",6032,450,"159,87",Наличные,"532,9","373,03",Мужской,26-11-1995,Художественная литература,Преступление и наказание,TRUE,"[59.935543, 30.327349]"
11:58:42,2024-08-31 00:00:00,"Ул. Рубинштейна, 24",6307,52,"108,31",Наличные,"980,26","871,95",Мужской,12-01-2000,Комиксы,Бэтмен,TRUE,"[59.929700, 30.344695]"
15:42:30,2024-08-31 00:00:00,"Ул. Декабристов, 15",7103,199,"171,96",Карта,"573,2","401,24",Мужской,09-06-1971,Учебники,Физика 8 класс,TRUE,"[59.928154, 30.302429]"
03:42:37,2024-08-31 00:00:00,"Ул. Декабристов, 15",7298,285,"183,468",Онлайн,"611,56","428,092",Женский,28-10-1986,Комиксы,Супермен,TRUE,"[59.928154, 30.302429]"
18:43:00,2024-08-31 00:00:00,"Московский пр., 90",7495,51,"98,26",Наличные,"568,5","470,24",Женский,03-11-1955,Путеводители,Индонезия,TRUE,"[59.924032, 30.317189]"
01:13:57,2024-08-31 00:00:00,"Московский пр., 90",9460,217,"39,57",Наличные,"714,73","675,16",Женский,09-02-1989,Учебники,История России 10 класс,TRUE,"[59.924032, 30.317189]"
18:04:36,2024-09-01 00:00:00,"Ул. Рубинштейна, 24",2060,335,"310,61",Карта,"1518,53","1207,92",Мужской,24-08-2006,Путеводители,Швейцария,TRUE,"[59.929700, 30.344695]"
18:32:10,2024-09-01 00:00:00,"Московский пр., 90",6882,349,"186,522",Онлайн,"621,74","435,218",Женский,07-05-1983,Научная литература,Экономика труда,TRUE,"[59.924032, 30.317189]"
17:00:59,2024-09-01 00:00:00,"Ул. Декабристов, 15",7662,370,"88,05",Карта,"586,97","498,92",Мужской,30-08-1995,Научная литература,Палеонтология,TRUE,"[59.928154, 30.302429]"
16:56:47,2024-09-01 00:00:00,"Ул. Рубинштейна, 24",7738,229,"175,083",Онлайн,"583,61","408,527",Женский,07-10-1978,Комиксы,Супермен,TRUE,"[59.929700, 30.344695]"
11:19:25,2024-09-01 00:00:00,"Московский пр., 90",8452,281,"208,677",Наличные,"695,59","486,913",Мужской,26-01-1982,Художественная литература,Обломов,TRUE,"[59.924032, 30.317189]"
13:54:14,2024-09-01 00:00:00,"Московский пр., 90",8565,177,"103,08",Наличные,"515,38","412,3",Мужской,15-04-1988,Путеводители,Индонезия,TRUE,"[59.924032, 30.317189]"
15:16:03,2024-09-02 00:00:00,"Ул. Рубинштейна, 24",3431,91,"163,809",Карта,"546,03","382,221",Мужской,08-04-1995,Художественная литература,Лолита,TRUE,"[59.929700, 30.344695]"
22:36:50,2024-09-02 00:00:00,"Ул. Рубинштейна, 24",3650,369,"126,7",Онлайн,"744,95","618,25",Женский,21-03-2001,Путеводители,Италия,TRUE,"[59.929700, 30.344695]"
05:13:11,2024-09-02 00:00:00,"Московский пр., 90",4260,138,"175,785",Карта,"585,95","410,165",Мужской,11-09-1999,Научная литература,Экономика труда,TRUE,"[59.924032, 30.317189]"
11:13:13,2024-09-02 00:00:00,"Гагаринская ул., 12",7041,420,"66,96",Карта,"768,2","701,24",Мужской,03-05-1966,Художественная литература,Мастер и Маргарита,TRUE,"[59.946153, 30.342916]"
18:37:22,2024-09-02 00:00:00,"Гагаринская ул., 12",7406,70,"106,25",Карта,"1177,65","1071,4",Женский,03-09-1971,Художественная литература,Лолита,TRUE,"[59.946153, 30.342916]"
13:16:12,2024-09-02 00:00:00,"Гагаринская ул., 12",8696,103,"39,7",Онлайн,"618,91","579,21",Женский,09-04-1964,Научная литература,Философия науки,TRUE,"[59.946153, 30.342916]"
23:59:25,2024-09-02 00:00:00,"Невский пр., 30",9495,348,"200,472",Карта,"668,24","467,768",Мужской,05-04-1987,Путеводители,Италия,TRUE,"[59.935543, 30.327349]"
10:42:50,2024-09-02 00:00:00,"Ул. Декабристов, 15",9824,210,"248,67",Карта,"838,73","590,06",Мужской,29-11-1957,Путеводители,Индонезия,TRUE,"[59.928154, 30.302429]"
13:10:41,2024-09-03 00:00:00,"Ул. Рубинштейна, 24",1140,312,"119,75",Наличные,"504,2","384,45",Женский,12-04-1999,Учебники,Химия 9 класс,TRUE,"[59.929700, 30.344695]"
21:30:06,2024-09-03 00:00:00,"Гагаринская ул., 12",1699,191,"239,77",Онлайн,"900,53","660,76",Мужской,25-12-2001,Комиксы,Бэтмен,TRUE,"[59.946153, 30.342916]"
13:04:56,2024-09-03 00:00:00,"Ул. Декабристов, 15",2853,102,"192,024",Наличные,"640,08","448,056",Женский,17-07-1978,Художественная литература,Отцы и дети,TRUE,"[59.928154, 30.302429]"
19:52:50,2024-09-03 00:00:00,"Ул. Декабристов, 15",3087,345,"162,429",Наличные,"541,43","379,001",Женский,17-02-2004,Художественная литература,Обломов,TRUE,"[59.928154, 30.302429]"
04:09:36,2024-09-03 00:00:00,"Московский пр., 90",3962,298,"196,137",Онлайн,"653,79","457,653",Женский,18-04-1969,Комиксы,Флэш,TRUE,"[59.924032, 30.317189]"
19:57:33,2024-09-03 00:00:00,"Московский пр., 90",4172,333,"215,16",Онлайн,"717,2","502,04",Женский,18-04-1988,Комиксы,Супермен,TRUE,"[59.924032, 30.317189]"
20:17:14,2024-09-03 00:00:00,"Гагаринская ул., 12",4303,334,"253,29",Карта,"844,3","591,01",Мужской,08-06-1961,Путеводители,Турция,TRUE,"[59.946153, 30.342916]"
21:15:17,2024-09-03 00:00:00,"Ул. Рубинштейна, 24",4415,363,"215,16",Карта,"717,2","502,04",Женский,19-11-1998,Комиксы,Супермен,TRUE,"[59.929700, 30.344695]"
04:12:14,2024-09-03 00:00:00,"Московский пр., 90",5606,76,"81,03",Карта,"514,92","433,89",Женский,19-01-1958,Комиксы,Супермен,TRUE,"[59.924032, 30.317189]"
05:52:15,2024-09-03 00:00:00,"Ул. Рубинштейна, 24",6324,421,"155,145",Карта,"517,15","362,005",Женский,04-03-1986,Учебники,Химия 9 класс,TRUE,"[59.929700, 30.344695]"
17:33:03,2024-09-03 00:00:00,"Московский пр., 90",8160,390,"190,062",Онлайн,"633,54","443,478",Женский,18-09-1975,Учебники,Алгебра 7 класс,TRUE,"[59.924032, 30.317189]"
16:21:11,2024-09-03 00:00:00,"Ул. Декабристов, 15",8176,23,"174,69",Онлайн,"642,55","467,86",Женский,17-11-1986,Художественная литература,Лолита,TRUE,"[59.928154, 30.302429]"
16:28:31,2024-09-03 00:00:00,"Невский пр., 30",8354,276,"107,68",Наличные,"1169,61","1061,93",Мужской,12-07-1980,Учебники,История России 10 класс,TRUE,"[59.935543, 30.327349]"
15:25:40,2024-09-03 00:00:00,"Ул. Рубинштейна, 24",8372,226,"251,44",Карта,"900,53","649,09",Женский,18-06-1964,Комиксы,Бэтмен,TRUE,"[59.929700, 30.344695]"
21:38:35,2024-09-04 00:00:00,"Ул. Рубинштейна, 24",1071,191,"75,88",Карта,"864,6","788,72",Мужской,25-12-2001,Учебники,География 6 класс,TRUE,"[59.929700, 30.344695]"
19:35:12,2024-09-04 00:00:00,"Московский пр., 90",1147,370,"99,08",Карта,"887,52","788,44",Мужской,30-08-1995,Учебники,География 6 класс,TRUE,"[59.924032, 30.317189]"
02:52:21,2024-09-04 00:00:00,"Ул. Рубинштейна, 24",1954,294,"181,79",Карта,"749,94","568,15",Женский,09-04-2002,Учебники,Химия 9 класс,TRUE,"[59.929700, 30.344695]"
12:16:15,2024-09-04 00:00:00,"Ул. Рубинштейна, 24",2470,322,"107,43",Наличные,"537,16","429,73",Женский,02-11-1963,Научная литература,Палеонтология,TRUE,"[59.929700, 30.344695]"
15:15:27,2024-09-04 00:00:00,"Ул. Декабристов, 15",2895,49,"248,073",Онлайн,"826,91","578,837",Мужской,25-10-1963,Учебники,Физика 8 класс,TRUE,"[59.928154, 30.302429]"
18:05:29,2024-09-04 00:00:00,"Гагаринская ул., 12",4601,387,"201,021",Наличные,"670,07","469,049",Женский,21-10-1994,Научная литература,Палеонтология,TRUE,"[59.946153, 30.342916]"
11:32:25,2024-09-04 00:00:00,"Московский пр., 90",5904,402,"47,9",Карта,"958,04","910,14",Мужской,30-04-2000,Путеводители,Индонезия,TRUE,"[59.924032, 30.317189]"
06:47:31,2024-09-04 00:00:00,"Ул. Рубинштейна, 24",6852,212,"175,083",Онлайн,"583,61","408,527",Женский,19-05-1995,Комиксы,Супермен,TRUE,"[59.929700, 30.344695]"
15:12:40,2024-09-04 00:00:00,"Невский пр., 30",7004,420,"100,73",Наличные,"700,16","599,43",Мужской,03-05-1966,Комиксы,Доктор Стрэндж,TRUE,"[59.935543, 30.327349]"
17:09:03,2024-09-04 00:00:00,"Московский пр., 90",7049,55,"227,511",Карта,"758,37","530,859",Женский,15-08-1996,Научная литература,Палеонтология,TRUE,"[59.924032, 30.317189]"
09:48:32,2024-09-04 00:00:00,"Ул. Рубинштейна, 24",7168,3,"112,35",Карта,"561,76","449,41",Женский,21-11-1982,Научная литература,Философия науки,TRUE,"[59.929700, 30.344695]"
04:08:28,2024-09-04 00:00:00,"Ул. Рубинштейна, 24",7238,106,"167,742",Онлайн,"559,14","391,398",Женский,02-08-1973,Художественная литература,Обломов,TRUE,"[59.929700, 30.344695]"
12:29:38,2024-09-04 00:00:00,"Невский пр., 30",8057,453,"182,421",Онлайн,"608,07","425,649",Женский,05-08-1986,Путеводители,Швейцария,TRUE,"[59.935543, 30.327349]"
10:51:13,2024-09-04 00:00:00,"Московский пр., 90",8124,228,"52,38",Карта,"520,7","468,32",Мужской,03-02-1967,Научная литература,Квантовая физика,TRUE,"[59.924032, 30.317189]"
02:35:50,2024-09-04 00:00:00,"Гагаринская ул., 12",8264,235,"193,77",Наличные,"748,38","554,61",Мужской,23-02-2004,Комиксы,Человек-Паук,TRUE,"[59.946153, 30.342916]"
01:13:27,2024-09-04 00:00:00,"Московский пр., 90",9402,307,"201,48",Онлайн,"866,19","664,71",Женский,15-10-1966,Научная литература,Палеонтология,TRUE,"[59.924032, 30.317189]"
13:25:44,2024-09-04 00:00:00,"Ул. Декабристов, 15",9526,488,"212,331",Карта,"707,77","495,439",Женский,14-01-1997,Комиксы,Доктор Стрэндж,TRUE,"[59.928154, 30.302429]"
11:07:43,2024-09-04 00:00:00,"Ул. Декабристов, 15",9658,395,"124,78",Онлайн,"610,79","486,01",Женский,18-05-2004,Художественная литература,Лолита,TRUE,"[59.928154, 30.302429]"
01:28:13,2024-09-05 00:00:00,"Ул. Рубинштейна, 24",1835,153,"53,42",Онлайн,"523,71","470,29",Мужской,21-12-1999,Учебники,География 6 класс,TRUE,"[59.929700, 30.344695]"
03:01:48,2024-09-05 00:00:00,"Ул. Декабристов, 15",2477,10,"191,319",Наличные,"637,73","446,411",Женский,27-04-1998,Учебники,Физика 8 класс,TRUE,"[59.928154, 30.302429]"
16:47:14,2024-09-05 00:00:00,"Московский пр., 90",6268,281,"257,016",Онлайн,"856,72","599,704",Мужской,26-01-1982,Комиксы,Супермен,TRUE,"[59.924032, 30.317189]"
22:59:31,2024-09-05 00:00:00,"Ул. Декабристов, 15",8154,290,"185,079",Карта,"616,93","431,851",Мужской,19-03-1998,Художественная литература,Обломов,TRUE,"[59.928154, 30.302429]"
07:11:25,2024-09-05 00:00:00,"Ул. Декабристов, 15",9855,377,"158,031",Наличные,"526,77","368,739",Мужской,28-11-1966,Научная литература,Философия науки,TRUE,"[59.928154, 30.302429]"
20:22:18,2024-09-06 00:00:00,"Гагаринская ул., 12",1291,298,111,Онлайн,"562,48","451,48",Женский,18-04-1969,Путеводители,Италия,TRUE,"[59.946153, 30.342916]"
18:48:45,2024-09-06 00:00:00,"Московский пр., 90",1338,157,"208,677",Онлайн,"695,59","486,913",Мужской,11-04-1956,Художественная литература,Обломов,TRUE,"[59.924032, 30.317189]"
23:15:11,2024-09-06 00:00:00,"Невский пр., 30",4559,352,"148,12",Наличные,"583,61","435,49",Женский,19-08-1980,Комиксы,Супермен,TRUE,"[59.935543, 30.327349]"
06:47:07,2024-09-06 00:00:00,"Гагаринская ул., 12",5192,320,"240,195",Наличные,"800,65","560,455",Мужской,12-12-1977,Учебники,История России 10 класс,TRUE,"[59.946153, 30.342916]"
02:43:35,2024-09-06 00:00:00,"Гагаринская ул., 12",5614,184,"100,82",Онлайн,"611,56","510,74",Женский,25-02-1992,Комиксы,Супермен,TRUE,"[59.946153, 30.342916]"
17:58:38,2024-09-06 00:00:00,"Ул. Рубинштейна, 24",6994,4,"161,061",Карта,"536,87","375,809",Женский,19-01-1956,Путеводители,Турция,TRUE,"[59.929700, 30.344695]"
09:57:45,2024-09-06 00:00:00,"Московский пр., 90",7622,482,"159,012",Онлайн,"530,04","371,028",Женский,29-08-1974,Комиксы,Доктор Стрэндж,TRUE,"[59.924032, 30.317189]"
06:20:12,2024-09-07 00:00:00,"Невский пр., 30",1061,335,"167,742",Наличные,"559,14","391,398",Мужской,24-08-2006,Художественная литература,Обломов,TRUE,"[59.935543, 30.327349]"
23:30:01,2024-09-07 00:00:00,"Ул. Рубинштейна, 24",1375,183,"245,6",Онлайн,"897,95","652,35",Мужской,03-03-1957,Комиксы,Супермен,TRUE,"[59.929700, 30.344695]"
13:31:44,2024-09-07 00:00:00,"Ул. Декабристов, 15",1698,316,"233,679",Карта,"778,93","545,251",Женский,11-08-1985,Путеводители,Турция,TRUE,"[59.928154, 30.302429]"
13:52:30,2024-09-07 00:00:00,"Гагаринская ул., 12",1729,349,"170,601",Онлайн,"568,67","398,069",Женский,07-05-1983,Художественная литература,Преступление и наказание,TRUE,"[59.946153, 30.342916]"
14:21:17,2024-09-07 00:00:00,"Ул. Декабристов, 15",2429,298,"127,11",Онлайн,"872,18","745,07",Женский,18-04-1969,Учебники,География 6 класс,TRUE,"[59.928154, 30.302429]"
07:15:34,2024-09-07 00:00:00,"Ул. Декабристов, 15",2460,96,"60,32",Онлайн,"900,53","840,21",Мужской,11-03-1958,Комиксы,Бэтмен,TRUE,"[59.928154, 30.302429]"
01:31:32,2024-09-07 00:00:00,"Московский пр., 90",3260,6,"131,2",Карта,"800,65","669,45",Мужской,06-09-1969,Учебники,История России 10 класс,TRUE,"[59.924032, 30.317189]"
10:12:25,2024-09-07 00:00:00,"Ул. Декабристов, 15",3531,150,"74,09",Онлайн,"851,87","777,78",Женский,05-11-1991,Комиксы,Флэш,TRUE,"[59.928154, 30.302429]"
10:38:41,2024-09-07 00:00:00,"Ул. Декабристов, 15",4229,267,"164,403",Онлайн,"548,01","383,607",Женский,09-09-1985,Учебники,Алгебра 7 класс,TRUE,"[59.928154, 30.302429]"
16:40:07,2024-09-07 00:00:00,"Невский пр., 30",4448,414,"162,213",Наличные,"540,71","378,497",Мужской,22-04-1973,Научная литература,Экономика труда,TRUE,"[59.935543, 30.327349]"
08:39:47,2024-09-07 00:00:00,"Московский пр., 90",5319,437,"294,078",Онлайн,"980,26","686,182",Мужской,26-03-1979,Комиксы,Бэтмен,TRUE,"[59.924032, 30.317189]"
11:31:42,2024-09-07 00:00:00,"Ул. Рубинштейна, 24",5333,323,"240,924",Онлайн,"803,08","562,156",Мужской,16-09-1977,Путеводители,Италия,TRUE,"[59.929700, 30.344695]"
08:10:47,2024-09-07 00:00:00,"Гагаринская ул., 12",5456,373,"92,86",Карта,"520,7","427,84",Женский,31-12-1998,Научная литература,Квантовая физика,TRUE,"[59.946153, 30.342916]"
03:19:25,2024-09-08 00:00:00,"Невский пр., 30",1333,268,"177,618",Онлайн,"592,06","414,442",Мужской,24-06-1973,Путеводители,Италия,TRUE,"[59.935543, 30.327349]"
23:31:42,2024-09-08 00:00:00,"Ул. Рубинштейна, 24",1868,443,"170,154",Онлайн,"567,18","397,026",Мужской,26-07-1985,Учебники,Алгебра 7 класс,TRUE,"[59.929700, 30.344695]"
12:35:20,2024-09-08 00:00:00,"Невский пр., 30",2919,299,"47,41",Карта,"575,34","527,93",Женский,19-02-1972,Путеводители,Мексика,TRUE,"[59.935543, 30.327349]"
06:03:09,2024-09-08 00:00:00,"Ул. Декабристов, 15",3513,360,"64,83",Карта,"648,28","583,45",Женский,21-08-1995,Научная литература,Микробиология,TRUE,"[59.928154, 30.302429]"
03:20:27,2024-09-08 00:00:00,"Невский пр., 30",4413,453,"185,673",Онлайн,"618,91","433,237",Женский,05-08-1986,Научная литература,Философия науки,TRUE,"[59.935543, 30.327349]"
06:11:56,2024-09-08 00:00:00,"Московский пр., 90",4944,368,"164,721",Онлайн,"549,07","384,349",Мужской,03-07-1967,Путеводители,Мексика,TRUE,"[59.924032, 30.317189]"
07:27:29,2024-09-08 00:00:00,"Ул. Декабристов, 15",5247,296,"319,86",Онлайн,"1066,2","746,34",Женский,01-06-1984,Комиксы,Бэтмен,TRUE,"[59.928154, 30.302429]"
18:13:34,2024-09-08 00:00:00,"Московский пр., 90",5747,167,"40,12",Карта,"596,02","555,9",Женский,13-02-1978,Учебники,Алгебра 7 класс,TRUE,"[59.924032, 30.317189]"
17:29:36,2024-09-08 00:00:00,"Ул. Рубинштейна, 24",5995,3,"251,061",Наличные,"836,87","585,809",Женский,21-11-1982,Научная литература,Экономика труда,TRUE,"[59.929700, 30.344695]"
15:03:50,2024-09-08 00:00:00,"Ул. Декабристов, 15",6564,241,"84,22",Карта,"1169,61","1085,39",Женский,28-09-1979,Учебники,История России 10 класс,TRUE,"[59.928154, 30.302429]"
17:19:48,2024-09-08 00:00:00,"Ул. Рубинштейна, 24",7422,241,"211,812",Онлайн,"706,04","494,228",Женский,28-09-1979,Научная литература,Квантовая физика,TRUE,"[59.929700, 30.344695]"
18:18:36,2024-09-08 00:00:00,"Гагаринская ул., 12",7825,490,"182,421",Карта,"608,07","425,649",Мужской,31-07-1993,Путеводители,Швейцария,TRUE,"[59.946153, 30.342916]"
16:01:38,2024-09-08 00:00:00,"Ул. Декабристов, 15",7915,293,"162,429",Наличные,"541,43","379,001",Женский,01-06-1993,Художественная литература,Обломов,TRUE,"[59.928154, 30.302429]"
00:10:52,2024-09-08 00:00:00,"Невский пр., 30",9740,101,"80,12",Карта,"540,71","460,59",Мужской,24-08-1958,Научная литература,Экономика труда,TRUE,"[59.935543, 30.327349]"
00:27:07,2024-09-09 00:00:00,"Ул. Декабристов, 15",1633,183,"363,783",Карта,"1212,61","848,827",Мужской,03-03-1957,Путеводители,Мексика,TRUE,"[59.928154, 30.302429]"
07:47:54,2024-09-09 00:00:00,"Гагаринская ул., 12",1816,109,"164,403",Наличные,"548,01","383,607",Мужской,25-04-1969,Учебники,Алгебра 7 класс,TRUE,"[59.946153, 30.342916]"
19:49:51,2024-09-09 00:00:00,"Гагаринская ул., 12",3510,241,"160,668",Наличные,"535,56","374,892",Женский,28-09-1979,Комиксы,Флэш,TRUE,"[59.946153, 30.342916]"
03:10:20,2024-09-09 00:00:00,"Московский пр., 90",3779,335,"113,97",Карта,"515,38","401,41",Мужской,24-08-2006,Путеводители,Индонезия,TRUE,"[59.924032, 30.317189]"
01:45:32,2024-09-09 00:00:00,"Ул. Рубинштейна, 24",6389,482,"125,58",Онлайн,"768,26","642,68",Женский,29-08-1974,Научная литература,Квантовая физика,TRUE,"[59.929700, 30.344695]"
15:50:58,2024-09-09 00:00:00,"Московский пр., 90",6831,282,"153,528",Карта,"511,76","358,232",Женский,14-07-1957,Художественная литература,Преступление и наказание,TRUE,"[59.924032, 30.317189]"
01:38:46,2024-09-09 00:00:00,"Гагаринская ул., 12",7021,340,"30,32",Наличные,"606,44","576,12",Женский,02-03-1971,Путеводители,Италия,TRUE,"[59.946153, 30.342916]"
15:13:07,2024-09-09 00:00:00,"Ул. Декабристов, 15",8367,450,"166,653",Онлайн,"555,51","388,857",Мужской,26-11-1995,Учебники,Алгебра 7 класс,TRUE,"[59.928154, 30.302429]"
18:48:20,2024-09-09 00:00:00,"Ул. Рубинштейна, 24",9352,395,"164,355",Наличные,"547,85","383,495",Женский,18-05-2004,Научная литература,Квантовая физика,TRUE,"[59.929700, 30.344695]"
01:37:41,2024-09-10 00:00:00,"Невский пр., 30",2041,102,"78,36",Наличные,"1278,7","1200,34",Женский,17-07-1978,Художественная литература,Преступление и наказание,TRUE,"[59.935543, 30.327349]"
23:43:32,2024-09-10 00:00:00,"Невский пр., 30",3141,398,"171,726",Карта,"572,42","400,694",Женский,20-04-1996,Художественная литература,Отцы и дети,TRUE,"[59.935543, 30.327349]"
23:21:45,2024-09-10 00:00:00,"Ул. Рубинштейна, 24",3767,346,"60,77",Онлайн,"547,56","486,79",Женский,11-06-2000,Комиксы,Доктор Стрэндж,TRUE,"[59.929700, 30.344695]"
00:03:02,2024-09-10 00:00:00,"Ул. Рубинштейна, 24",5470,288,"151,26",Онлайн,"504,2","352,94",Мужской,18-04-1969,Учебники,Химия 9 класс,TRUE,"[59.929700, 30.344695]"
14:53:26,2024-09-10 00:00:00,"Московский пр., 90",6057,404,"186,015",Карта,"620,05","434,035",Женский,21-12-1993,Научная литература,Микробиология,TRUE,"[59.924032, 30.317189]"
17:36:25,2024-09-10 00:00:00,"Невский пр., 30",7862,205,"62,27",Наличные,"565,16","502,89",Мужской,07-08-1994,Учебники,Химия 9 класс,TRUE,"[59.935543, 30.327349]"
04:37:30,2024-09-10 00:00:00,"Гагаринская ул., 12",8161,298,"220,488",Онлайн,"734,96","514,472",Женский,18-04-1969,Комиксы,Человек-Паук,TRUE,"[59.946153, 30.342916]"
23:21:42,2024-09-10 00:00:00,"Ул. Декабристов, 15",9277,49,"58,93",Онлайн,"583,34","524,41",Мужской,25-10-1963,Учебники,Химия 9 класс,TRUE,"[59.928154, 30.302429]"
16:11:50,2024-09-11 00:00:00,"Ул. Рубинштейна, 24",1583,310,"164,226",Онлайн,"547,42","383,194",Женский,27-03-1977,Путеводители,Турция,TRUE,"[59.929700, 30.344695]"
01:27:57,2024-09-11 00:00:00,"Московский пр., 90",3647,395,"164,268",Онлайн,"547,56","383,292",Женский,18-05-2004,Комиксы,Доктор Стрэндж,TRUE,"[59.924032, 30.317189]"
05:04:18,2024-09-11 00:00:00,"Гагаринская ул., 12",4714,496,"152,016",Карта,"506,72","354,704",Женский,13-07-1961,Художественная литература,Преступление и наказание,TRUE,"[59.946153, 30.342916]"
05:52:34,2024-09-11 00:00:00,"Гагаринская ул., 12",5587,251,"339,28",Карта,"1965,57","1626,29",Мужской,26-02-1983,Художественная литература,Преступление и наказание,TRUE,"[59.946153, 30.342916]"
14:14:16,2024-09-11 00:00:00,"Гагаринская ул., 12",5673,78,"192,86",Онлайн,"741,58","548,72",Мужской,21-09-1955,Путеводители,Италия,TRUE,"[59.946153, 30.342916]"
20:09:06,2024-09-11 00:00:00,"Невский пр., 30",7424,320,"95,94",Онлайн,"826,91","730,97",Мужской,12-12-1977,Учебники,Физика 8 класс,TRUE,"[59.935543, 30.327349]"
16:35:26,2024-09-11 00:00:00,"Гагаринская ул., 12",8727,32,"124,74",Онлайн,"663,64","538,9",Мужской,11-08-1975,Путеводители,Турция,TRUE,"[59.946153, 30.342916]"
08:42:10,2024-09-11 00:00:00,"Невский пр., 30",9789,392,"102,36",Карта,"682,38","580,02",Мужской,22-06-1995,Комиксы,Человек-Паук,TRUE,"[59.935543, 30.327349]"
02:50:59,2024-09-12 00:00:00,"Московский пр., 90",1398,369,"199,857",Карта,"666,19","466,333",Женский,21-03-2001,Научная литература,Экономика труда,TRUE,"[59.924032, 30.317189]"
22:30:42,2024-09-12 00:00:00,"Московский пр., 90",1436,430,"171,726",Онлайн,"572,42","400,694",Мужской,07-07-1980,Художественная литература,Отцы и дети,TRUE,"[59.924032, 30.317189]"
14:11:11,2024-09-12 00:00:00,"Ул. Рубинштейна, 24",1742,273,"141,87",Онлайн,"556,6","414,73",Женский,30-09-1977,Путеводители,Мексика,TRUE,"[59.929700, 30.344695]"
03:24:41,2024-09-12 00:00:00,"Ул. Рубинштейна, 24",2019,281,"48,21",Карта,"734,96","686,75",Мужской,26-01-1982,Комиксы,Человек-Паук,TRUE,"[59.929700, 30.344695]"
13:07:20,2024-09-12 00:00:00,"Ул. Рубинштейна, 24",2519,402,"51,92",Карта,"744,95","693,03",Мужской,30-04-2000,Путеводители,Италия,TRUE,"[59.929700, 30.344695]"
21:19:38,2024-09-12 00:00:00,"Гагаринская ул., 12",3780,233,"167,379",Карта,"557,93","390,551",Мужской,09-11-1992,Комиксы,Бэтмен,TRUE,"[59.946153, 30.342916]"
01:09:48,2024-09-12 00:00:00,"Ул. Рубинштейна, 24",6951,153,"152,976",Наличные,"509,92","356,944",Мужской,21-12-1999,Художественная литература,Преступление и наказание,TRUE,"[59.929700, 30.344695]"
12:30:13,2024-09-12 00:00:00,"Ул. Рубинштейна, 24",7929,361,"56,13",Онлайн,"647,16","591,03",Мужской,15-06-1972,Учебники,История России 10 класс,TRUE,"[59.929700, 30.344695]"
00:25:42,2024-09-13 00:00:00,"Ул. Декабристов, 15",1773,248,"89,81",Онлайн,"562,48","472,67",Женский,02-10-1964,Путеводители,Италия,TRUE,"[59.928154, 30.302429]"
07:32:14,2024-09-13 00:00:00,"Ул. Декабристов, 15",2036,106,"215,16",Онлайн,"717,2","502,04",Женский,02-08-1973,Комиксы,Супермен,TRUE,"[59.928154, 30.302429]"
10:08:14,2024-09-13 00:00:00,"Московский пр., 90",4933,190,"259,857",Онлайн,"866,19","606,333",Женский,04-11-2001,Научная литература,Палеонтология,TRUE,"[59.924032, 30.317189]"
07:36:26,2024-09-13 00:00:00,"Гагаринская ул., 12",6054,111,"174,969",Онлайн,"583,23","408,261",Мужской,06-08-1975,Научная литература,Микробиология,TRUE,"[59.946153, 30.342916]"
09:57:26,2024-09-13 00:00:00,"Московский пр., 90",6879,125,"163,809",Наличные,"546,03","382,221",Женский,03-03-1994,Художественная литература,Лолита,TRUE,"[59.924032, 30.317189]"
03:23:50,2024-09-13 00:00:00,"Невский пр., 30",8824,340,"74,71",Карта,"682,38","607,67",Женский,02-03-1971,Комиксы,Человек-Паук,TRUE,"[59.935543, 30.327349]"
12:36:17,2024-09-13 00:00:00,"Ул. Декабристов, 15",8896,438,"251,619",Карта,"838,73","587,111",Мужской,05-02-1966,Путеводители,Индонезия,TRUE,"[59.928154, 30.302429]"
15:16:07,2024-09-13 00:00:00,"Ул. Декабристов, 15",9244,14,"184,13",Онлайн,"980,26","796,13",Женский,05-12-1998,Комиксы,Бэтмен,TRUE,"[59.928154, 30.302429]"
23:31:51,2024-09-13 00:00:00,"Невский пр., 30",9291,33,"65,1",Онлайн,"596,02","530,92",Мужской,27-11-1995,Учебники,Алгебра 7 класс,TRUE,"[59.935543, 30.327349]"
19:35:29,2024-09-13 00:00:00,"Невский пр., 30",9565,342,"232,18",Наличные,"800,65","568,47",Мужской,21-12-1998,Учебники,История России 10 класс,TRUE,"[59.935543, 30.327349]"
18:42:14,2024-09-13 00:00:00,"Ул. Декабристов, 15",9671,46,"260,925",Карта,"869,75","608,825",Женский,22-08-2000,Путеводители,Швейцария,TRUE,"[59.928154, 30.302429]"
07:25:06,2024-09-14 00:00:00,"Невский пр., 30",3076,73,"216,13",Онлайн,"803,28","587,15",Женский,08-04-2002,Комиксы,Бэтмен,TRUE,"[59.935543, 30.327349]"
12:06:20,2024-09-14 00:00:00,"Невский пр., 30",4041,440,"155,96",Наличные,"688,65","532,69",Женский,16-07-1980,Художественная литература,Мастер и Маргарита,TRUE,"[59.935543, 30.327349]"
02:54:38,2024-09-14 00:00:00,"Московский пр., 90",8165,453,"214,95",Онлайн,"767,62","552,67",Женский,05-08-1986,Учебники,Химия 9 класс,TRUE,"[59.924032, 30.317189]"
16:15:53,2024-09-14 00:00:00,"Невский пр., 30",9076,282,"162,588",Карта,"541,96","379,372",Женский,14-07-1957,Комиксы,Бэтмен,TRUE,"[59.935543, 30.327349]"
22:55:41,2024-09-14 00:00:00,"Гагаринская ул., 12",9446,166,"166,653",Карта,"555,51","388,857",Женский,31-10-1993,Учебники,Алгебра 7 класс,TRUE,"[59.946153, 30.342916]"
07:45:11,2024-09-15 00:00:00,"Ул. Декабристов, 15",1640,446,"172,93",Наличные,"735,82","562,89",Мужской,05-05-1991,Художественная литература,Преступление и наказание,TRUE,"[59.928154, 30.302429]"
22:30:30,2024-09-15 00:00:00,"Гагаринская ул., 12",2089,45,"177,618",Наличные,"592,06","414,442",Женский,18-03-1975,Путеводители,Италия,TRUE,"[59.946153, 30.342916]"
21:59:40,2024-09-15 00:00:00,"Ул. Декабристов, 15",5442,17,"153,63",Онлайн,"512,1","358,47",Мужской,27-12-1962,Учебники,Алгебра 7 класс,TRUE,"[59.928154, 30.302429]"
02:20:23,2024-09-15 00:00:00,"Гагаринская ул., 12",5569,389,"133,24",Наличные,"666,19","532,95",Мужской,13-02-1984,Научная литература,Экономика труда,TRUE,"[59.946153, 30.342916]"
13:12:06,2024-09-15 00:00:00,"Гагаринская ул., 12",6737,276,"203,99",Онлайн,"769,82","565,83",Мужской,12-07-1980,Комиксы,Человек-Паук,TRUE,"[59.946153, 30.342916]"
21:01:58,2024-09-15 00:00:00,"Невский пр., 30",7180,140,"251,619",Карта,"838,73","587,111",Мужской,16-04-1995,Путеводители,Индонезия,TRUE,"[59.935543, 30.327349]"
20:06:27,2024-09-15 00:00:00,"Гагаринская ул., 12",9393,25,"130,92",Карта,"872,18","741,26",Женский,02-05-1955,Учебники,География 6 класс,TRUE,"[59.946153, 30.342916]"
04:32:26,2024-09-15 00:00:00,"Невский пр., 30",9583,281,"172,92",Наличные,"576,4","403,48",Мужской,26-01-1982,Учебники,История России 10 класс,TRUE,"[59.935543, 30.327349]"
21:07:37,2024-09-16 00:00:00,"Ул. Рубинштейна, 24",1044,3,"93,36",Карта,"612,99","519,63",Женский,21-11-1982,Комиксы,Доктор Стрэндж,TRUE,"[59.929700, 30.344695]"
15:18:17,2024-09-16 00:00:00,"Московский пр., 90",1146,304,"162,789",Онлайн,"542,63","379,841",Женский,25-08-2006,Художественная литература,Отцы и дети,TRUE,"[59.924032, 30.317189]"
13:00:48,2024-09-16 00:00:00,"Ул. Рубинштейна, 24",2860,428,"240,195",Наличные,"800,65","560,455",Женский,28-03-1961,Учебники,История России 10 класс,TRUE,"[59.929700, 30.344695]"
06:48:50,2024-09-16 00:00:00,"Невский пр., 30",3136,97,"171,96",Карта,"573,2","401,24",Мужской,01-09-1957,Учебники,Физика 8 класс,TRUE,"[59.935543, 30.327349]"
18:37:21,2024-09-16 00:00:00,"Московский пр., 90",3992,363,"121,42",Карта,"756,58","635,16",Женский,19-11-1998,Художественная литература,Преступление и наказание,TRUE,"[59.924032, 30.317189]"
17:05:27,2024-09-16 00:00:00,"Ул. Рубинштейна, 24",4352,232,"117,04",Карта,"557,45","440,41",Мужской,16-05-1998,Учебники,Физика 8 класс,TRUE,"[59.929700, 30.344695]"
17:17:13,2024-09-16 00:00:00,"Московский пр., 90",5340,111,"150,96",Онлайн,"857,59","706,63",Мужской,06-08-1975,Научная литература,Палеонтология,TRUE,"[59.924032, 30.317189]"
19:22:55,2024-09-16 00:00:00,"Гагаринская ул., 12",5409,233,"215,16",Наличные,"717,2","502,04",Мужской,09-11-1992,Комиксы,Супермен,TRUE,"[59.946153, 30.342916]"
00:16:38,2024-09-16 00:00:00,"Московский пр., 90",5884,335,"222,474",Наличные,"741,58","519,106",Мужской,24-08-2006,Путеводители,Италия,TRUE,"[59.924032, 30.317189]"
12:01:14,2024-09-16 00:00:00,"Гагаринская ул., 12",6167,197,"200,53",Онлайн,"735,82","535,29",Мужской,09-03-1957,Художественная литература,Преступление и наказание,TRUE,"[59.946153, 30.342916]"
06:56:27,2024-09-16 00:00:00,"Гагаринская ул., 12",6408,112,"145,73",Онлайн,"542,63","396,9",Мужской,04-06-1985,Художественная литература,Отцы и дети,TRUE,"[59.946153, 30.342916]"
14:03:14,2024-09-16 00:00:00,"Московский пр., 90",6602,144,"219,582",Онлайн,"731,94","512,358",Мужской,11-03-1969,Художественная литература,Лолита,TRUE,"[59.924032, 30.317189]"
23:19:27,2024-09-16 00:00:00,"Московский пр., 90",7316,22,"108,72",Онлайн,"803,28","694,56",Мужской,05-06-2006,Комиксы,Бэтмен,TRUE,"[59.924032, 30.317189]"
13:50:27,2024-09-16 00:00:00,"Ул. Декабристов, 15",7426,400,"240,984",Наличные,"803,28","562,296",Мужской,02-12-1977,Комиксы,Бэтмен,TRUE,"[59.928154, 30.302429]"
15:47:10,2024-09-16 00:00:00,"Ул. Декабристов, 15",8932,85,"363,783",Наличные,"1212,61","848,827",Женский,01-09-1961,Путеводители,Мексика,TRUE,"[59.928154, 30.302429]"
11:10:21,2024-09-17 00:00:00,"Невский пр., 30",1950,49,"82,18",Наличные,"547,85","465,67",Мужской,25-10-1963,Научная литература,Квантовая физика,TRUE,"[59.935543, 30.327349]"
19:28:51,2024-09-17 00:00:00,"Невский пр., 30",2013,331,"86,41",Карта,"576,04","489,63",Мужской,12-08-1966,Художественная литература,Обломов,TRUE,"[59.935543, 30.327349]"
21:11:21,2024-09-17 00:00:00,"Московский пр., 90",3273,363,"97,81",Карта,"631,03","533,22",Женский,19-11-1998,Путеводители,Турция,TRUE,"[59.924032, 30.317189]"
19:49:11,2024-09-17 00:00:00,"Ул. Рубинштейна, 24",4699,469,"43,73",Наличные,"610,79","567,06",Женский,05-03-1962,Художественная литература,Лолита,TRUE,"[59.929700, 30.344695]"
23:54:54,2024-09-17 00:00:00,"Московский пр., 90",6205,349,"173,637",Карта,"578,79","405,153",Женский,07-05-1983,Научная литература,Квантовая физика,TRUE,"[59.924032, 30.317189]"
01:18:41,2024-09-17 00:00:00,"Московский пр., 90",6568,17,"212,313",Наличные,"707,71","495,397",Мужской,27-12-1962,Научная литература,Экономика труда,TRUE,"[59.924032, 30.317189]"
21:59:21,2024-09-17 00:00:00,"Невский пр., 30",6976,195,"158,031",Карта,"526,77","368,739",Женский,03-12-2004,Научная литература,Философия науки,TRUE,"[59.935543, 30.327349]"
10:31:39,2024-09-17 00:00:00,"Московский пр., 90",9052,287,"87,84",Онлайн,"758,37","670,53",Женский,03-12-1982,Научная литература,Палеонтология,TRUE,"[59.924032, 30.317189]"
20:43:18,2024-09-17 00:00:00,"Московский пр., 90",9704,290,"61,29",Онлайн,"594,21","532,92",Мужской,19-03-1998,Учебники,Алгебра 7 класс,TRUE,"[59.924032, 30.317189]"
09:35:38,2024-09-18 00:00:00,"Невский пр., 30",1336,78,"257,277",Карта,"857,59","600,313",Мужской,21-09-1955,Научная литература,Палеонтология,TRUE,"[59.935543, 30.327349]"
08:23:05,2024-09-18 00:00:00,"Ул. Рубинштейна, 24",3724,102,"168,375",Онлайн,"561,25","392,875",Женский,17-07-1978,Научная литература,Философия науки,TRUE,"[59.929700, 30.344695]"
07:35:21,2024-09-18 00:00:00,"Гагаринская ул., 12",3781,17,"44,09",Онлайн,"864,6","820,51",Мужской,27-12-1962,Учебники,География 6 класс,TRUE,"[59.946153, 30.342916]"
01:32:44,2024-09-18 00:00:00,"Ул. Декабристов, 15",4391,373,"152,304",Карта,"507,68","355,376",Женский,31-12-1998,Комиксы,Человек-Паук,TRUE,"[59.928154, 30.302429]"
09:11:54,2024-09-18 00:00:00,"Ул. Рубинштейна, 24",4780,306,"177,84",Наличные,"599,26","421,42",Мужской,05-01-1961,Путеводители,Индонезия,TRUE,"[59.929700, 30.344695]"
18:39:59,2024-09-18 00:00:00,"Невский пр., 30",5574,252,"133,42",Наличные,"1212,61","1079,19",Женский,22-01-1979,Путеводители,Мексика,TRUE,"[59.935543, 30.327349]"
12:59:15,2024-09-18 00:00:00,"Ул. Декабристов, 15",6850,195,"223,485",Карта,"744,95","521,465",Женский,03-12-2004,Путеводители,Италия,TRUE,"[59.928154, 30.302429]"
23:52:22,2024-09-18 00:00:00,"Ул. Декабристов, 15",7089,124,"162,534",Онлайн,"541,78","379,246",Мужской,28-12-2003,Путеводители,Мексика,TRUE,"[59.928154, 30.302429]"
12:49:32,2024-09-18 00:00:00,"Московский пр., 90",8112,55,64,Наличные,"510,33","446,33",Женский,15-08-1996,Художественная литература,Мастер и Маргарита,TRUE,"[59.924032, 30.317189]"
15:31:34,2024-09-18 00:00:00,"Невский пр., 30",9327,439,"111,72",Онлайн,"510,33","398,61",Мужской,19-08-1959,Художественная литература,Мастер и Маргарита,TRUE,"[59.935543, 30.327349]"
23:03:45,2024-09-19 00:00:00,"Гагаринская ул., 12",1760,257,"168,61",Онлайн,"1160,44","991,83",Женский,30-12-1995,Комиксы,Флэш,TRUE,"[59.946153, 30.342916]"
04:18:38,2024-09-19 00:00:00,"Ул. Декабристов, 15",3256,345,"152,016",Наличные,"506,72","354,704",Женский,17-02-2004,Художественная литература,Преступление и наказание,TRUE,"[59.928154, 30.302429]"
15:25:27,2024-09-19 00:00:00,"Невский пр., 30",5251,220,"156,21",Наличные,"520,7","364,49",Мужской,11-09-1984,Научная литература,Квантовая физика,TRUE,"[59.935543, 30.327349]"
19:48:57,2024-09-19 00:00:00,"Ул. Рубинштейна, 24",5389,350,"166,587",Наличные,"555,29","388,703",Мужской,16-05-1983,Научная литература,Экономика труда,TRUE,"[59.929700, 30.344695]"
02:30:07,2024-09-19 00:00:00,"Ул. Рубинштейна, 24",5859,139,"97,49",Онлайн,"869,75","772,26",Мужской,22-08-1989,Путеводители,Швейцария,TRUE,"[59.929700, 30.344695]"
07:27:29,2024-09-19 00:00:00,"Гагаринская ул., 12",7188,397,"65,32",Наличные,"608,07","542,75",Женский,30-01-1958,Путеводители,Швейцария,TRUE,"[59.946153, 30.342916]"
17:19:56,2024-09-19 00:00:00,"Московский пр., 90",9993,439,"159,97",Наличные,"851,87","691,9",Мужской,19-08-1959,Комиксы,Флэш,TRUE,"[59.924032, 30.317189]"
11:01:57,2024-09-20 00:00:00,"Гагаринская ул., 12",5730,140,"159,93",Наличные,"1066,2","906,27",Мужской,16-04-1995,Комиксы,Бэтмен,TRUE,"[59.946153, 30.342916]"
14:50:23,2024-09-20 00:00:00,"Московский пр., 90",6655,320,"60,43",Наличные,"552,35","491,92",Мужской,12-12-1977,Художественная литература,Обломов,TRUE,"[59.924032, 30.317189]"
01:45:11,2024-09-20 00:00:00,"Гагаринская ул., 12",7287,375,"101,58",Наличные,"503,36","401,78",Мужской,17-06-1958,Художественная литература,Преступление и наказание,TRUE,"[59.946153, 30.342916]"
03:33:48,2024-09-21 00:00:00,"Ул. Рубинштейна, 24",2193,348,"174,09",Карта,"955,05","780,96",Мужской,05-04-1987,Комиксы,Флэш,TRUE,"[59.929700, 30.344695]"
18:51:33,2024-09-21 00:00:00,"Московский пр., 90",2589,287,"116,27",Карта,"575,34","459,07",Женский,03-12-1982,Путеводители,Мексика,TRUE,"[59.924032, 30.317189]"
00:06:56,2024-09-21 00:00:00,"Ул. Рубинштейна, 24",3066,53,"153,249",Онлайн,"510,83","357,581",Женский,24-11-1970,Художественная литература,Лолита,TRUE,"[59.929700, 30.344695]"
08:20:11,2024-09-21 00:00:00,"Ул. Декабристов, 15",3665,108,"173,23",Онлайн,"687,22","513,99",Мужской,25-09-1999,Художественная литература,Лолита,TRUE,"[59.928154, 30.302429]"
08:44:26,2024-09-21 00:00:00,"Московский пр., 90",5517,158,"172,95",Карта,"576,5","403,55",Женский,05-03-1973,Научная литература,Микробиология,TRUE,"[59.924032, 30.317189]"
14:22:45,2024-09-21 00:00:00,"Ул. Декабристов, 15",5892,140,"118,31",Онлайн,"789,88","671,57",Мужской,16-04-1995,Художественная литература,Обломов,TRUE,"[59.928154, 30.302429]"
21:35:35,2024-09-21 00:00:00,"Ул. Рубинштейна, 24",6050,307,"200,589",Карта,"668,63","468,041",Женский,15-10-1966,Художественная литература,Обломов,TRUE,"[59.929700, 30.344695]"
21:56:19,2024-09-21 00:00:00,"Ул. Декабристов, 15",6887,481,"76,6",Наличные,"857,59","780,99",Женский,25-02-1988,Научная литература,Палеонтология,TRUE,"[59.928154, 30.302429]"
03:11:35,2024-09-21 00:00:00,"Ул. Рубинштейна, 24",9608,101,"170,51",Онлайн,"1082,59","912,08",Мужской,24-08-1958,Научная литература,Философия науки,TRUE,"[59.929700, 30.344695]"
12:31:08,2024-09-22 00:00:00,"Ул. Рубинштейна, 24",3373,482,"168,17",Наличные,"1306,51","1138,34",Женский,29-08-1974,Научная литература,Палеонтология,TRUE,"[59.929700, 30.344695]"
01:33:50,2024-09-22 00:00:00,"Ул. Декабристов, 15",4801,185,"188,553",Онлайн,"628,51","439,957",Женский,01-01-2006,Путеводители,Индонезия,TRUE,"[59.928154, 30.302429]"
05:37:05,2024-09-22 00:00:00,"Ул. Рубинштейна, 24",5914,360,"286,296",Наличные,"954,32","668,024",Женский,21-08-1995,Путеводители,Швейцария,TRUE,"[59.929700, 30.344695]"
19:25:49,2024-09-22 00:00:00,"Невский пр., 30",7994,85,"55,55",Карта,"555,51","499,96",Женский,01-09-1961,Учебники,Алгебра 7 класс,TRUE,"[59.935543, 30.327349]"
20:16:03,2024-09-22 00:00:00,"Ул. Рубинштейна, 24",8905,213,"287,412",Наличные,"958,04","670,628",Мужской,27-01-2006,Путеводители,Индонезия,TRUE,"[59.929700, 30.344695]"
08:57:01,2024-09-22 00:00:00,"Гагаринская ул., 12",9101,343,"170,601",Онлайн,"568,67","398,069",Женский,15-05-1962,Художественная литература,Преступление и наказание,TRUE,"[59.946153, 30.342916]"
01:18:21,2024-09-22 00:00:00,"Гагаринская ул., 12",9750,284,"391,95",Наличные,"1306,51","914,56",Мужской,25-07-2006,Научная литература,Палеонтология,TRUE,"[59.946153, 30.342916]"
13:46:29,2024-09-22 00:00:00,"Гагаринская ул., 12",9832,263,"158,529",Карта,"528,43","369,901",Женский,29-09-2001,Комиксы,Доктор Стрэндж,TRUE,"[59.946153, 30.342916]"
06:19:19,2024-09-23 00:00:00,"Невский пр., 30",2292,191,"115,03",Наличные,"684,58","569,55",Мужской,25-12-2001,Научная литература,Палеонтология,TRUE,"[59.935543, 30.327349]"
12:46:46,2024-09-23 00:00:00,"Ул. Рубинштейна, 24",3736,31,"205,374",Онлайн,"684,58","479,206",Женский,19-07-1959,Научная литература,Палеонтология,TRUE,"[59.929700, 30.344695]"
23:26:35,2024-09-23 00:00:00,"Ул. Рубинштейна, 24",5425,171,"164,226",Онлайн,"547,42","383,194",Мужской,24-04-1985,Путеводители,Турция,TRUE,"[59.929700, 30.344695]"
05:33:23,2024-09-23 00:00:00,"Гагаринская ул., 12",8686,282,"226,974",Онлайн,"756,58","529,606",Женский,14-07-1957,Художественная литература,Преступление и наказание,TRUE,"[59.946153, 30.342916]"
21:26:44,2024-09-23 00:00:00,"Гагаринская ул., 12",8994,30,"183,897",Карта,"612,99","429,093",Мужской,08-10-1984,Комиксы,Доктор Стрэндж,TRUE,"[59.946153, 30.342916]"
12:59:51,2024-09-23 00:00:00,"Ул. Декабристов, 15",9543,75,"87,82",Карта,"745,32","657,5",Мужской,11-08-1997,Путеводители,Италия,TRUE,"[59.928154, 30.302429]"
05:23:40,2024-09-24 00:00:00,"Ул. Декабристов, 15",3237,15,"196,137",Онлайн,"653,79","457,653",Женский,12-03-2005,Комиксы,Флэш,TRUE,"[59.928154, 30.302429]"
01:37:41,2024-09-24 00:00:00,"Московский пр., 90",4467,4,"235,734",Онлайн,"785,78","550,046",Женский,19-01-1956,Путеводители,Мексика,TRUE,"[59.924032, 30.317189]"
08:25:59,2024-09-24 00:00:00,"Московский пр., 90",5945,104,"170,601",Наличные,"568,67","398,069",Мужской,18-12-1982,Художественная литература,Преступление и наказание,TRUE,"[59.924032, 30.317189]"
20:21:08,2024-09-24 00:00:00,"Гагаринская ул., 12",6518,454,"80,71",Наличные,"538,09","457,38",Женский,30-01-1961,Научная литература,Микробиология,TRUE,"[59.946153, 30.342916]"
09:44:36,2024-09-24 00:00:00,"Ул. Декабристов, 15",6751,235,"151,008",Онлайн,"503,36","352,352",Мужской,23-02-2004,Художественная литература,Преступление и наказание,TRUE,"[59.928154, 30.302429]"
19:01:30,2024-09-24 00:00:00,"Ул. Декабристов, 15",7195,313,"164,355",Карта,"547,85","383,495",Женский,11-09-2001,Научная литература,Квантовая физика,TRUE,"[59.928154, 30.302429]"
15:00:50,2024-09-24 00:00:00,"Невский пр., 30",7276,103,"162,063",Наличные,"540,21","378,147",Женский,09-04-1964,Учебники,Физика 8 класс,TRUE,"[59.935543, 30.327349]"
04:28:23,2024-09-24 00:00:00,"Гагаринская ул., 12",8095,245,"255,561",Наличные,"851,87","596,309",Женский,16-06-1986,Комиксы,Флэш,TRUE,"[59.946153, 30.342916]"
04:56:12,2024-09-24 00:00:00,"Ул. Декабристов, 15",8401,23,"85,68",Онлайн,"785,78","700,1",Женский,17-11-1986,Путеводители,Мексика,TRUE,"[59.928154, 30.302429]"
20:21:30,2024-09-24 00:00:00,"Гагаринская ул., 12",9633,214,"206,166",Онлайн,"687,22","481,054",Мужской,08-06-1978,Художественная литература,Лолита,TRUE,"[59.946153, 30.342916]"
01:38:26,2024-09-25 00:00:00,"Гагаринская ул., 12",2949,442,"172,92",Карта,"576,4","403,48",Женский,04-03-1967,Учебники,История России 10 класс,TRUE,"[59.946153, 30.342916]"
23:34:07,2024-09-25 00:00:00,"Московский пр., 90",4595,270,"180,177",Онлайн,"600,59","420,413",Женский,30-05-1994,Комиксы,Бэтмен,TRUE,"[59.924032, 30.317189]"
23:59:41,2024-09-25 00:00:00,"Невский пр., 30",6678,43,"62,1",Карта,"592,13","530,03",Женский,14-10-1965,Комиксы,Доктор Стрэндж,TRUE,"[59.935543, 30.327349]"
07:19:21,2024-09-25 00:00:00,"Ул. Рубинштейна, 24",6932,289,"49,43",Карта,"567,18","517,75",Женский,24-03-1955,Учебники,Алгебра 7 класс,TRUE,"[59.929700, 30.344695]"
16:24:32,2024-09-25 00:00:00,"Невский пр., 30",7165,407,"313,08",Карта,"1043,61","730,53",Женский,11-05-1984,Комиксы,Флэш,TRUE,"[59.935543, 30.327349]"
22:24:19,2024-09-25 00:00:00,"Московский пр., 90",8144,216,"27,57",Карта,"551,38","523,81",Женский,09-07-1959,Комиксы,Доктор Стрэндж,TRUE,"[59.924032, 30.317189]"
00:11:42,2024-09-25 00:00:00,"Московский пр., 90",9129,39,"155,457",Наличные,"518,19","362,733",Женский,31-07-1969,Путеводители,Италия,TRUE,"[59.924032, 30.317189]"
21:56:49,2024-09-25 00:00:00,"Невский пр., 30",9381,33,"217,6",Наличные,"1066,2","848,6",Мужской,27-11-1995,Комиксы,Бэтмен,TRUE,"[59.935543, 30.327349]"
05:43:33,2024-09-26 00:00:00,"Гагаринская ул., 12",1508,476,"179,25",Наличные,"897,95","718,7",Женский,04-02-1973,Комиксы,Супермен,TRUE,"[59.946153, 30.342916]"
05:46:57,2024-09-26 00:00:00,"Московский пр., 90",2668,324,"259,38",Наличные,"864,6","605,22",Женский,15-08-1975,Учебники,География 6 класс,TRUE,"[59.924032, 30.317189]"
00:59:57,2024-09-26 00:00:00,"Ул. Рубинштейна, 24",2921,52,"182,922",Карта,"609,74","426,818",Мужской,12-01-2000,Учебники,Химия 9 класс,TRUE,"[59.929700, 30.344695]"
17:01:04,2024-09-26 00:00:00,"Ул. Декабристов, 15",3494,65,"233,679",Онлайн,"778,93","545,251",Женский,06-07-1967,Путеводители,Турция,TRUE,"[59.928154, 30.302429]"
21:11:06,2024-09-26 00:00:00,"Ул. Рубинштейна, 24",4853,128,"211,812",Онлайн,"706,04","494,228",Женский,28-11-1955,Научная литература,Квантовая физика,TRUE,"[59.929700, 30.344695]"
08:22:08,2024-09-26 00:00:00,"Ул. Декабристов, 15",5427,39,"164,721",Наличные,"549,07","384,349",Женский,31-07-1969,Путеводители,Мексика,TRUE,"[59.928154, 30.302429]"
05:21:55,2024-09-26 00:00:00,"Ул. Рубинштейна, 24",6691,241,"240,924",Карта,"803,08","562,156",Женский,28-09-1979,Путеводители,Италия,TRUE,"[59.929700, 30.344695]"
07:36:00,2024-09-26 00:00:00,"Невский пр., 30",6911,272,"171,31",Карта,"980,7","809,39",Женский,15-08-1957,Комиксы,Флэш,TRUE,"[59.935543, 30.327349]"
01:38:29,2024-09-26 00:00:00,"Невский пр., 30",7082,466,"218,86",Онлайн,"750,64","531,78",Мужской,10-05-1976,Художественная литература,Лолита,TRUE,"[59.935543, 30.327349]"
01:06:29,2024-09-26 00:00:00,"Ул. Рубинштейна, 24",7706,406,"78,79",Наличные,"583,61","504,82",Мужской,01-12-1966,Комиксы,Супермен,TRUE,"[59.929700, 30.344695]"
11:07:52,2024-09-26 00:00:00,"Ул. Рубинштейна, 24",8821,79,"56,76",Онлайн,"549,07","492,31",Женский,21-03-2005,Путеводители,Мексика,TRUE,"[59.929700, 30.344695]"
05:03:52,2024-09-26 00:00:00,"Невский пр., 30",9007,129,"171,96",Карта,"573,2","401,24",Мужской,25-08-2006,Учебники,Физика 8 класс,TRUE,"[59.935543, 30.327349]"
08:03:51,2024-09-26 00:00:00,"Ул. Рубинштейна, 24",9539,408,"195,396",Наличные,"651,32","455,924",Мужской,07-02-1961,Художественная литература,Лолита,TRUE,"[59.929700, 30.344695]"
13:55:43,2024-09-26 00:00:00,"Ул. Декабристов, 15",9951,281,"181,932",Карта,"606,44","424,508",Мужской,26-01-1982,Путеводители,Италия,TRUE,"[59.928154, 30.302429]"
05:52:30,2024-09-27 00:00:00,"Ул. Декабристов, 15",2750,205,"171,96",Карта,"573,2","401,24",Мужской,07-08-1994,Учебники,Физика 8 класс,TRUE,"[59.928154, 30.302429]"
12:33:51,2024-09-27 00:00:00,"Невский пр., 30",3543,344,"157,113",Карта,"523,71","366,597",Женский,08-01-1996,Учебники,География 6 класс,TRUE,"[59.935543, 30.327349]"
03:03:31,2024-09-27 00:00:00,"Московский пр., 90",4266,250,"122,68",Онлайн,"778,93","656,25",Женский,15-05-1955,Путеводители,Турция,TRUE,"[59.924032, 30.317189]"
14:54:06,2024-09-27 00:00:00,"Ул. Декабристов, 15",4848,226,"88,26",Наличные,"541,43","453,17",Женский,18-06-1964,Художественная литература,Обломов,TRUE,"[59.928154, 30.302429]"
12:44:51,2024-09-27 00:00:00,"Гагаринская ул., 12",5318,248,"234,381",Онлайн,"781,27","546,889",Женский,02-10-1964,Учебники,Химия 9 класс,TRUE,"[59.946153, 30.342916]"
21:40:51,2024-09-27 00:00:00,"Гагаринская ул., 12",5419,203,"151,008",Карта,"503,36","352,352",Мужской,23-04-1961,Художественная литература,Преступление и наказание,TRUE,"[59.946153, 30.342916]"
16:17:36,2024-09-27 00:00:00,"Московский пр., 90",8739,335,"156,999",Карта,"523,33","366,331",Мужской,24-08-2006,Путеводители,Мексика,TRUE,"[59.924032, 30.317189]"
16:39:23,2024-09-27 00:00:00,"Гагаринская ул., 12",8904,85,"171,726",Карта,"572,42","400,694",Женский,01-09-1961,Художественная литература,Отцы и дети,TRUE,"[59.946153, 30.342916]"
20:34:20,2024-09-28 00:00:00,"Московский пр., 90",1144,125,"150,165",Наличные,"500,55","350,385",Женский,03-03-1994,Путеводители,Швейцария,TRUE,"[59.924032, 30.317189]"
23:29:58,2024-09-28 00:00:00,"Невский пр., 30",3898,336,"223,596",Карта,"745,32","521,724",Женский,27-06-1979,Путеводители,Италия,TRUE,"[59.935543, 30.327349]"
11:05:14,2024-09-28 00:00:00,"Московский пр., 90",4358,207,"185,673",Наличные,"618,91","433,237",Женский,15-11-1979,Научная литература,Философия науки,TRUE,"[59.924032, 30.317189]"
06:51:56,2024-09-28 00:00:00,"Московский пр., 90",4967,460,"155,457",Наличные,"518,19","362,733",Мужской,23-11-1981,Путеводители,Италия,TRUE,"[59.924032, 30.317189]"
20:20:05,2024-09-28 00:00:00,"Гагаринская ул., 12",5165,284,"148,48",Карта,"549,07","400,59",Мужской,25-07-2006,Путеводители,Мексика,TRUE,"[59.946153, 30.342916]"
12:27:17,2024-09-28 00:00:00,"Ул. Декабристов, 15",5508,195,"154,422",Онлайн,"514,74","360,318",Женский,03-12-2004,Учебники,История России 10 класс,TRUE,"[59.928154, 30.302429]"
01:50:44,2024-09-28 00:00:00,"Ул. Рубинштейна, 24",7002,245,"133,89",Наличные,"507,58","373,69",Женский,16-06-1986,Комиксы,Человек-Паук,TRUE,"[59.929700, 30.344695]"
05:02:53,2024-09-28 00:00:00,"Московский пр., 90",7315,340,"196,137",Онлайн,"653,79","457,653",Женский,02-03-1971,Комиксы,Флэш,TRUE,"[59.924032, 30.317189]"
13:22:29,2024-09-28 00:00:00,"Ул. Декабристов, 15",8139,270,"107,36",Наличные,"714,73","607,37",Женский,30-05-1994,Учебники,История России 10 класс,TRUE,"[59.928154, 30.302429]"
01:23:18,2024-09-28 00:00:00,"Гагаринская ул., 12",8890,152,"184,31",Карта,"838,73","654,42",Женский,19-08-2002,Путеводители,Индонезия,TRUE,"[59.946153, 30.342916]"
07:32:29,2024-09-28 00:00:00,"Невский пр., 30",9190,354,"28,35",Онлайн,"515,38","487,03",Мужской,04-10-1989,Путеводители,Индонезия,TRUE,"[59.935543, 30.327349]"
02:34:05,2024-09-29 00:00:00,"Ул. Рубинштейна, 24",1558,476,"161,061",Карта,"536,87","375,809",Женский,04-02-1973,Путеводители,Турция,TRUE,"[59.929700, 30.344695]"
09:37:08,2024-09-29 00:00:00,"Невский пр., 30",3954,59,"25,74",Карта,"514,74",489,Женский,26-03-1972,Учебники,История России 10 класс,TRUE,"[59.935543, 30.327349]"
00:49:38,2024-09-29 00:00:00,"Московский пр., 90",4605,425,"45,27",Карта,"905,49","860,22",Женский,24-04-2002,Комиксы,Супермен,TRUE,"[59.924032, 30.317189]"
17:56:41,2024-09-29 00:00:00,"Ул. Рубинштейна, 24",4874,18,"147,1",Наличные,"980,7","833,6",Женский,27-04-1959,Комиксы,Флэш,TRUE,"[59.929700, 30.344695]"
12:24:32,2024-09-29 00:00:00,"Невский пр., 30",5485,312,"102,61",Наличные,"897,95","795,34",Женский,12-04-1999,Комиксы,Супермен,TRUE,"[59.935543, 30.327349]"
02:42:43,2024-09-29 00:00:00,"Гагаринская ул., 12",6336,105,"81,59",Наличные,"533,61","452,02",Женский,24-10-1979,Комиксы,Супермен,TRUE,"[59.946153, 30.342916]"
16:00:20,2024-09-29 00:00:00,"Ул. Рубинштейна, 24",6421,172,"136,37",Онлайн,"786,89","650,52",Мужской,14-06-1975,Художественная литература,Отцы и дети,TRUE,"[59.929700, 30.344695]"
03:58:27,2024-09-29 00:00:00,"Невский пр., 30",6652,453,"150,735",Онлайн,"502,45","351,715",Женский,05-08-1986,Учебники,Физика 8 класс,TRUE,"[59.935543, 30.327349]"
23:40:22,2024-09-29 00:00:00,"Невский пр., 30",7361,388,"227,649",Онлайн,"758,83","531,181",Мужской,26-08-1974,Научная литература,Философия науки,TRUE,"[59.935543, 30.327349]"
00:07:54,2024-09-29 00:00:00,"Гагаринская ул., 12",7719,54,"151,395",Карта,"504,65","353,255",Женский,20-10-1962,Путеводители,Индонезия,TRUE,"[59.946153, 30.342916]"
20:09:39,2024-09-29 00:00:00,"Невский пр., 30",7764,395,"116,48",Карта,"714,73","598,25",Женский,18-05-2004,Учебники,История России 10 класс,TRUE,"[59.935543, 30.327349]"
07:48:00,2024-09-29 00:00:00,"Ул. Рубинштейна, 24",9252,59,"111,11",Наличные,"555,57","444,46",Женский,26-03-1972,Путеводители,Мексика,TRUE,"[59.929700, 30.344695]"
09:09:04,2024-09-29 00:00:00,"Гагаринская ул., 12",9706,199,"182,421",Карта,"608,07","425,649",Мужской,09-06-1971,Путеводители,Швейцария,TRUE,"[59.946153, 30.342916]"
02:55:17,2024-09-30 00:00:00,"Московский пр., 90",1599,344,"210,525",Карта,"701,75","491,225",Женский,08-01-1996,Научная литература,Палеонтология,TRUE,"[59.924032, 30.317189]"
06:20:18,2024-09-30 00:00:00,"Ул. Рубинштейна, 24",3493,263,"162,213",Карта,"540,71","378,497",Женский,29-09-2001,Научная литература,Экономика труда,TRUE,"[59.929700, 30.344695]"
07:56:15,2024-09-30 00:00:00,"Ул. Декабристов, 15",4369,197,"101,8",Онлайн,"718,95","617,15",Мужской,09-03-1957,Путеводители,Индонезия,TRUE,"[59.928154, 30.302429]"
00:48:05,2024-09-30 00:00:00,"Ул. Декабристов, 15",5153,260,"125,29",Наличные,"578,79","453,5",Мужской,28-06-1992,Научная литература,Квантовая физика,TRUE,"[59.928154, 30.302429]"
00:20:47,2024-09-30 00:00:00,"Ул. Рубинштейна, 24",6432,230,"199,218",Карта,"664,06","464,842",Женский,02-04-1993,Учебники,Алгебра 7 класс,TRUE,"[59.929700, 30.344695]"
06:40:55,2024-09-30 00:00:00,"Ул. Рубинштейна, 24",7033,436,"92,6",Онлайн,"518,19","425,59",Женский,02-09-1974,Путеводители,Италия,TRUE,"[59.929700, 30.344695]"
17:18:58,2024-09-30 00:00:00,"Московский пр., 90",7860,226,"372,06",Карта,"1278,7","906,64",Женский,18-06-1964,Художественная литература,Преступление и наказание,TRUE,"[59.924032, 30.317189]"
09:40:27,2024-09-30 00:00:00,"Московский пр., 90",8157,28,"37,92",Карта,"608,92",571,Женский,30-11-1963,Учебники,География 6 класс,TRUE,"[59.924032, 30.317189]"
18:09:50,2024-09-30 00:00:00,"Гагаринская ул., 12",8869,212,"63,08",Карта,"565,16","502,08",Женский,19-05-1995,Учебники,Химия 9 класс,TRUE,"[59.946153, 30.342916]"
23:05:18,2024-09-30 00:00:00,"Невский пр., 30",9362,438,"178,263",Наличные,"594,21","415,947",Мужской,05-02-1966,Учебники,Алгебра 7 класс,TRUE,"[59.935543, 30.327349]"
12:51:02,2024-10-01 00:00:00,"Гагаринская ул., 12",2748,297,"80,39",Карта,"528,88","448,49",Женский,06-11-1962,Комиксы,Человек-Паук,TRUE,"[59.946153, 30.342916]"
10:04:46,2024-10-01 00:00:00,"Ул. Декабристов, 15",3343,312,"53,63",Наличные,"706,04","652,41",Женский,12-04-1999,Научная литература,Квантовая физика,TRUE,"[59.928154, 30.302429]"
20:14:41,2024-10-01 00:00:00,"Московский пр., 90",4195,5,"167,742",Наличные,"559,14","391,398",Мужской,30-03-1955,Художественная литература,Обломов,TRUE,"[59.924032, 30.317189]"
03:29:11,2024-10-01 00:00:00,"Московский пр., 90",4459,312,"106,38",Онлайн,"994,5","888,12",Женский,12-04-1999,Художественная литература,Обломов,TRUE,"[59.924032, 30.317189]"
22:35:46,2024-10-01 00:00:00,"Ул. Декабристов, 15",5648,46,"232,09",Карта,"1160,44","928,35",Женский,22-08-2000,Комиксы,Флэш,TRUE,"[59.928154, 30.302429]"
21:24:12,2024-10-01 00:00:00,"Московский пр., 90",5855,253,"32,18",Онлайн,"612,99","580,81",Мужской,17-11-1957,Комиксы,Доктор Стрэндж,TRUE,"[59.924032, 30.317189]"
01:55:41,2024-10-01 00:00:00,"Невский пр., 30",6209,482,"265,323",Онлайн,"884,41","619,087",Женский,29-08-1974,Художественная литература,Отцы и дети,TRUE,"[59.935543, 30.327349]"
15:32:25,2024-10-01 00:00:00,"Невский пр., 30",8691,295,"186,46",Онлайн,"711,9","525,44",Женский,24-05-2000,Научная литература,Палеонтология,TRUE,"[59.935543, 30.327349]"
11:11:07,2024-10-01 00:00:00,"Ул. Декабристов, 15",8877,293,"211,284",Наличные,"704,28","492,996",Женский,01-06-1993,Художественная литература,Мастер и Маргарита,TRUE,"[59.928154, 30.302429]"
15:12:33,2024-10-01 00:00:00,"Гагаринская ул., 12",9885,340,"155,394",Онлайн,"517,98","362,586",Женский,02-03-1971,Художественная литература,Мастер и Маргарита,TRUE,"[59.946153, 30.342916]"
08:35:36,2024-10-02 00:00:00,"Ул. Рубинштейна, 24",1394,323,"124,39",Карта,"621,96","497,57",Мужской,16-09-1977,Художественная литература,Отцы и дети,TRUE,"[59.929700, 30.344695]"
08:00:06,2024-10-02 00:00:00,"Ул. Рубинштейна, 24",1658,83,"162,213",Наличные,"540,71","378,497",Женский,24-02-1973,Научная литература,Экономика труда,TRUE,"[59.929700, 30.344695]"
15:58:48,2024-10-02 00:00:00,"Гагаринская ул., 12",2902,66,"54,76",Онлайн,"536,87","482,11",Женский,28-03-1961,Путеводители,Турция,TRUE,"[59.946153, 30.342916]"
09:55:04,2024-10-02 00:00:00,"Московский пр., 90",3103,75,"81,79",Наличные,"700,16","618,37",Мужской,11-08-1997,Комиксы,Доктор Стрэндж,TRUE,"[59.924032, 30.317189]"
01:24:07,2024-10-02 00:00:00,"Московский пр., 90",3762,374,"240,129",Наличные,"800,43","560,301",Мужской,28-06-1975,Путеводители,Мексика,TRUE,"[59.924032, 30.317189]"
15:45:51,2024-10-02 00:00:00,"Ул. Рубинштейна, 24",6259,420,"94,03",Онлайн,"980,7","886,67",Мужской,03-05-1966,Комиксы,Флэш,TRUE,"[59.929700, 30.344695]"
10:16:41,2024-10-02 00:00:00,"Ул. Рубинштейна, 24",7571,153,"62,6",Наличные,"712,45","649,85",Мужской,21-12-1999,Путеводители,Швейцария,TRUE,"[59.929700, 30.344695]"
09:40:43,2024-10-02 00:00:00,"Московский пр., 90",8810,62,"233,679",Наличные,"778,93","545,251",Мужской,01-06-1981,Путеводители,Турция,TRUE,"[59.924032, 30.317189]"
14:58:48,2024-10-02 00:00:00,"Невский пр., 30",9138,115,"61,41",Наличные,"518,19","456,78",Мужской,10-05-1968,Путеводители,Италия,TRUE,"[59.935543, 30.327349]"
00:34:01,2024-10-02 00:00:00,"Московский пр., 90",9667,349,"161,148",Онлайн,"537,16","376,012",Женский,07-05-1983,Научная литература,Палеонтология,TRUE,"[59.924032, 30.317189]"
03:43:26,2024-10-03 00:00:00,"Ул. Рубинштейна, 24",1130,53,"213,96",Наличные,"713,2","499,24",Женский,24-11-1970,Учебники,История России 10 класс,TRUE,"[59.929700, 30.344695]"
20:30:46,2024-10-03 00:00:00,"Гагаринская ул., 12",1201,102,"149,3",Онлайн,"557,69","408,39",Женский,17-07-1978,Учебники,Химия 9 класс,TRUE,"[59.946153, 30.342916]"
02:29:32,2024-10-03 00:00:00,"Ул. Декабристов, 15",1263,307,"72,43",Онлайн,"943,09","870,66",Женский,15-10-1966,Учебники,Алгебра 7 класс,TRUE,"[59.928154, 30.302429]"
01:08:11,2024-10-03 00:00:00,"Невский пр., 30",1352,4,"170,295",Наличные,"567,65","397,355",Женский,19-01-1956,Путеводители,Турция,TRUE,"[59.935543, 30.327349]"
12:14:50,2024-10-03 00:00:00,"Невский пр., 30",1800,485,"162,981",Наличные,"543,27","380,289",Мужской,14-04-1993,Путеводители,Индонезия,TRUE,"[59.935543, 30.327349]"
03:11:56,2024-10-03 00:00:00,"Московский пр., 90",2773,212,"209,71",Онлайн,"1212,61","1002,9",Женский,19-05-1995,Путеводители,Мексика,TRUE,"[59.924032, 30.317189]"
05:53:24,2024-10-03 00:00:00,"Московский пр., 90",4247,32,"100,62",Наличные,"741,58","640,96",Мужской,11-08-1975,Путеводители,Италия,TRUE,"[59.924032, 30.317189]"
04:17:58,2024-10-04 00:00:00,"Гагаринская ул., 12",1776,369,"36,56",Онлайн,"549,07","512,51",Женский,21-03-2001,Путеводители,Мексика,TRUE,"[59.946153, 30.342916]"
04:21:32,2024-10-04 00:00:00,"Ул. Декабристов, 15",2483,103,"353,295",Онлайн,"1177,65","824,355",Женский,09-04-1964,Художественная литература,Лолита,TRUE,"[59.928154, 30.302429]"
23:01:12,2024-10-04 00:00:00,"Ул. Рубинштейна, 24",4100,241,"125,57",Наличные,"538,09","412,52",Женский,28-09-1979,Научная литература,Микробиология,TRUE,"[59.929700, 30.344695]"
19:48:56,2024-10-04 00:00:00,"Ул. Декабристов, 15",4543,360,"148,99",Карта,"744,95","595,96",Женский,21-08-1995,Путеводители,Италия,TRUE,"[59.928154, 30.302429]"
08:56:06,2024-10-04 00:00:00,"Ул. Декабристов, 15",5954,445,"58,61",Онлайн,"585,86","527,25",Мужской,17-04-1956,Художественная литература,Лолита,TRUE,"[59.928154, 30.302429]"
00:37:37,2024-10-04 00:00:00,"Ул. Декабристов, 15",7355,11,"166,587",Онлайн,"555,29","388,703",Женский,26-02-1962,Научная литература,Экономика труда,TRUE,"[59.928154, 30.302429]"
17:44:11,2024-10-04 00:00:00,"Гагаринская ул., 12",7966,363,"115,84",Карта,"688,38","572,54",Женский,19-11-1998,Художественная литература,Мастер и Маргарита,TRUE,"[59.946153, 30.342916]"
02:21:38,2024-10-05 00:00:00,"Невский пр., 30",1862,210,"177,41",Онлайн,"856,39","678,98",Мужской,29-11-1957,Учебники,Физика 8 класс,TRUE,"[59.935543, 30.327349]"
21:13:49,2024-10-05 00:00:00,"Ул. Декабристов, 15",2149,361,"123,26",Карта,"568,67","445,41",Мужской,15-06-1972,Художественная литература,Преступление и наказание,TRUE,"[59.928154, 30.302429]"
20:21:46,2024-10-05 00:00:00,"Гагаринская ул., 12",2844,232,"168,375",Онлайн,"561,25","392,875",Мужской,16-05-1998,Научная литература,Философия науки,TRUE,"[59.946153, 30.342916]"
18:42:49,2024-10-05 00:00:00,"Московский пр., 90",4374,32,"152,274",Онлайн,"507,58","355,306",Мужской,11-08-1975,Комиксы,Человек-Паук,TRUE,"[59.924032, 30.317189]"
13:40:58,2024-10-05 00:00:00,"Московский пр., 90",4894,312,"182,922",Карта,"609,74","426,818",Женский,12-04-1999,Учебники,Химия 9 класс,TRUE,"[59.924032, 30.317189]"
13:25:22,2024-10-05 00:00:00,"Ул. Декабристов, 15",8402,249,"111,81",Наличные,"555,51","443,7",Мужской,13-07-1962,Учебники,Алгебра 7 класс,TRUE,"[59.928154, 30.302429]"
08:21:51,2024-10-05 00:00:00,"Ул. Рубинштейна, 24",9199,308,"48,67",Онлайн,"954,32","905,65",Мужской,01-04-1972,Путеводители,Швейцария,TRUE,"[59.929700, 30.344695]"
08:18:32,2024-10-06 00:00:00,"Ул. Декабристов, 15",1066,287,"224,514",Карта,"748,38","523,866",Женский,03-12-1982,Комиксы,Человек-Паук,TRUE,"[59.928154, 30.302429]"
07:51:49,2024-10-06 00:00:00,"Невский пр., 30",4826,324,"204,14",Наличные,"704,28","500,14",Женский,15-08-1975,Художественная литература,Мастер и Маргарита,TRUE,"[59.935543, 30.327349]"
16:00:49,2024-10-06 00:00:00,"Ул. Рубинштейна, 24",5601,225,"75,39",Наличные,"750,64","675,25",Женский,25-01-1991,Художественная литература,Лолита,TRUE,"[59.929700, 30.344695]"
17:29:25,2024-10-06 00:00:00,"Ул. Декабристов, 15",6581,297,"99,39",Карта,"594,21","494,82",Женский,06-11-1962,Учебники,Алгебра 7 класс,TRUE,"[59.928154, 30.302429]"
03:17:31,2024-10-06 00:00:00,"Московский пр., 90",7039,157,"151,65",Наличные,"517,15","365,5",Мужской,11-04-1956,Учебники,Химия 9 класс,TRUE,"[59.924032, 30.317189]"
20:30:28,2024-10-06 00:00:00,"Ул. Рубинштейна, 24",8363,425,"232,8",Карта,"958,04","725,24",Женский,24-04-2002,Путеводители,Индонезия,TRUE,"[59.929700, 30.344695]"
14:52:52,2024-10-06 00:00:00,"Невский пр., 30",8500,161,"59,37",Наличные,"541,43","482,06",Мужской,13-01-1976,Художественная литература,Обломов,TRUE,"[59.935543, 30.327349]"
09:15:08,2024-10-07 00:00:00,"Московский пр., 90",1119,362,"154,614",Наличные,"515,38","360,766",Мужской,15-12-1999,Путеводители,Индонезия,TRUE,"[59.924032, 30.317189]"
20:39:09,2024-10-07 00:00:00,"Ул. Рубинштейна, 24",1302,228,"164,721",Наличные,"549,07","384,349",Мужской,03-02-1967,Путеводители,Мексика,TRUE,"[59.929700, 30.344695]"
22:29:21,2024-10-07 00:00:00,"Ул. Рубинштейна, 24",2377,403,"210,273",Карта,"700,91","490,637",Мужской,31-12-1984,Научная литература,Квантовая физика,TRUE,"[59.929700, 30.344695]"
10:41:34,2024-10-07 00:00:00,"Ул. Рубинштейна, 24",2445,102,"87,51",Онлайн,"857,86","770,35",Женский,17-07-1978,Научная литература,Микробиология,TRUE,"[59.929700, 30.344695]"
17:44:38,2024-10-07 00:00:00,"Ул. Рубинштейна, 24",2880,409,"99,1",Онлайн,"711,9","612,8",Женский,15-06-1968,Научная литература,Палеонтология,TRUE,"[59.929700, 30.344695]"
18:50:18,2024-10-07 00:00:00,"Ул. Рубинштейна, 24",3545,229,"162,063",Наличные,"540,21","378,147",Женский,07-10-1978,Учебники,Физика 8 класс,TRUE,"[59.929700, 30.344695]"
14:23:30,2024-10-07 00:00:00,"Московский пр., 90",4343,407,"277,46",Онлайн,"980,26","702,8",Женский,11-05-1984,Комиксы,Бэтмен,TRUE,"[59.924032, 30.317189]"
02:14:42,2024-10-07 00:00:00,"Невский пр., 30",4521,235,"174,969",Наличные,"583,23","408,261",Мужской,23-02-2004,Научная литература,Микробиология,TRUE,"[59.935543, 30.327349]"
03:29:45,2024-10-07 00:00:00,"Гагаринская ул., 12",4709,254,"135,76",Карта,"526,77","391,01",Мужской,09-05-1975,Научная литература,Философия науки,TRUE,"[59.946153, 30.342916]"
12:03:35,2024-10-07 00:00:00,"Невский пр., 30",6298,111,"164,829",Карта,"549,43","384,601",Мужской,06-08-1975,Учебники,История России 10 класс,TRUE,"[59.935543, 30.327349]"
17:11:00,2024-10-07 00:00:00,"Ул. Декабристов, 15",9593,433,"135,88",Карта,"668,24","532,36",Мужской,12-11-1992,Путеводители,Италия,TRUE,"[59.928154, 30.302429]"
19:55:10,2024-10-08 00:00:00,"Невский пр., 30",1221,17,"60,33",Наличные,"704,28","643,95",Мужской,27-12-1962,Художественная литература,Мастер и Маргарита,TRUE,"[59.935543, 30.327349]"
11:17:24,2024-10-08 00:00:00,"Ул. Рубинштейна, 24",2012,290,"160,36",Карта,"612,99","452,63",Мужской,19-03-1998,Комиксы,Доктор Стрэндж,TRUE,"[59.929700, 30.344695]"
14:00:41,2024-10-08 00:00:00,"Ул. Декабристов, 15",2761,108,"234,381",Карта,"781,27","546,889",Мужской,25-09-1999,Учебники,Химия 9 класс,TRUE,"[59.928154, 30.302429]"
10:21:30,2024-10-08 00:00:00,"Ул. Декабристов, 15",3385,453,"66,01",Карта,"506,81","440,8",Женский,05-08-1986,Научная литература,Микробиология,TRUE,"[59.928154, 30.302429]"
03:32:00,2024-10-08 00:00:00,"Невский пр., 30",3661,367,"82,99",Наличные,"512,1","429,11",Мужской,15-09-1994,Учебники,Алгебра 7 класс,TRUE,"[59.935543, 30.327349]"
18:48:01,2024-10-08 00:00:00,"Невский пр., 30",6110,53,"93,76",Карта,"668,63","574,87",Женский,24-11-1970,Художественная литература,Обломов,TRUE,"[59.935543, 30.327349]"
18:49:59,2024-10-08 00:00:00,"Гагаринская ул., 12",6797,233,"183,897",Карта,"612,99","429,093",Мужской,09-11-1992,Комиксы,Доктор Стрэндж,TRUE,"[59.946153, 30.342916]"
13:35:39,2024-10-08 00:00:00,"Ул. Декабристов, 15",7213,362,"203,07",Наличные,"676,9","473,83",Мужской,15-12-1999,Путеводители,Швейцария,TRUE,"[59.928154, 30.302429]"
00:23:29,2024-10-08 00:00:00,"Московский пр., 90",7407,313,"70,41",Карта,"532,9","462,49",Женский,11-09-2001,Художественная литература,Преступление и наказание,TRUE,"[59.924032, 30.317189]"
14:55:38,2024-10-08 00:00:00,"Московский пр., 90",7504,314,"169,548",Карта,"565,16","395,612",Женский,17-09-1955,Учебники,Химия 9 класс,TRUE,"[59.924032, 30.317189]"
23:55:11,2024-10-08 00:00:00,"Ул. Декабристов, 15",8234,125,"56,57",Карта,"578,34","521,77",Женский,03-03-1994,Путеводители,Мексика,TRUE,"[59.928154, 30.302429]"
02:20:56,2024-10-09 00:00:00,"Ул. Декабристов, 15",1376,142,"227,649",Карта,"758,83","531,181",Мужской,09-11-1980,Научная литература,Философия науки,TRUE,"[59.928154, 30.302429]"
10:49:23,2024-10-09 00:00:00,"Московский пр., 90",1938,47,"51,73",Онлайн,"555,57","503,84",Женский,03-08-1977,Путеводители,Мексика,TRUE,"[59.924032, 30.317189]"
04:31:19,2024-10-09 00:00:00,"Невский пр., 30",2659,62,"63,8",Карта,"557,45","493,65",Мужской,01-06-1981,Учебники,Физика 8 класс,TRUE,"[59.935543, 30.327349]"
09:57:42,2024-10-09 00:00:00,"Гагаринская ул., 12",4037,167,"153,249",Онлайн,"510,83","357,581",Женский,13-02-1978,Художественная литература,Лолита,TRUE,"[59.946153, 30.342916]"
22:05:08,2024-10-09 00:00:00,"Невский пр., 30",4563,436,"152,304",Карта,"507,68","355,376",Женский,02-09-1974,Комиксы,Человек-Паук,TRUE,"[59.935543, 30.327349]"
19:43:56,2024-10-09 00:00:00,"Невский пр., 30",4741,56,"204,714",Карта,"682,38","477,666",Женский,12-09-1959,Комиксы,Человек-Паук,TRUE,"[59.935543, 30.327349]"
00:53:21,2024-10-09 00:00:00,"Ул. Рубинштейна, 24",5906,89,"130,42",Онлайн,"518,09","387,67",Мужской,02-03-1970,Научная литература,Микробиология,TRUE,"[59.929700, 30.344695]"
08:08:59,2024-10-09 00:00:00,"Ул. Декабристов, 15",6171,308,"210,525",Наличные,"701,75","491,225",Мужской,01-04-1972,Научная литература,Палеонтология,TRUE,"[59.928154, 30.302429]"
16:46:49,2024-10-09 00:00:00,"Московский пр., 90",6584,294,"152,976",Наличные,"509,92","356,944",Женский,09-04-2002,Художественная литература,Преступление и наказание,TRUE,"[59.924032, 30.317189]"
13:43:19,2024-10-09 00:00:00,"Московский пр., 90",7556,248,"105,8",Онлайн,"523,33","417,53",Женский,02-10-1964,Путеводители,Мексика,TRUE,"[59.924032, 30.317189]"
04:17:06,2024-10-09 00:00:00,"Ул. Декабристов, 15",8385,102,"212,313",Карта,"707,71","495,397",Женский,17-07-1978,Научная литература,Экономика труда,TRUE,"[59.928154, 30.302429]"
23:04:44,2024-10-10 00:00:00,"Гагаринская ул., 12",1683,323,"64,97",Онлайн,"542,63","477,66",Мужской,16-09-1977,Художественная литература,Отцы и дети,TRUE,"[59.946153, 30.342916]"
10:15:22,2024-10-10 00:00:00,"Ул. Декабристов, 15",3360,310,"32,75",Онлайн,"523,71","490,96",Женский,27-03-1977,Учебники,География 6 класс,TRUE,"[59.928154, 30.302429]"
19:10:00,2024-10-10 00:00:00,"Московский пр., 90",5416,158,"162,981",Онлайн,"543,27","380,289",Женский,05-03-1973,Путеводители,Индонезия,TRUE,"[59.924032, 30.317189]"
21:42:32,2024-10-10 00:00:00,"Невский пр., 30",5466,473,"160,083",Онлайн,"533,61","373,527",Мужской,23-09-1954,Комиксы,Супермен,TRUE,"[59.935543, 30.327349]"
19:05:39,2024-10-10 00:00:00,"Ул. Рубинштейна, 24",5578,64,"177,51",Карта,"954,32","776,81",Мужской,03-01-1997,Путеводители,Швейцария,TRUE,"[59.929700, 30.344695]"
13:13:24,2024-10-10 00:00:00,"Гагаринская ул., 12",5827,421,"162,429",Наличные,"541,43","379,001",Женский,04-03-1986,Художественная литература,Обломов,TRUE,"[59.946153, 30.342916]"
12:36:01,2024-10-10 00:00:00,"Невский пр., 30",6604,345,"240,33",Карта,"1177,86","937,53",Женский,17-02-2004,Научная литература,Экономика труда,TRUE,"[59.935543, 30.327349]"
07:13:12,2024-10-10 00:00:00,"Гагаринская ул., 12",7268,481,"159,012",Наличные,"530,04","371,028",Женский,25-02-1988,Комиксы,Доктор Стрэндж,TRUE,"[59.946153, 30.342916]"
20:41:33,2024-10-10 00:00:00,"Гагаринская ул., 12",7673,214,"196,398",Карта,"654,66","458,262",Мужской,08-06-1978,Научная литература,Микробиология,TRUE,"[59.946153, 30.342916]"
12:30:25,2024-10-10 00:00:00,"Ул. Декабристов, 15",8449,334,"194,148",Карта,"647,16","453,012",Мужской,08-06-1961,Учебники,История России 10 класс,TRUE,"[59.928154, 30.302429]"
17:53:31,2024-10-11 00:00:00,"Ул. Рубинштейна, 24",1006,389,"193,36",Карта,"856,72","663,36",Мужской,13-02-1984,Комиксы,Супермен,TRUE,"[59.929700, 30.344695]"
04:49:21,2024-10-11 00:00:00,"Гагаринская ул., 12",1476,70,"44,25",Онлайн,"510,14","465,89",Женский,03-09-1971,Комиксы,Доктор Стрэндж,TRUE,"[59.946153, 30.342916]"
16:49:02,2024-10-11 00:00:00,"Гагаринская ул., 12",1655,453,"161,148",Наличные,"537,16","376,012",Женский,05-08-1986,Научная литература,Палеонтология,TRUE,"[59.946153, 30.342916]"
00:07:31,2024-10-11 00:00:00,"Ул. Рубинштейна, 24",2641,149,"240,984",Карта,"803,28","562,296",Мужской,14-06-1984,Комиксы,Бэтмен,TRUE,"[59.929700, 30.344695]"
12:12:16,2024-10-11 00:00:00,"Невский пр., 30",3580,327,"230,286",Наличные,"767,62","537,334",Женский,17-02-1985,Учебники,Химия 9 класс,TRUE,"[59.935543, 30.327349]"
21:51:03,2024-10-11 00:00:00,"Московский пр., 90",5109,406,"121,96",Карта,"532,9","410,94",Мужской,01-12-1966,Художественная литература,Преступление и наказание,TRUE,"[59.924032, 30.317189]"
04:55:02,2024-10-11 00:00:00,"Ул. Декабристов, 15",5218,395,"183,468",Карта,"611,56","428,092",Женский,18-05-2004,Комиксы,Супермен,TRUE,"[59.928154, 30.302429]"
13:38:01,2024-10-11 00:00:00,"Ул. Рубинштейна, 24",5653,76,"156,999",Наличные,"523,33","366,331",Женский,19-01-1958,Путеводители,Мексика,TRUE,"[59.929700, 30.344695]"
20:07:14,2024-10-11 00:00:00,"Невский пр., 30",7908,350,"82,85",Карта,"578,79","495,94",Мужской,16-05-1983,Научная литература,Квантовая физика,TRUE,"[59.935543, 30.327349]"
04:45:36,2024-10-11 00:00:00,"Гагаринская ул., 12",9723,6,"153,249",Карта,"510,83","357,581",Мужской,06-09-1969,Художественная литература,Лолита,TRUE,"[59.946153, 30.342916]"
05:53:19,2024-10-12 00:00:00,"Ул. Рубинштейна, 24",1647,418,"156,261",Карта,"520,87","364,609",Мужской,04-02-1965,Научная литература,Экономика труда,TRUE,"[59.929700, 30.344695]"
03:38:57,2024-10-12 00:00:00,"Московский пр., 90",3488,215,"90,85",Онлайн,"562,48","471,63",Мужской,07-10-1974,Путеводители,Италия,TRUE,"[59.924032, 30.317189]"
09:32:18,2024-10-12 00:00:00,"Московский пр., 90",4178,106,"152,304",Карта,"507,68","355,376",Женский,02-08-1973,Комиксы,Человек-Паук,TRUE,"[59.924032, 30.317189]"
04:06:56,2024-10-12 00:00:00,"Гагаринская ул., 12",6537,86,"175,758",Карта,"585,86","410,102",Женский,16-12-1955,Художественная литература,Лолита,TRUE,"[59.946153, 30.342916]"
15:49:00,2024-10-12 00:00:00,"Невский пр., 30",8494,23,"69,21",Онлайн,"678,51","609,3",Женский,17-11-1986,Комиксы,Флэш,TRUE,"[59.935543, 30.327349]"
11:33:12,2024-10-12 00:00:00,"Ул. Рубинштейна, 24",9181,298,"194,484",Карта,"648,28","453,796",Женский,18-04-1969,Научная литература,Микробиология,TRUE,"[59.929700, 30.344695]"
02:57:25,2024-10-13 00:00:00,"Московский пр., 90",1531,383,"178,941",Карта,"596,47","417,529",Мужской,10-12-1961,Научная литература,Квантовая физика,TRUE,"[59.924032, 30.317189]"
04:39:53,2024-10-13 00:00:00,"Ул. Рубинштейна, 24",2686,390,"170,601",Карта,"568,67","398,069",Женский,18-09-1975,Художественная литература,Преступление и наказание,TRUE,"[59.929700, 30.344695]"
07:55:34,2024-10-13 00:00:00,"Московский пр., 90",3896,466,"256,917",Онлайн,"856,39","599,473",Мужской,10-05-1976,Учебники,Физика 8 класс,TRUE,"[59.924032, 30.317189]"
02:23:17,2024-10-13 00:00:00,"Невский пр., 30",7137,294,"157,113",Наличные,"523,71","366,597",Женский,09-04-2002,Учебники,География 6 класс,TRUE,"[59.935543, 30.327349]"
10:39:10,2024-10-13 00:00:00,"Гагаринская ул., 12",7363,78,"216,14",Онлайн,"731,94","515,8",Мужской,21-09-1955,Художественная литература,Лолита,TRUE,"[59.946153, 30.342916]"
20:53:45,2024-10-13 00:00:00,"Ул. Декабристов, 15",8099,277,"213,57",Наличные,"711,9","498,33",Мужской,07-04-1972,Научная литература,Палеонтология,TRUE,"[59.928154, 30.302429]"
21:15:02,2024-10-13 00:00:00,"Московский пр., 90",8181,76,"67,93",Онлайн,"701,75","633,82",Женский,19-01-1958,Научная литература,Палеонтология,TRUE,"[59.924032, 30.317189]"
09:02:34,2024-10-14 00:00:00,"Ул. Рубинштейна, 24",2332,306,"151,632",Наличные,"505,44","353,808",Мужской,05-01-1961,Научная литература,Философия науки,TRUE,"[59.929700, 30.344695]"
23:09:19,2024-10-14 00:00:00,"Ул. Декабристов, 15",3868,52,"170,295",Карта,"567,65","397,355",Мужской,12-01-2000,Путеводители,Турция,TRUE,"[59.928154, 30.302429]"
11:56:04,2024-10-14 00:00:00,"Московский пр., 90",4733,125,"190,062",Карта,"633,54","443,478",Женский,03-03-1994,Учебники,Алгебра 7 класс,TRUE,"[59.924032, 30.317189]"
09:38:41,2024-10-14 00:00:00,"Ул. Декабристов, 15",6693,62,"112,33",Карта,"606,44","494,11",Мужской,01-06-1981,Путеводители,Италия,TRUE,"[59.928154, 30.302429]"
05:01:07,2024-10-14 00:00:00,"Гагаринская ул., 12",6849,239,"124,29",Онлайн,"676,9","552,61",Женский,20-02-2001,Путеводители,Швейцария,TRUE,"[59.946153, 30.342916]"
03:33:52,2024-10-14 00:00:00,"Невский пр., 30",7206,425,"177,38",Онлайн,"606,44","429,06",Женский,24-04-2002,Путеводители,Италия,TRUE,"[59.935543, 30.327349]"
14:10:01,2024-10-15 00:00:00,"Ул. Декабристов, 15",2932,215,"199,74",Наличные,"665,8","466,06",Мужской,07-10-1974,Путеводители,Турция,TRUE,"[59.928154, 30.302429]"
17:24:42,2024-10-15 00:00:00,"Невский пр., 30",3576,360,"179,778",Онлайн,"599,26","419,482",Женский,21-08-1995,Путеводители,Индонезия,TRUE,"[59.935543, 30.327349]"
07:27:30,2024-10-15 00:00:00,"Ул. Декабристов, 15",4845,495,"189,153",Карта,"630,51","441,357",Мужской,03-01-2003,Путеводители,Швейцария,TRUE,"[59.928154, 30.302429]"
00:53:50,2024-10-15 00:00:00,"Невский пр., 30",5024,95,"118,81",Наличные,"1060,35","941,54",Женский,27-07-1986,Учебники,История России 10 класс,TRUE,"[59.935543, 30.327349]"
04:24:13,2024-10-15 00:00:00,"Московский пр., 90",6636,416,"51,05",Онлайн,"637,73","586,68",Мужской,09-12-1965,Учебники,Физика 8 класс,TRUE,"[59.924032, 30.317189]"
11:45:11,2024-10-15 00:00:00,"Ул. Рубинштейна, 24",7460,103,"151,008",Наличные,"503,36","352,352",Женский,09-04-1964,Художественная литература,Преступление и наказание,TRUE,"[59.929700, 30.344695]"
00:47:18,2024-10-15 00:00:00,"Ул. Декабристов, 15",7472,8,"98,4",Карта,"676,9","578,5",Женский,30-08-1982,Путеводители,Швейцария,TRUE,"[59.928154, 30.302429]"
01:07:32,2024-10-15 00:00:00,"Невский пр., 30",7724,226,"175,083",Карта,"583,61","408,527",Женский,18-06-1964,Комиксы,Супермен,TRUE,"[59.935543, 30.327349]"
17:00:56,2024-10-15 00:00:00,"Невский пр., 30",8081,211,"173,36",Онлайн,"748,38","575,02",Женский,29-12-1964,Комиксы,Человек-Паук,TRUE,"[59.935543, 30.327349]"
04:14:54,2024-10-16 00:00:00,"Невский пр., 30",2116,180,"188,553",Карта,"628,51","439,957",Женский,29-11-1978,Путеводители,Индонезия,TRUE,"[59.935543, 30.327349]"
07:43:10,2024-10-16 00:00:00,"Гагаринская ул., 12",3821,212,"175,083",Карта,"583,61","408,527",Женский,19-05-1995,Комиксы,Супермен,TRUE,"[59.946153, 30.342916]"
00:00:53,2024-10-16 00:00:00,"Ул. Рубинштейна, 24",5519,350,"27,34",Онлайн,"520,7","493,36",Мужской,16-05-1983,Научная литература,Квантовая физика,TRUE,"[59.929700, 30.344695]"
19:56:31,2024-10-16 00:00:00,"Невский пр., 30",7263,447,"173,502",Наличные,"578,34","404,838",Мужской,21-01-1992,Путеводители,Мексика,TRUE,"[59.935543, 30.327349]"
13:46:42,2024-10-16 00:00:00,"Гагаринская ул., 12",8820,375,"229,023",Карта,"763,41","534,387",Мужской,17-06-1958,Научная литература,Квантовая физика,TRUE,"[59.946153, 30.342916]"
03:34:24,2024-10-17 00:00:00,"Невский пр., 30",2378,362,"215,16",Онлайн,"717,2","502,04",Мужской,15-12-1999,Комиксы,Супермен,TRUE,"[59.935543, 30.327349]"
11:38:15,2024-10-17 00:00:00,"Московский пр., 90",2447,153,"150,83",Карта,"872,18","721,35",Мужской,21-12-1999,Учебники,География 6 класс,TRUE,"[59.924032, 30.317189]"
22:49:28,2024-10-17 00:00:00,"Невский пр., 30",3187,153,"171,726",Наличные,"572,42","400,694",Мужской,21-12-1999,Художественная литература,Отцы и дети,TRUE,"[59.935543, 30.327349]"
09:59:34,2024-10-17 00:00:00,"Московский пр., 90",4770,226,"177,618",Карта,"592,06","414,442",Женский,18-06-1964,Путеводители,Италия,TRUE,"[59.924032, 30.317189]"
01:22:56,2024-10-17 00:00:00,"Ул. Декабристов, 15",5850,106,84,Онлайн,"511,76","427,76",Женский,02-08-1973,Художественная литература,Преступление и наказание,TRUE,"[59.928154, 30.302429]"
15:30:57,2024-10-17 00:00:00,"Московский пр., 90",8411,164,"153,75",Карта,"512,5","358,75",Женский,09-11-1957,Научная литература,Микробиология,TRUE,"[59.924032, 30.317189]"
15:38:04,2024-10-17 00:00:00,"Ул. Декабристов, 15",8481,37,"62,44",Карта,"711,9","649,46",Женский,31-07-1980,Научная литература,Палеонтология,TRUE,"[59.928154, 30.302429]"
22:47:13,2024-10-18 00:00:00,"Невский пр., 30",2759,161,"156,25",Наличные,"781,27","625,02",Мужской,13-01-1976,Учебники,Химия 9 класс,TRUE,"[59.935543, 30.327349]"
04:01:49,2024-10-18 00:00:00,"Московский пр., 90",3331,82,"210,258",Карта,"700,86","490,602",Женский,04-11-1967,Комиксы,Флэш,TRUE,"[59.924032, 30.317189]"
16:18:25,2024-10-18 00:00:00,"Ул. Рубинштейна, 24",5323,406,"85,35",Наличные,"620,05","534,7",Мужской,01-12-1966,Научная литература,Микробиология,TRUE,"[59.929700, 30.344695]"
17:11:36,2024-10-18 00:00:00,"Ул. Рубинштейна, 24",7129,244,"158,664",Наличные,"528,88","370,216",Женский,18-05-1970,Комиксы,Человек-Паук,TRUE,"[59.929700, 30.344695]"
13:14:35,2024-10-18 00:00:00,"Ул. Рубинштейна, 24",8032,469,"207,17",Карта,"741,58","534,41",Женский,05-03-1962,Путеводители,Италия,TRUE,"[59.929700, 30.344695]"
21:36:36,2024-10-18 00:00:00,"Ул. Рубинштейна, 24",8537,30,"189,468",Онлайн,"631,56","442,092",Мужской,08-10-1984,Путеводители,Индонезия,TRUE,"[59.929700, 30.344695]"